Facility,Street Address,City,Zip Code,Phone,ED Email,Title of Respondent,ALR Tax Status,Housing Affordability Restrictions,Number of Executive Directors,Number of Resident Care Directors,Traditional Units Number of Certified Traditional Units,SCR Units Number of Certified SCR Units,Number of SCRs,SCR Type 1,SCR Type 2,SCR Type 3,SCR Type 4,Contracted Agency Staff,Contracted Staff Hours January,Contracted Staff January LPN,Contracted Staff January RN,Contract Staff January PCA,Contracted Staff January Other,Contracted Staff Hours February,Contracted Staff February LPN,Contracted Staff February RN,Contracted Staff February PCA,Contracted Staff February Other,Contracted Staff Hours March,Contracted Staff March LPN,Contracted Staff March RN,Contracted Staff March PCA,Contracted Staff March Other,Contracted Staff Hours April,Contracted Staff April LPN,Contracted Staff April RN,Contracted Staff April PCA,Contracted Staff April Other,Contracted Staff Hours May,Contracted Staff May LPN,Contracted Staff May Other,Contracted Staff Hours June,Contracted Staff June LPN,Contracted Staff June RN,Contracted Staff June PCA,Contracted Staff June Other,Contracted Staff Hours July,Contracted Staff July LPN,Contracted Staff July RN,Contracted Staff July PCA,Contracted Staff July Other,Contracted Staff Hours August,Contracted Staff August LPN,Contracted Staff August RN,Contracted Staff August PCA,Contracted Staff August Other,Contracted Staff Hours September,Contracted Staff September LPN,Contracted Staff September RN,Contracted Staff September PCA,Contracted Staff September Other,Contracted Staff Hours October,Contracted Staff October LPN,Contracted Staff October RN,Contracted Staff October PCA,Contracted Staff October Other,Contracted Staff Hours November,Contracted Staff November LPN,Contracted Staff November RN,Contracted Staff November PCA,Contracted Staff November Other,Contracted Staff Hours December,Contracted Staff December LPN,Contracted Staff December RN,Contracted Staff December PCA,Contracted Staff December Other,Traditional Unit Residents Less than 50 Years old-Men,Traditional Unit Residents Less than 50 Years Old Women,Traditional Unit Residents Less Than 50 Years Old Other,Traditional Unit Residents 50-59 Years Old Men,Traditional Unit Residents 50-59 Years Old Women,Traditional Unit Residents 50-59 Years Old Other,Traditional Unit Residents 60-69 Years Old Men,Traditional Unit Residents 60-69 Years Old Women,Traditional Unit Residents 60-69 Years Old Other,Traditional Unit Residents 70-79 Years Old Men,Traditional Unit Residents 70-79 Years Old Women,Traditional Unit Residents 70-79 Years Old Other,Traditional Unit Residents 80-89 Years Old Men,Traditional Unit Residents 80-89 Years Old Women,Traditional Unit Residents 80-89 Years Old Other,Traditional Unit Residents 90-99 Years Old Men,Traditional Unit Residents 90-99 Years Old Women,Traditional Unit Residents 90-99 Years Old Other,Traditional Unit Residents 100+ Years Old Men,Traditional Unit Residents 100+ Years Old Women,Traditional Unit Residents 100+ Years Old Other,Traditional Unit Residents Total,SCR Unit Residents Less than 50 Years Old Men,SCR Unit Residents Less than 50 years old Women,SCR Unit Residents Less than 50 years old Other,SCR Unit Residents 50-59 years old Men,SCR Unit Residents 50-59 years old Women,SCR Unit Residents 50-59 Other,SCR Unit Residents 60-69 Men,SCR Unit Residents 60-69 Women,SCR Unit Residents 60-69 Other,SCR Unit Residents 70-79 Men,SCR Unit Residents 70-79 Women,SCR Unit Residents 70-79 Other,SCR Unit Residents 80-89 Men,SCR Unit Residents 80-89 Women,SCR Unit Residents 80-89 Other,SCR Unit Residents 90-99 Men,SCR Unit Residents 90-99 Women,SCR Unit Residents 90-99 Other,SCR Unit Residents 100+ Men,SCR Unit Residents 100+ Women,SCR Unit Residents 100+ Other,SCR Unit Residents Total,Total Number of Residents January,Total Number of Residents February,Total Number of Residents March,Total Number of Residents April,Total Number of Residents May,Total Number of Residents June,Total Number of Residents July,Total Number of Residents August,Total Number of Residents September,Total Number of Residents October,Total Number of Residents November,Total Number of Residents December,Total Units Occupied January,Total Units Occupied February,Total Units Occupied March,Total Units Occupied April,Total Units Occupied May,Total Units Occupied June,Total Units Occupied July,Total Units Occupied August,Total Units Occupied September,Total Units Occupied October,Total Units Occupied November,Total Units Occupied December,Traditional Units Occupied with unrelated residents,SCR Units Occupied with unrelated residents,Resident Race-American Indian or Native Alaskan,Resident Race-Asian,Resident Race-Black or African-American,Resident Race-Native Hawaiian or Other Pacific Islander,Resident Race-White,Resident Race-Other,Resident Race-Unknown,Total # of Residents of All Races,Total # of Residents,Resident Ethnicity-Hispanic or Latino,Resident Ethnicity-Not Hispanic or Latino,Resident Ethnicity-Other/Multiethnic,Resident Ethnicity-Unknown,Number of Traditional Residents with Alzheimer's Disease or Related Dementia,Number of SCR Residents with Alzheimer's Disease or Related Dementia,Number of Traditional Residents with Health Care Proxy,Number of Traditional Residents with MOLST (Medical Orders for Life-Sustaining Treatments),Number of Traditional Residents with POLST (Physician Orders for Life-Sustaining Treatments),Number of Traditional Residents with Guardianship,Number of SCR Reidents with Health Care Proxy,Number of SCR Residents with MOLST,Number of SCR Residents with POLST,Number of SCR Residents with Guardianship,Number of Traditional Residents with HCP invoked,Number of SCR Residents with HCP invoked,Traditional Residents that participated in GAFC (Group Adult Foster Care),SCR Residents that partificated in GAFC,Traditional Residents that participated in SCO (Senior Care Options),SCR Residents that participated in SCO,Traditional Residents that participated in PACE (Program for All-Inclusive Care for the Elderly),SCR Residents that participated in PACE,Traditional Residents that participated in One Care Plan,SCR Residents that participated in One Care Plan,Traditional Residents that received Section 8,SCR Residents that received Section 8,Traditional Residents that received MRVP (MA Rental Voucher Program),SCR Residents that received MRVP,Did ALR offer LMA (Limited Medication Assistance),Total Number of Residents that received LMA in January,Total Number of Residents that received LMA in February,Total Number of residents that received LMA in March,Total Number of Residents that received LMA in April,Total Number of residents that received LMA in May,Total Number of residents that received LMA in June,Total Number of residents that received LMA in July,Total Number of residents that received LMA in August,Total Number of residents that received LMA in September,Total Number of residents that receied LMA in October,Total Number of residents that received LMA in November,Total Number of residents that received LMA in December,Number of Traditional Residents receiving SAMM only,Number of SCR Residents receiving SAMM only,Number of Traditional Residents receiving LMA (Limited Medication Administration) only,Number of SCR Residents receiving LMA only,Number of Traditional Residents receiving both SAMM & LMA,Number of SCR Residents receiving both SAMM & LMA,Number of Traditional Residents receiving no medication assistance,Number of SCR residents receiving no medication assistance,Did ALR provide Skilled Care,Residents received skilled care January,Residents received skilled care February,Residents received skilled care March,Residents received skilled care April,Residents received skilled care May,Residents received skilled care June,Residents received skilled care July,Residents received skilled care August,Residents received skilled care September,Residents received skilled care October,Residents received skilled care November,Residents received skilled care December,Residents receiving assistance with bathing,Residents receiving assistance with dressing/undressing,Residents receiving assistance with grooming/hygiene,Residents receiving assistance with ambulation,Residents receiving assistance with eating,Residents receiving assistance with toileting,Residents receiving assistance with 0 ADLs (Activities of Daily Living),Residents receiving assistance with 1 ADL,Residents receiving assistance with 2 ADLs,Residents receiving assistance with 3 ADLs,Residents receiving assistance with 4 ADLs,Residents receiving assistance with 5 ADLs,Residents receiving assistance with 6 ADLs,Total number of residents receiving ADL assistance,Total number of residents,Does ALR have a social daycare program,Did ALR offer residents transportation to routine medical appointments,Did ALR offer residents transportation to shopping,Did ALR offer residents transportation to social events,"Was ALR using EMRs (electronic medial records) as of December 31, 2024",How many individual residents lived in the ALR during 2024,Residents that moved out due to death,Residents that moved out due to death other,Residents that moved to skilled nursing facility other higher level of care,Residents that moved to skilled nursing facility or other higher level of care other,Residents that moved out due to financial/non-payment,Residents that moved out due to financial/non-payment other,Residents that had respite stay concluded,Residents that had respite stay concluded other,Residents that moved to another ALR in MA,Residents that moved to another ALR in MA other,Residents that moved out of state,Residents that moved out of state other,Residents that returned home or to other independent living,Residents that returned home or to other independent living other,Residents that moved out due to behavioral/aggressive,Residents that moved out due to behavioral/aggressive other,Residents that moved out due to other reason 1,Reason Specified,Residents that moved out for other reason 2,Reason specified,Duration of residency less than 3 months,Duration of residency 3-5 months,Duration of residency 6-8 months,Duration of residency 9-11 months,Duration of residency 1 year-1 year 11 months,Duration of residency 2 years - 2 years 11 months,Duration of residency 3 years-3 years 11 months,Duration of residency 4 years - 4 years 11 months,Duration of residency 5 years-5 years 11 months,Duration of residency 6 years - 6 years 11 months,Duration of residency 7 years-7 years 11 months,Duration of residency 8 years-8 years 11 months,Duration of residency 9 years-9 years 11 months,Duration of residency 10 years-14 years 11 months,Duration of residency 15+ years,Less than 3 month duration Move Out reason Death,Less than 3 month duration move out reason death other,Less than 3 month duration moved to skilled nursing facility or other higher level of care,Less than 3 month duration moved to skilled nursing facility or other higher level of care other,Less than 3 months duration moved out due to financial/non-payment,Less than 3 months duration moved out due to financial/non-payment other,Less than 3 months duration respite stay concluded,Less than 3 months duration respite stay concluded other,Less than 3 months duration moved to another ALR in MA,Less than 3 months duration moved to another ALR in MA other,Less than 3 months duration moved out of state,Less than 3 months duration moved out of state other,Less than 3 months duration returned home or to other independent living,Less than 3 months duration moved due to behavioral/aggressive,Less than 3 months duration moved due to behavior/aggressive other,Less than 3 months duration moved due to other reason 1,Less than 3 months duration moved due to other reason 1 specificed,Less than 3 months duration moved due to other reason 2,Less than 3 months duration moved due to other reason 2 specified,Did ALR have video surveillance,Was there a written policy & procedure document on video surveillance,Was there video surveillance coverage for main entrances,Was there video surveillance coverage for other entrances,Was there video surveillance coverage for common areas,Was there video surveillance coverage for hallways throughout the building,Did ALR have backup generator in event of power outage,Traditional Units with Lowest Monthly Fee,SCR Units with Lowest Monthly Fee,Traditional Units with Highest Montly Fee,SCR Units with Highest Monthly Fee,Traditional One Bedroom Lease: Month First Occupied,Traditional One Bedroom Lease: Type of One Bedroom,Traditional One Bedroom Lease: Number of Meals/Day included,Traditional One Bedroom Lease: Hours of Personal Care/Day Included,Traditional One Bedroom Lease: Base Fee,SCR One Bedroom Lease: Month First Occupied,SCR One Bedroom Lease: Type of One Bedroom,SCR One Bedroom Lease: Number of Meals/Day Included,SCR One Bedroom Lease: Hours of Personal Services/Day Included,SCR One Bedroom Lease: Base Fee
Winchester Mount Vernon House,"110 MOUNT VERNON ST, UNIT 101",Winchester,1890,17817290497,wardmtvernon@comcast.net,Executive Director,Not-for-profit,No,1,1,17,0,,,,,,No,,0,0,0,0,,0,0,0,0,,0,0,0,0,,0,0,0,0,,0,0,,0,0,0,0,,0,0,0,0,,0,0,0,0,,0,0,0,0,,0,0,0,0,,0,0,0,0,,0,0,0,0,0,0,0,0,0,0,0,0,0,0,0,0,1,2,0,0,3,0,0,1,0,7,,,,,,,,,,,,,,,,,,,,,,,6,6,6,6,6,6,6,6,6,7,7,7,6,6,6,6,6,6,6,6,6,7,7,7,0,0,0,0,0,0,7,0,0,7,7,0,0,0,7,0,0,7,3,0,0,0,0,0,0,0,0,0,0,0,0,0,0,0,0,0,0,0,0,No,,,,,,,,,,,,,3,0,0,0,0,0,4,0,No,,,,,,,,,,,,,2,1,1,3,0,1,5,1,0,1,0,0,0,7,7,No,,,,No,7,0,,0,,0,,0,,0,,0,,0,,0,,0,,0,,0,0,0,0,0,0,0,0,0,0,0,0,0,0,0,,,,,,,,,,,,,,,,,,,,Yes,No,Yes,Yes,No,No,Yes,1010,0,6160,0,October,one bedroom,3,0,6160,,,,,
Assisted Living Center of Salisbury,19 BEACH RD,SALISBURY,1952,9784639809,accounting@assistedlivingcenter.org,Executive Director,Not-for-profit,Yes,2,2,30,0,,,,,,No,,0,0,0,0,,0,0,0,0,,0,0,0,0,,0,0,0,0,,0,0,,0,0,0,0,,0,0,0,0,,0,0,0,0,,0,0,0,0,,0,0,0,0,,0,0,0,0,,0,0,0,0,0,0,0,0,0,0,1,1,0,2,7,0,3,9,0,1,6,0,0,0,0,30,,,,,,,,,,,,,,,,,,,,,,,25,26,27,28,26,26,26,27,28,29,29,30,25,26,27,28,26,26,26,27,28,29,29,30,0,0,0,0,0,0,29,1,0,30,30,1,29,0,0,9,0,29,29,0,2,0,0,0,0,,,0,0,4,0,11,0,0,0,0,0,0,0,No,,,,,,,,,,,,,28,0,0,0,0,0,2,0,No,,,,,,,,,,,,,7,3,3,0,0,0,0,0,0,0,20,7,3,30,30,No,,,,No,40,1,99 Hospice came in,7,,0,,1,,0,,0,,0,,1,,0,,0,,4,0,1,0,1,3,0,1,0,0,0,0,0,0,0,0,,2,,0,,1,,0,,0,,0,1,,0,,0,,Yes,Yes,Yes,Yes,Yes,Yes,Yes,1100,0,4923,0,January,Studio Apt No Kitchen,3,2,4523,,,,,
Armbrook Village Assisted Living,551 North Road,Westfield,1085,4135680000,jwaniewski@armbrookvillage.com,Executive Director,For-profit,No,1,1,63,25,1,Alzheimer's / Dementia,,,,Yes,69,0,0,1,0,46,0,0,1,1,56,1,0,1,1,71,0,0,1,0,75,0,0,63,0,0,1,1,31,0,0,1,0,0,0,0,0,0,0,0,0,0,0,0,0,0,0,0,28,0,0,1,0,26,0,0,1,1,0,0,0,0,0,0,0,1,0,4,5,0,9,20,0,8,13,1,1,1,0,63,0,0,0,0,0,0,0,0,0,1,4,0,4,8,0,2,4,0,0,0,0,23,85,82,81,83,82,80,85,89,86,88,87,86,80,77,77,80,79,78,82,85,82,82,82,81,0,0,0,0,0,0,0,0,86,86,86,0,0,0,86,20,23,63,0,0,0,22,0,0,1,0,0,0,0,0,0,1,0,0,0,0,0,0,0,Yes,3,3,3,3,3,3,3,3,3,3,3,3,20,39,0,1,2,0,1,0,No,,,,,,,,,,,,,64,61,50,35,26,29,16,6,10,13,17,12,12,86,86,No,Routine Medical Appointments,Shopping,Social Events,Yes,185,20,,19,,0,,8,,2,,0,,7,,0,,0,,0,,21,3,5,1,3,4,8,6,1,1,1,2,0,1,0,3,,5,,0,,8,,0,,3,,2,0,,0,,0,,Yes,Yes,Yes,Yes,Yes,Yes,Yes,5950,8950,8950,10750,January,traditional,3,2,8250,February,studio,3,2,10350
Forestdale Park Assisted Living,341 Forest St,Malden,2148,7813338903,sstarkweather@forestdalepark.com,Executive Director,For-profit,No,1,1,62,23,1,,,,,Yes,168,0,0,1,0,64,0,0,1,0,24,0,0,1,0,32,0,0,1,0,8,0,0,16,0,0,1,0,112,0,0,1,0,24,0,0,1,0,0,0,0,0,0,24,0,0,1,0,144,0,0,1,0,232,0,0,1,0,0,0,0,0,0,0,1,2,0,3,7,2,6,16,4,2,11,3,0,0,0,57,0,0,0,0,0,0,0,0,0,0,5,1,1,7,3,2,4,1,0,0,0,24,75,82,79,78,76,76,77,78,82,83,81,81,72,77,74,71,71,71,72,73,78,79,78,78,0,0,0,0,0,0,0,0,81,81,81,0,0,0,81,15,23,36,20,,0,19,19,,4,0,0,0,0,0,0,4,0,0,0,0,0,0,0,Yes,7,7,7,7,7,7,7,7,7,7,7,7,37,16,0,4,1,2,19,2,No,,,,,,,,,,,,,65,61,48,29,9,39,13,4,6,18,21,17,2,81,81,No,Routine Medical Appointments,Shopping,Social Events,Yes,88,23,,2,,5,,0,,1,,0,,5,,0,,0,,0,,7,4,0,3,7,5,4,4,1,1,0,0,0,0,0,1,,1,,0,,0,,1,,0,,4,0,,0,,0,,Yes,Yes,Yes,Yes,Yes,Yes,Yes,3335,7950,14050,12389,February,Standard,3,0,9250,,,,,
Corcoran House,40 Walnut St,Clinton,1510,9783653600,cmontique@hallkeen.com,Resident Care Director,For-profit,Yes,1,1,42,0,,,,,,No,,0,0,0,0,,0,0,0,0,,0,0,0,0,,0,0,0,0,,0,0,,0,0,0,0,,0,0,0,0,,0,0,0,0,,0,0,0,0,,0,0,0,0,,0,0,0,0,,0,0,0,0,0,0,0,1,1,0,2,3,0,3,5,0,2,16,0,5,4,0,0,1,0,43,,,,,,,,,,,,,,,,,,,,,,,41,41,40,40,41,41,41,41,42,42,41,41,41,41,40,40,41,41,41,41,42,42,41,41,0,0,0,1,0,0,42,0,0,43,43,0,42,1,0,12,0,36,26,0,1,0,0,0,0,5,0,0,0,0,0,20,0,0,0,0,0,0,0,No,,,,,,,,,,,,,34,0,0,0,0,0,9,0,No,,,,,,,,,,,,,30,20,11,0,0,10,11,11,6,12,3,0,0,43,43,No,,Shopping,Social Events,No,2,3,,8,,0,,0,,0,,0,,1,,0,,0,,0,,0,1,0,0,3,4,1,1,1,0,0,0,0,0,1,,,,,,,,,,,,,,,,,,,,Yes,Yes,Yes,Yes,Yes,No,No,3215,0,7008,0,0,0,0,0,0,0,0,0,0,0
Waterstone at Lexington,53 Watertown Street,Lexington,2421,781-515-0540,fkelly@waterstonesl.com,Executive Director,For-profit,No,1,1,40,0,,,,,,No,,0,0,0,0,,0,0,0,0,,0,0,0,0,,0,0,0,0,,0,0,,0,0,0,0,,0,0,0,0,,0,0,0,0,,0,0,0,0,,0,0,0,0,,0,0,0,0,,0,0,0,0,0,0,0,0,0,0,0,1,0,2,6,0,9,14,0,4,6,0,0,0,0,42,,,,,,,,,,,,,,,,,,,,,,,33,32,35,39,40,41,41,39,41,41,41,42,29,29,31,34,35,36,37,36,38,38,38,38,3,0,0,2,0,0,40,0,0,42,42,0,42,0,0,16,0,24,20,0,0,,,,,0,0,0,0,0,0,0,0,0,0,0,0,0,0,Yes,2,4,4,3,3,3,4,4,5,4,4,4,27,0,0,0,4,0,11,0,No,,,,,,,,,,,,,16,10,6,8,1,10,25,5,5,5,2,0,0,42,42,No,Routine Medical Appointments,Shopping,Social Events,Yes,58,4,,5,,0,,2,,5,,0,,3,,0,,0,,0,,3,3,1,2,4,0,0,0,0,0,0,0,0,0,0,0,,1,,0,,2,,0,,0,,0,0,,0,,0,,Yes,Yes,Yes,Yes,Yes,No,Yes,4147,,12860,,1/1/24,traditional,3,1,10800,,,,,
Brightview Wakefield,21 Crescent St,Wakefield,1880,781-486-4422,mmessaou@bvsl.net,Executive Director,For-profit,No,1,1,42,27,1,Alzheimer's / Dementia,,,,No,,0,0,0,0,,0,0,0,0,,0,0,0,0,,0,0,0,0,,0,0,,0,0,0,0,,0,0,0,0,,0,0,0,0,,0,0,0,0,,0,0,0,0,,0,0,0,0,,0,0,0,0,0,0,0,0,0,0,0,0,0,2,3,0,8,13,0,7,13,0,0,0,0,46,0,0,0,0,0,0,0,0,0,0,2,0,7,15,0,0,4,0,0,0,0,28,57,55,56,54,51,47,51,44,41,37,29,23,65,66,67,65,66,67,68,67,69,69,68,68,0,0,0,0,1,0,73,0,0,74,74,0,74,0,0,7,21,,,,,,,,,,,0,0,0,0,0,0,0,0,0,0,0,0,Yes,3,3,3,5,5,3,4,6,6,6,6,8,24,21,1,2,3,3,14,0,No,,,,,,,,,,,,,58,51,33,35,11,43,12,7,11,4,12,19,9,74,74,No,Routine Medical Appointments,Shopping,Social Events,Yes,,14,,11,,0,,0,,0,,11,,0,,0,,0,,0,,6,3,1,3,8,9,4,2,3,1,0,0,0,0,0,2,,1,,0,,0,,0,,0,,0,0,,0,,0,,Yes,Yes,Yes,Yes,No,No,Yes,7500,11070,14295,12615,,,,,,,,,,
Christopher Heights of Northampton,50 Village Hill Rd,NORTHAMPTON,1060,14135840701,ccotestosz@christopherheights.com,Executive Director,For-profit,Yes,1,1,83,0,,,,,,No,,0,0,0,0,,0,0,0,0,,0,0,0,0,,0,0,0,0,,0,0,,0,0,0,0,,0,0,0,0,,0,0,0,0,,0,0,0,0,,0,0,0,0,,0,0,0,0,,0,0,0,0,0,0,0,0,0,0,0,0,0,6,15,0,11,36,0,4,8,0,1,2,0,83,,,,,,,,,,,,,,,,,,,,,,,81,79,80,82,81,80,83,81,82,81,81,83,81,79,80,82,81,80,83,81,82,81,81,83,0,0,0,0,1,0,81,1,0,83,83,1,81,1,0,15,0,83,80,1,2,,,,,2,,9,0,6,0,18,0,0,0,0,0,0,0,No,,,,,,,,,,,,,43,0,0,0,0,0,40,0,No,,,,,,,,,,,,,76,68,62,8,0,8,7,35,20,20,1,0,0,83,83,No,,Shopping,Social Events,No,104,6,,10,,0,,1,,2,,0,,2,,0,,0,,0,,1,4,0,1,5,6,2,1,0,0,0,0,0,0,0,0,,0,,0,,1,,0,,0,,0,0,,0,,0,,Yes,Yes,Yes,Yes,Yes,Yes,Yes,2565.22,0,9000,0,March,Traditional,3,1.5,7900,0,0,0,0,0
Coleman House,112 WEST MAIN STREET,Northborough,1532,5083519355,p.blake@colemanhouse.com,Executive Director,For-profit,No,1,1,0,12,1,Alzheimer's / Dementia,,,,No,,0,0,0,0,,0,0,0,0,,0,0,0,0,,0,0,0,0,,0,0,,0,0,0,0,,0,0,0,0,,0,0,0,0,,0,0,0,0,,0,0,0,0,,0,0,0,0,,0,0,0,0,,,,,,,,,,,,,,,,,,,,,,,0,0,0,0,0,0,0,0,0,0,1,0,1,6,0,1,9,0,0,0,0,18,18,18,18,18,17,17,18,18,17,18,18,18,12,12,12,12,11,11,12,12,11,12,12,12,,10,0,0,1,0,17,0,0,18,18,0,0,0,18,,18,,,,,14,3,,,,14,,0,,0,,0,,0,,,,0,No,,,,,,,,,,,,,,18,,0,,0,,0,No,,,,,,,,,,,,,18,18,18,13,0,10,0,0,2,4,8,4,0,18,18,No,,,Social Events,No,3,0,,3,,0,,0,,0,,0,,0,,0,,0,,0,,0,0,0,1,0,2,0,0,0,0,0,0,0,0,0,0,,0,,0,,0,,0,,0,,0,0,,0,,0,,Yes,Yes,Yes,Yes,Yes,Yes,Yes,,3975,,6100,,,,,,,,,,
Robbie's Place,400 Hemenway Street,Marlboro,1752,508-573-1200,jmastromatteo@care-solutions.net,Executive Director,For-profit,No,1,1,0,22,1,Mental Health,,,,No,,0,0,0,0,,0,0,0,0,,0,0,0,0,,0,0,0,0,,0,0,,0,0,0,0,,0,0,0,0,,0,0,0,0,,0,0,0,0,,0,0,0,0,,0,0,0,0,,0,0,0,0,,,,,,,,,,,,,,,,,,,,,,,0,0,0,0,1,0,1,2,0,6,7,0,0,4,0,1,0,0,0,0,0,22,21,21,22,22,21,21,21,22,21,21,20,21,21,21,22,22,21,21,21,22,21,21,20,21,0,0,0,0,0,0,22,0,0,22,22,0,0,0,22,0,0,0,0,0,0,5,1,0,3,0,0,0,0,0,0,0,0,0,0,0,0,0,0,No,,,,,,,,,,,,,0,22,0,0,0,0,0,0,No,,,,,,,,,,,,,7,2,9,1,0,1,13,4,2,1,1,0,0,21,22,No,,,,No,24,1,,1,,1,,0,,0,,0,,0,,0,,0,,0,,0,1,0,1,0,0,0,1,0,0,0,0,0,0,0,,,,,,,,,,,,,,,,,,,,No,,,,,,Yes,0,9095,0,9095,,,,,,9095,standard,3,1,9095
The Residence at Whitcomb House,245 West Street,Milford,1757,508-634-2440,mil-ed@12oaks.net,Executive Director,For-profit,No,1,1,68,0,,,,,,Yes,,0,0,1,0,,0,0,1,0,,0,0,1,0,,0,0,1,0,160,1,0,160,1,0,1,0,160,1,0,1,0,160,1,0,1,0,160,1,0,1,0,160,1,0,1,1,160,1,0,1,1,200,1,0,0,1,0,0,0,1,1,0,0,13,0,2,9,0,5,10,0,1,1,0,0,0,0,43,,,,,,,,,,,,,,,,,,,,,,,42,42,41,42,40,40,41,40,38,41,43,42,40,40,40,40,40,40,40,40,40,40,40,40,0,0,0,0,0,0,0,0,43,43,43,0,43,0,0,25,0,42,43,,3,,,,,0,0,,,,,26,,,,0,,0,,No,,,,,,,,,,,,,43,0,0,0,0,0,0,0,No,,,,,,,,,,,,,25,40,40,2,0,20,3,15,15,10,0,0,0,43,43,No,Routine Medical Appointments,Shopping,Social Events,Yes,46,,0,,6,,1,,2,,1,,1,,0,,0,,0,,0,0,0,0,0,0,1,2,3,1,1,0,0,0,0,1,0,,1,,0,,2,,0,,0,,0,0,,0,,0,,No,,,,,,No,3300,0,4650,0,,,,,,,,,,
Swan Brook,924 Gardners Neck Rd,Swansea,2777,5083249074,mshane@swan-brook.com,Owner,For-profit,No,1,1,29,0,,,,,,No,,0,0,0,0,,0,0,0,0,,0,0,0,0,,0,0,0,0,,0,0,,0,0,0,0,,0,0,0,0,,0,0,0,0,,0,0,0,0,,0,0,0,0,,0,0,0,0,,0,0,0,0,0,0,0,0,0,0,0,0,0,5,2,0,5,12,0,3,8,0,0,1,0,36,,,,,,,,,,,,,,,,,,,,,,,29,28,29,29,31,31,31,30,31,31,30,30,27,26,27,27,29,29,29,28,29,29,28,28,0,,0,0,0,0,0,0,36,36,36,0,0,0,36,0,,14,8,0,0,0,0,0,0,14,,0,,0,,0,,0,,0,,0,,No,,,,,,,,,,,,,17,,0,,0,,13,,Yes,6,5,5,5,5,5,5,5,5,5,5,6,9,6,3,0,0,0,27,3,6,0,0,0,0,36,36,No,,,,No,36,0,,4,,0,,0,,0,,1,,1,,0,,0,,0,,0,0,1,0,1,0,0,2,2,0,0,0,0,0,0,0,,0,,0,,0,,0,,0,,0,0,,0,,0,,Yes,No,Yes,Yes,Yes,No,Yes,2750,,4200,,April,Super,3,0.75,3850,,,,,
Life Care Center of Stoneham,25 Woodland Road,Stoneham,2180,781-662-2545,stacey_mcdaniel@lcca.com,Executive Director,For-profit,No,1,1,18,0,,,,,,No,,0,0,0,0,,0,0,0,0,,0,0,0,0,,0,0,0,0,,0,0,,0,0,0,0,,0,0,0,0,,0,0,0,0,,0,0,0,0,,0,0,0,0,,0,0,0,0,,0,0,0,0,0,0,0,0,0,0,0,1,0,1,1,0,2,4,0,0,2,0,0,0,0,11,,,,,,,,,,,,,,,,,,,,,,,17,17,17,14,16,16,16,16,15,15,13,11,17,17,17,14,16,16,16,16,15,15,13,11,0,,0,0,0,0,11,0,0,11,11,0,0,0,11,8,,10,11,0,0,,,,,0,,0,,0,,0,,0,,0,,0,,No,,,,,,,,,,,,,11,,0,,0,,0,,Yes,3,2,3,2,2,16,5,2,2,2,1,2,11,5,5,4,2,5,0,2,4,0,0,5,0,11,11,No,Routine Medical Appointments,Shopping,,No,20,0,5,0,,3,Funds depleted,0,,0,,0,,0,,0,,0,,0,,0,0,0,0,2,1,1,0,2,0,0,0,2,0,0,0,,0,,0,,0,,0,,0,,0,0,,0,,0,,Yes,Yes,Yes,Yes,Yes,Yes,Yes,4680,,6552,,June,Large one bedroom,3,2.6,6240,,,,,
Brookdale Cushing Park,200 West Farm Pond Rd.,"Framingham, MA",1702,508-628-7700,ppotts@brookdale.com,Other,For-profit,No,1,1,78,22,1,Alzheimer's / Dementia,,,,No,,0,0,0,0,,0,0,0,0,,0,0,0,0,,0,0,0,0,,0,0,,0,0,0,0,,0,0,0,0,,0,0,0,0,,0,0,0,0,,0,0,0,0,,0,0,0,0,,0,0,0,0,0,0,0,0,0,0,2,1,0,5,6,0,8,14,0,10,11,0,1,1,0,59,0,0,0,0,0,0,0,0,0,1,1,0,0,13,0,4,3,0,0,0,0,22,78,74,73,76,74,77,81,78,78,79,78,81,77,71,71,75,73,76,81,78,78,78,78,81,0,0,0,0,3,0,78,0,0,81,81,0,0,0,81,13,22,40,,,,21,,,,5,10,0,0,0,0,0,0,0,0,0,0,0,0,Yes,24,24,24,24,24,24,24,24,25,25,26,26,23,0,1,22,3,0,25,0,No,,,,,,,,,,,,,41,45,45,31,6,34,19,18,7,7,4,19,7,81,81,No,Routine Medical Appointments,Shopping,Social Events,Yes,115,21,,9,,4,,5,,3,,1,,7,,0,,0,,0,,13,4,2,6,7,8,3,2,1,0,1,1,0,1,0,2,,4,,0,,5,,0,,0,,2,0,,0,,0,,No,,,,,,Yes,3901,8945,11266,12895,6/20/2024,AL One Bedroom,3,0,6923.25,,,,,
Christopher Heights of Attleboro,45 South main st,Attleboro,2703,5082222868,klafazia@christopherheights.com,Executive Director,For-profit,Yes,2,1,81,0,,,,,,No,,0,0,0,0,,0,0,0,0,,0,0,0,0,,0,0,0,0,,0,0,,0,0,0,0,,0,0,0,0,,0,0,0,0,,0,0,0,0,,0,0,0,0,,0,0,0,0,,0,0,0,0,0,0,0,0,0,0,0,2,0,4,12,0,3,30,0,2,27,0,0,1,0,81,,,,,,,,,,,,,,,,,,,,,,,75,78,77,78,77,77,77,79,78,80,81,81,75,78,77,78,77,77,77,79,78,80,81,81,0,0,0,1,1,0,70,2,7,81,81,0,0,0,81,21,0,56,42,0,0,0,0,0,0,4,0,13,0,0,0,28,0,0,0,0,0,0,0,No,,,,,,,,,,,,,49,0,0,0,0,0,32,0,No,,,,,,,,,,,,,,,,,,,5,10,49,13,4,0,0,81,81,No,,Shopping,,No,104,12,,9,,0,,2,,0,,0,,0,,0,,0,,0,,2,0,4,0,2,3,3,2,0,3,2,0,0,0,0,2,,0,,0,,0,,0,,0,,0,0,,0,,0,,Yes,Yes,Yes,Yes,Yes,Yes,Yes,1360,0,7800,0,August,single,3,1.5,7750,,,,,
The Arbors at Dracut,21 Broadway Rd Dracut MA,,1826,9784559182,cbraid@arborsassistedliving.com,Executive Director,For-profit,No,1,1,53,26,1,Alzheimer's / Dementia,,,,No,,0,0,0,0,,0,0,0,0,,0,0,0,0,,0,0,0,0,,0,0,,0,0,0,0,,0,0,0,0,,0,0,0,0,,0,0,0,0,,0,0,0,0,,0,0,0,0,,0,0,0,0,0,0,0,0,0,0,0,0,0,1,2,0,10,20,0,7,20,0,1,2,0,63,0,0,0,0,0,0,0,1,0,1,3,0,3,8,0,3,8,0,0,0,0,27,80,81,76,79,82,82,83,83,89,89,90,91,80,82,81,81,81,81,81,81,81,81,81,81,1,2,0,0,0,0,90,0,0,90,90,0,89,1,0,14,26,54,25,,0,27,12,,0,1,5,0,0,0,0,5,6,0,0,0,0,0,0,Yes,6,4,2,1,1,1,2,2,2,2,3,3,34,26,1,2,0,0,27,0,No,,,,,,,,,,,,,59,51,45,26,0,34,23,9,23,5,12,18,0,90,90,No,Routine Medical Appointments,Shopping,Social Events,Yes,,12,,12,,5,,1,,0,,2,,1,,2,,0,,0,,1,2,4,3,5,7,2,3,0,0,2,0,0,0,0,2,,0,,0,,2,,0,,0,,0,0,,0,,0,,Yes,Yes,Yes,Yes,Yes,Yes,Yes,4550,5560,12250,10000,01/04/24,Regular,3,1,7750,01/19/24,Regular,3,2,9200
The Residence at Vinnin Square,224 Salem Street,Swampscott,1907,781-603-0099,jmacquarrie@residencevinninsquare.com,Executive Director,For-profit,No,3,2,62,26,1,Alzheimer's / Dementia,,,,Yes,51,1,0,1,0,38,0,0,1,0,49,0,0,1,0,43,0,0,1,0,119,0,0,120,0,0,1,0,117,1,0,1,0,158,1,0,1,0,164,1,0,1,0,48,1,0,1,0,15,1,0,1,0,25,1,1,0,0,0,0,0,0,0,0,1,0,0,5,4,0,6,15,0,5,16,0,0,1,0,53,0,0,0,0,0,0,0,0,0,0,1,0,1,9,0,1,3,0,0,1,0,16,83,83,81,79,75,74,76,73,79,76,73,73,78,78,76,74,70,69,71,68,74,72,69,69,0,0,0,0,0,0,0,0,69,69,69,0,0,0,69,9,16,31,13,0,,21,9,0,,,,0,0,0,0,0,0,0,0,0,0,0,0,Yes,20,23,26,24,24,24,22,24,22,24,22,20,19,0,0,20,0,0,28,0,No,,,,,,,,,,,,,32,41,40,30,2,26,16,11,14,9,10,8,1,69,69,No,Routine Medical Appointments,Shopping,Social Events,Yes,99,19,,4,,2,,1,,5,,2,,0,,0,,4,Hospice,0,,3,2,3,1,6,4,5,3,2,3,2,0,0,0,0,0,,2,,0,,1,,0,,0,,0,0,,0,,0,,Yes,Yes,Yes,Yes,No,Yes,Yes,6810,8855,12745,18855,March,Single occupancy,3,0.75,10510,,,,,
The Residence at Valley Farm,369 Pond Street,ASHLAND,1721,5085323197,cohlson@residencevalleyfarm.com,Executive Director,For-profit,No,1,1,60,22,1,Alzheimer's / Dementia,,,,Yes,97,0,0,1,0,23,1,0,0,0,0,0,0,0,0,0,0,0,0,0,0,0,0,0,0,0,0,0,0,0,0,0,0,0,0,0,0,0,0,0,0,0,0,0,0,0,0,0,0,0,0,0,0,0,0,0,0,0,0,0,0,1,2,0,0,0,0,3,4,0,12,22,0,7,13,0,0,1,0,65,0,0,0,0,0,0,1,0,0,0,0,2,2,8,0,2,8,0,0,0,0,23,78,75,76,80,82,81,82,81,82,80,80,80,78,75,76,80,82,81,82,81,82,80,80,80,1,2,0,0,0,0,88,0,0,88,88,0,88,0,0,8,15,44,25,0,0,22,11,0,0,2,0,0,0,0,0,0,0,0,0,0,0,0,0,Yes,20,22,24,24,22,20,21,22,22,23,24,26,25,0,1,23,0,0,39,0,No,,,,,,,,,,,,,51,52,35,27,6,34,28,11,14,10,12,7,6,88,88,No,Routine Medical Appointments,Shopping,Social Events,Yes,128,18,,4,,3,,0,,4,,0,,2,,0,,1,Notice given by community,0,,4,4,1,2,7,7,0,1,3,0,1,0,0,0,0,2,,0,,0,,0,,0,,0,,2,0,,0,,0,,Yes,Yes,Yes,Yes,No,No,Yes,5067.5,6750,10250,10360,7657,traditional,3,0.75,8060,,,,,
Atria Marland Place,15 Steven Street,Andover,1810,9784754225,KIM.OBRIEN@ATRIASENIORLIVING.COM,Executive Director,For-profit,Yes,1,1,104,38,1,Alzheimer's / Dementia,,,,No,,0,0,0,0,,0,0,0,0,,0,0,0,0,,0,0,0,0,,0,0,,0,0,0,0,,0,0,0,0,,0,0,0,0,,0,0,0,0,,0,0,0,0,,0,0,0,0,,0,0,0,0,0,0,0,0,0,0,2,1,0,9,14,0,17,27,0,5,20,0,0,1,0,96,0,0,0,0,0,0,2,0,0,2,6,0,5,15,0,1,10,0,0,1,0,42,122,127,126,124,128,129,129,133,136,136,138,142,114,117,116,115,117,117,117,123,127,127,130,132,0,5,0,1,0,0,137,0,0,138,138,1,137,0,0,0,8,,,0,1,,,,1,0,0,3,0,0,0,0,0,0,0,0,0,0,0,No,,,,,,,,,,,,,34,43,0,0,0,0,65,0,No,,,,,,,,,,,,,26,64,36,14,0,36,67,6,8,7,8,3,39,138,138,No,Routine Medical Appointments,Shopping,Social Events,Yes,1,10,,19,,12,,2,,2,,5,,0,,4,,3,never moved physically in,0,,5,11,9,6,12,9,0,2,0,0,1,0,2,0,0,0,,1,,0,,1,,0,,0,,0,0,,3,never moved in,0,,Yes,Yes,Yes,Yes,Yes,Yes,Yes,2575,4995,9083,10895,January,regular one bedroom,3,0,7095,May,regular one bedroom,3,24,10595
Christopher Heights of Worcester,20 Mary Scano Drive,Worcester MA 01605,1605,5087921456,moconnor@christopherheights.com,Executive Director,For-profit,Yes,1,1,80,0,,,,,,No,,0,0,0,0,,0,0,0,0,,0,0,0,0,,0,0,0,0,,0,0,,0,0,0,0,,0,0,0,0,,0,0,0,0,,0,0,0,0,,0,0,0,0,,0,0,0,0,,0,0,0,0,0,0,0,0,0,0,1,1,0,4,15,0,5,31,0,3,16,0,0,1,0,77,,,,,,,,,,,,,,,,,,,,,,,79,77,79,80,82,75,82,80,77,78,76,77,78,76,78,79,80,74,80,79,76,78,75,77,0,,0,0,0,0,77,0,0,77,77,0,0,0,77,25,0,34,42,,1,0,,,,8,0,5,,2,,33,,,,0,0,0,0,No,,,,,,,,,,,,,45,0,0,0,0,0,32,0,No,,,,,,,,,,,,,56,40,8,7,0,9,20,15,31,7,1,2,1,77,77,No,,Shopping,Social Events,No,109,13,,19,,0,,0,,0,,0,,2,,0,,0,,0,,1,1,2,4,7,4,4,2,0,2,5,0,1,1,0,0,,0,,0,,0,,0,,0,,1,0,,0,,0,,Yes,Yes,Yes,Yes,Yes,Yes,Yes,1047.82,,8000,,April,one bedroom,3,1.5,7000,,,,,
Brightview North Andover,1275 Turnpike Street,North Andover,1845,9786862582,cbavuso@bvsl.net,Executive Director,For-profit,No,1,1,49,27,1,Alzheimer's / Dementia,,,,No,,0,0,0,0,,0,0,0,0,,0,0,0,0,,0,0,0,0,,0,0,,0,0,0,0,,0,0,0,0,,0,0,0,0,,0,0,0,0,,0,0,0,0,,0,0,0,0,,0,0,0,0,0,0,0,0,0,0,0,0,0,4,1,0,6,15,0,2,19,0,0,1,0,48,0,0,0,1,0,0,0,0,0,2,5,0,2,7,0,0,10,0,0,0,0,27,77,80,75,78,77,80,80,81,81,80,79,80,66,67,64,67,68,67,71,66,71,69,69,72,0,0,0,0,0,0,0,0,75,75,75,0,0,0,75,2,28,44,35,0,0,27,28,0,1,10,12,0,0,0,0,0,0,0,0,0,0,0,0,Yes,21,22,20,22,21,23,21,21,22,24,28,31,28,0,3,13,8,10,5,0,No,,,,,,,,,,,,,64,50,40,36,10,30,5,10,10,10,14,6,20,75,75,No,Routine Medical Appointments,Shopping,Social Events,Yes,,22,,6,,0,,0,,1,,3,,0,,1,,0,,0,,4,6,1,4,5,6,6,2,1,4,0,0,2,0,0,4,,0,,0,,0,,0,,0,,0,0,,0,,0,,Yes,Yes,Yes,Yes,No,No,Yes,5507,5657,11015,11315,03/2024,regular,3,5,7990,0,0,0,0,0
Whaler's Cove,114 Riverside Avenue,New Bedford,2746,5089972880,lsousa@whalerscove-assistedliving.com,Executive Director,For-profit,Yes,1,1,120,0,,,,,,Yes,156,0,0,1,1,7,0,0,1,0,15,0,0,1,0,130,0,0,1,1,123,0,1,0,0,0,0,0,0,0,0,0,0,32,0,0,1,0,46,0,0,1,0,30,0,0,1,0,0,0,0,0,0,0,0,0,0,0,0,3,0,0,5,0,10,11,0,18,22,0,10,20,0,5,12,0,0,0,0,116,,,,,,,,,,,,,,,,,,,,,,,110,112,110,111,106,104,104,106,108,104,103,102,109,111,109,110,105,103,103,104,107,103,102,101,0,0,1,2,10,0,100,3,0,116,116,3,113,0,0,14,0,51,3,0,2,0,0,0,0,2,0,16,0,41,0,0,0,0,0,0,0,0,0,No,,,,,,,,,,,,,71,0,0,0,0,0,45,0,No,,,,,,,,,,,,,76,31,3,34,0,4,20,25,27,32,10,2,0,116,116,No,Routine Medical Appointments,Shopping,Social Events,Yes,167,3,,19,,0,,1,,0,,1,,3,,0,,0,,0,,1,2,0,3,9,3,5,1,0,0,2,1,0,0,0,0,,0,,0,,1,,0,,0,,0,0,,0,,0,,Yes,Yes,Yes,Yes,Yes,Yes,Yes,4400,0,8100,0,March,Studio,3,45,4400,,,,,
Duxbury House at The Village Memory Care Residence,298 Kingstown Way,Duxbury MA,2332,7816942205,mdalahmeh@welchhrg.com,Executive Director,For-profit,No,1,1,0,24,1,Alzheimer's / Dementia,,,,Yes,192,0,0,1,0,304,1,0,1,0,280,1,0,1,0,192,1,0,1,0,184,0,0,192,0,0,1,0,80,0,0,1,0,176,0,0,1,0,192,0,0,1,0,64,0,0,1,0,40,0,0,1,0,40,0,0,1,0,,,,,,,,,,,,,,,,,,,,,,,0,0,0,0,0,0,0,0,0,0,3,0,3,11,0,3,4,0,0,0,0,24,24,24,24,24,24,24,22,21,23,22,22,24,24,24,24,24,24,24,22,21,23,22,22,22,,0,0,0,0,0,24,0,0,24,24,0,24,0,0,0,23,0,0,0,0,14,15,0,2,0,14,0,0,0,0,0,0,0,0,0,0,0,0,Yes,0,0,0,0,0,0,0,0,0,0,0,0,0,24,0,0,0,0,0,0,Yes,5,5,6,3,4,5,6,3,3,2,2,2,24,18,22,8,4,18,0,1,6,2,7,5,3,24,24,No,Routine Medical Appointments,,Social Events,Yes,40,3,,9,,0,,0,,0,,2,,0,,0,,0,,0,,1,1,0,1,6,4,1,0,0,0,0,0,0,0,0,2,,9,,0,,0,,0,,3,,0,0,,0,,0,,Yes,Yes,Yes,Yes,Yes,Yes,Yes,0,7575,0,12900,0,0,0,0,0,March,single,3,3,12900
Broadview Assisted Living,547 Central Street,Winchendon,1475,9782972333,bethany@broadviewassistedliving.com,Executive Director,For-profit,No,1,1,42,7,1,Alzheimer's / Dementia,,,,No,,0,0,0,0,,0,0,0,0,,0,0,0,0,,0,0,0,0,,0,0,,0,0,0,0,,0,0,0,0,,0,0,0,0,,0,0,0,0,,0,0,0,0,,0,0,0,0,,0,0,0,0,0,0,0,1,0,0,0,0,0,1,1,0,4,13,0,4,12,0,0,0,0,36,0,0,0,0,0,0,0,0,0,0,1,0,0,7,0,2,2,0,0,0,0,12,49,47,47,47,45,44,45,49,53,51,48,48,41,40,42,41,39,36,37,41,45,43,41,42,0,7,0,0,0,0,0,0,48,48,48,0,0,0,48,13,11,15,23,0,1,9,9,0,0,4,1,0,0,0,0,2,0,0,0,0,0,0,0,No,,,,,,,,,,,,,31,14,0,0,0,0,5,0,No,,,,,,,,,,,,,39,25,39,17,3,15,5,6,4,3,1,2,27,48,48,No,,Shopping,Social Events,Yes,68,6,,7,,2,,3,,1,,0,,0,,0,,2,residential program,0,,5,1,1,1,3,2,3,0,2,1,0,0,0,1,0,1,,0,,0,,3,,0,,0,,0,0,,1,residential program,0,,Yes,Yes,Yes,Yes,Yes,Yes,Yes,4600,6695,7490,7500,January 2024,Large Private (Respite / All-Inclusive),3,0,6975,,,,,
Sunrise of Newton,431 Washington St,Newton,2458,617-663-1122,Newton.ED@sunriseseniorliving.com,Executive Director,For-profit,No,4,3,42,43,2,Alzheimer's / Dementia,Alzheimer's / Dementia,,,No,,0,0,0,0,,0,0,0,0,,0,0,0,0,,0,0,0,0,,0,0,,0,0,0,0,,0,0,0,0,,0,0,0,0,,0,0,0,0,,0,0,0,0,,0,0,0,0,,0,0,0,0,0,0,0,1,0,0,1,1,0,4,5,0,9,13,0,0,7,0,0,0,0,41,0,0,0,0,0,0,0,1,0,5,2,0,4,2,0,0,1,0,0,1,0,16,54,55,54,54,52,42,45,46,47,50,51,53,58,59,58,56,55,46,47,53,49,53,54,57,0,0,0,2,1,0,52,0,2,57,57,1,54,0,2,13,12,26,9,0,0,15,6,0,0,2,0,0,0,0,0,0,0,0,0,0,0,0,0,Yes,37,39,35,32,30,26,28,32,30,33,32,33,6,0,17,15,0,0,17,1,No,,,,,,,,,,,,,32,20,23,18,7,25,22,4,2,6,9,9,5,57,57,No,Routine Medical Appointments,Shopping,Social Events,Yes,112,14,,13,,2,,10,,1,,1,,5,,0,,9,Dissatisfaction,0,,24,7,1,7,7,8,0,0,0,0,0,0,0,0,0,3,,5,,0,,10,,1,,0,,2,0,,3,Dissatisfaction,0,,No,,,,,,Yes,3441,2697,10726,9393,January 2024,1 Bedroom Assisted Living,3,0.5,7430,February 2024,Reminiscence Denver Style,3,1,10596
Waterstone at Wellesley,23 Washington St,Wellesley,2481,781-235-1614,dsicard@waterstoneatwellesley.com,Executive Director,For-profit,Yes,1,1,52,0,,,,,,Yes,24,1,0,1,0,,0,0,0,0,,0,0,0,0,,0,0,0,0,8,0,0,16,1,0,1,0,16,1,0,1,0,16,1,0,0,0,8,0,0,1,0,8,0,0,1,0,16,1,0,0,0,24,1,0,1,0,0,0,0,0,0,0,1,0,0,1,7,0,3,13,0,9,15,0,0,0,0,49,,,,,,,,,,,,,,,,,,,,,,,50,51,52,54,54,55,55,54,54,54,51,48,46,47,48,49,48,49,49,48,48,48,47,44,0,0,0,0,0,0,0,0,49,49,49,0,0,0,49,16,0,49,38,0,0,0,0,0,0,8,0,0,0,0,0,0,0,0,0,0,0,0,0,No,,,,,,,,,,,,,32,0,0,0,0,0,17,0,Yes,25,20,16,10,5,3,4,3,7,8,22,26,37,33,6,6,1,4,11,6,20,7,5,0,0,49,49,No,Routine Medical Appointments,Shopping,Social Events,Yes,74,7,,8,,0,,0,,0,,1,,2,,0,,5,Memory Care,0,,0,2,3,1,1,7,3,4,0,1,1,0,1,2,0,,,,,,,,,,,,,,,,,,,,Yes,Yes,Yes,Yes,No,No,Yes,5833,0,13670,0,January,Standard,3,1,12775,0,0,0,0,0
Florence & Chafetz Home for Specialized Care,175 Captains Row,Chelsea,2150,617-997-0826,Kdonnelly@chelseajewish.,Executive Director,Not-for-profit,Yes,1,1,0,36,1,Alzheimer's / Dementia,,,,No,,0,0,0,0,,0,0,0,0,,0,0,0,0,,0,0,0,0,,0,0,,0,0,0,0,,0,0,0,0,,0,0,0,0,,0,0,0,0,,0,0,0,0,,0,0,0,0,,0,0,0,0,,,,,,,,,,,,,,,,,,,,,,,0,0,0,0,0,0,2,1,0,0,2,0,4,11,0,0,15,0,0,1,0,36,36,36,36,36,36,36,36,36,36,36,36,36,36,36,36,36,36,36,36,36,36,36,36,36,,0,0,0,1,0,35,0,0,36,36,2,34,0,0,,22,,,,,20,6,0,0,,20,,0,,0,,27,,0,,0,,0,Yes,6,7,7,8,8,9,8,8,7,9,9,10,,26,,0,,10,,0,No,,,,,,,,,,,,,36,36,36,0,0,17,0,0,0,18,18,0,0,36,36,No,,,Social Events,Yes,54,0,,18,,0,,0,,0,,0,,0,,0,,0,,0,,0,0,1,1,0,1,7,7,1,0,0,0,0,0,0,0,,0,,0,,0,,0,,0,,0,0,,0,,0,,Yes,Yes,Yes,Yes,Yes,Yes,No,,80,,7890,,,,,,February,Studio,2,120,1438
Brookdale Eddy Pond West,669 Washington Street,Auburn,1501,508-832-2200,Ellen Davis,Executive Director,For-profit,No,1,1,68,35,1,Alzheimer's / Dementia,,,,No,,0,0,0,0,,0,0,0,0,,0,0,0,0,,0,0,0,0,,0,0,,0,0,0,0,,0,0,0,0,,0,0,0,0,,0,0,0,0,,0,0,0,0,,0,0,0,0,,0,0,0,0,0,0,0,0,0,0,0,0,0,7,6,0,10,20,0,8,12,0,0,0,0,63,0,0,0,0,0,0,0,0,0,1,7,0,3,16,0,3,7,0,0,0,0,37,98,101,102,104,106,104,103,103,101,101,97,100,92,95,97,97,99,98,96,98,97,97,93,96,0,2,0,0,0,0,100,0,0,100,100,1,99,0,0,5,37,,,,,,,,,,,0,0,0,0,0,0,0,0,0,0,0,0,Yes,41,40,38,39,39,39,38,40,41,40,40,39,21,0,6,36,2,0,31,0,Yes,0,0,0,0,0,0,0,0,0,1,2,2,50,31,31,34,4,26,21,16,22,18,16,5,2,100,100,No,Routine Medical Appointments,Shopping,Social Events,Yes,152,26,,16,,8,,0,,2,,2,,4,,1,,0,,0,,3,7,5,11,12,5,6,4,2,0,0,0,0,0,0,2,,1,,0,,0,,0,,0,,0,0,,0,,0,,Yes,Yes,Yes,Yes,Yes,Yes,Yes,4828,6568,10155,13105,August,standard,3,0,6760,January,standard,3,0,8515
Maplewood at Mayflower Place,579 buck island road,West Yarmouth,2673,5087900800,mayflowered@maplewoodsl.com,Executive Director,For-profit,No,3,2,38,0,,,,,,No,,0,0,0,0,,0,0,0,0,,0,0,0,0,,0,0,0,0,,0,0,,0,0,0,0,,0,0,0,0,,0,0,0,0,,0,0,0,0,,0,0,0,0,,0,0,0,0,,0,0,0,0,0,0,0,0,0,0,0,1,0,1,6,0,5,15,0,4,6,0,0,1,0,39,,,,,,,,,,,,,,,,,,,,,,,34,34,36,35,34,32,34,33,35,36,35,35,33,33,35,34,33,31,33,32,33,34,33,34,1,,0,0,0,0,39,0,0,39,39,0,39,0,0,3,0,55,15,0,0,0,0,0,0,55,0,0,0,0,0,0,0,0,0,0,0,0,0,Yes,10,10,10,10,11,11,11,11,11,12,12,12,5,0,7,0,0,0,22,0,No,,,,,,,,,,,,,21,21,8,14,0,13,18,2,5,5,3,4,2,39,39,No,Routine Medical Appointments,Shopping,Social Events,Yes,39,8,,3,,2,,1,,3,,1,,3,,0,,0,,0,,5,3,0,2,2,3,2,2,2,0,0,0,0,0,0,0,,0,,0,,0,,0,,0,,0,0,,0,,0,,Yes,Yes,Yes,Yes,Yes,Yes,Yes,5050,,6825,,january,Chilton,3,0,6825,0,0,0,0,0
Bridges by EPOCH at Mashpee,462 Barnstable Road,Mashpee,2649,5084770043,etucker@bridgesbyepoch.com,Executive Director,For-profit,Yes,1,1,0,60,1,Alzheimer's / Dementia,,,,No,,0,0,0,0,,0,0,0,0,,0,0,0,0,,0,0,0,0,,0,0,,0,0,0,0,,0,0,0,0,,0,0,0,0,,0,0,0,0,,0,0,0,0,,0,0,0,0,,0,0,0,0,,,,,,,,,,,,,,,,,,,,,,,0,0,0,0,0,0,0,2,0,0,4,0,5,24,0,5,20,0,0,0,0,60,57,57,58,57,57,58,57,57,57,60,60,60,0,0,0,0,0,0,0,0,0,0,0,0,0,0,0,1,1,1,57,0,0,60,60,0,2,58,0,0,60,0,,,,60,,,,0,60,0,0,0,0,0,0,0,0,0,0,0,6,Yes,57,57,57,58,58,59,59,58,58,58,58,60,0,0,0,0,0,58,0,0,No,,,,,,,,,,,,,60,60,60,60,15,45,0,0,0,60,0,0,0,60,60,No,,Shopping,Social Events,Yes,60,25,,4,,0,,0,,4,,1,,0,,0,,8,Did not move in,0,,4,13,8,23,12,0,0,0,0,0,0,0,0,0,0,15,,3,,0,,0,,3,,1,,1,0,,8,never moved in,0,,Yes,Yes,Yes,Yes,No,No,Yes,0,11225,0,14000,0,1,0,0,0,19500,Single Private,3,2,12500
The Branches of North Attleboro,40 Robert F. Toner Blvd,North Attleboro,2763,508-455-4095,jcatton@benchmarkquality.com,Executive Director,For-profit,No,1,1,38,14,1,Alzheimer's / Dementia,,,,No,,0,0,0,0,,0,0,0,0,,0,0,0,0,,0,0,0,0,,0,0,,0,0,0,0,,0,0,0,0,,0,0,0,0,,0,0,0,0,,0,0,0,0,,0,0,0,0,,0,0,0,0,0,0,0,0,0,0,0,1,0,1,6,0,8,24,0,9,21,0,1,1,0,72,0,0,0,0,0,0,0,1,0,0,1,0,5,13,0,2,6,0,0,0,0,28,101,105,100,102,104,100,98,101,102,103,99,102,51,53,51,52,53,52,51,53,53,53,51,53,0,0,1,0,2,0,97,0,0,100,100,0,100,0,0,6,28,66,41,0,1,28,15,0,0,10,27,0,0,0,0,0,0,0,0,0,0,0,0,Yes,37,34,36,36,39,38,38,39,39,38,39,39,25,0,11,28,0,0,34,0,No,,,,,,,,,,,,,75,64,64,29,18,31,22,11,28,21,6,4,8,100,100,No,Routine Medical Appointments,Shopping,Social Events,Yes,162,30,,7,,13,,0,,5,,0,,5,,0,,0,,0,,12,3,8,1,9,4,1,0,1,0,0,0,0,0,0,3,,3,,2,,0,,0,,0,,4,0,,0,,0,,No,,,,,,Yes,3670,10140,14790,17340,n/a,n/a,0,0,0,n/a,n/a,0,0,0
The Residence at Penniman Hill,276 whiting street,HINGHAM,2043,7815568121,rcosta@residencepennimanhill.com,Executive Director,For-profit,No,3,1,64,26,1,Alzheimer's / Dementia,,,,Yes,1165,1,0,1,0,1479,1,0,1,0,655,1,0,1,0,405,1,0,1,0,560,1,0,16,1,0,1,0,,0,0,0,0,,0,0,0,0,,0,0,0,0,,0,0,0,0,,0,0,0,0,,0,0,0,0,0,0,0,0,0,0,0,0,0,2,6,0,9,29,0,5,12,0,0,2,0,65,0,0,0,0,0,0,0,1,0,0,5,0,3,13,0,2,3,0,0,1,0,28,96,95,94,95,96,94,90,89,92,95,96,98,89,88,88,89,89,88,84,83,86,89,90,91,0,4,0,0,0,0,0,0,93,93,93,0,0,0,93,16,28,35,5,,,28,3,,,0,0,0,0,0,0,0,0,0,0,0,0,0,0,Yes,28,27,27,28,28,28,26,27,28,28,28,28,34,0,0,28,0,0,30,0,No,,,,,,,,,,,,,80,69,68,44,19,51,33,9,7,9,9,21,5,93,93,No,Routine Medical Appointments,Shopping,Social Events,Yes,30,15,,3,,8,,1,,6,,3,,2,,0,,0,,0,,2,1,4,2,6,22,1,0,0,0,0,0,0,0,0,0,,0,,0,,1,,0,,1,,0,0,,0,,0,,Yes,Yes,Yes,Yes,Yes,No,Yes,6870,9410,13227,12045,January,Traditional,3,0.75,10807,,,,,
Winter Valley Residences,600 Canton Ave,MILTON,2186,16176983067,smclaren@mreinc.org,Resident Care Director,Not-for-profit,Yes,1,1,16,0,,,,,,No,,0,0,0,0,,0,0,0,0,,0,0,0,0,,0,0,0,0,,0,0,,0,0,0,0,,0,0,0,0,,0,0,0,0,,0,0,0,0,,0,0,0,0,,0,0,0,0,,0,0,0,0,0,0,0,0,0,0,2,0,0,0,4,0,2,3,0,2,2,0,0,0,0,15,,,,,,,,,,,,,,,,,,,,,,,14,14,15,14,13,13,12,14,16,15,15,15,14,14,15,14,13,13,12,14,15,14,14,14,0,,0,0,0,0,15,0,0,15,15,0,0,0,15,3,,6,3,0,0,,,,,0,,0,,0,,0,,0,,15,,,,No,,,,,,,,,,,,,6,,0,,0,,9,,No,,,,,,,,,,,,,8,2,2,0,0,1,7,5,2,1,0,0,0,15,15,No,,,,No,21,2,,3,,0,,0,,1,memory care,0,,0,,0,,0,,0,,1,1,0,0,2,0,2,0,0,0,0,0,0,0,0,1,,0,,0,,0,,0,,0,,0,0,,0,,0,,Yes,No,Yes,No,Yes,Yes,No,2248,,3213,,March,Traditional,2,1,2245,,,,,
Sunny Acres-Legacy Care,254 Billerica Road,Chelmsford,1824,9782561616,fmcguire@sunnyacres.org,Executive Director,For-profit,No,1,1,0,12,1,Alzheimer's / Dementia,,,,No,,0,0,0,0,,0,0,0,0,,0,0,0,0,,0,0,0,0,,0,0,,0,0,0,0,,0,0,0,0,,0,0,0,0,,0,0,0,0,,0,0,0,0,,0,0,0,0,,0,0,0,0,,,,,,,,,,,,,,,,,,,,,,,0,0,0,0,0,0,0,0,0,0,0,0,3,5,0,1,3,0,0,0,0,12,11,11,10,12,12,11,12,12,12,12,12,12,11,11,10,12,12,11,12,12,12,12,12,12,0,0,0,0,0,0,12,0,0,12,12,0,12,0,0,0,12,0,0,0,0,12,12,0,0,0,12,0,0,0,0,0,0,0,0,0,0,0,0,Yes,11,11,10,12,12,11,12,12,12,12,12,12,0,0,0,12,0,0,0,0,Yes,11,11,10,12,12,11,12,12,12,12,12,12,12,12,12,7,1,11,0,0,0,1,4,6,1,12,12,No,,,,Yes,17,3,,2,,0,,0,,0,,0,,0,,0,,0,,0,,1,0,3,0,0,0,0,0,0,0,0,0,0,0,0,1,,0,,0,,0,,0,,0,,0,0,,0,,0,,No,,,,,,Yes,0,10622,0,11676,,,,,,January,Accessible 2,3,2,8640
Mill Hill Residence,164 MA - 28,West Yarmouth,2673,7744705174,millhilled@maplewoodsl.com,Executive Director,For-profit,No,1,1,37,38,1,Alzheimer's / Dementia,,,,No,,0,0,0,0,,0,0,0,0,,0,0,0,0,,0,0,0,0,,0,0,,0,0,0,0,,0,0,0,0,,0,0,0,0,,0,0,0,0,,0,0,0,0,,0,0,0,0,,0,0,0,0,0,0,0,0,0,0,0,0,0,2,3,0,7,11,0,1,7,0,0,0,0,31,0,0,0,0,0,0,0,0,0,1,2,0,3,21,0,0,8,0,0,1,0,36,71,72,71,71,71,68,70,73,72,77,73,74,69,70,69,70,70,67,68,70,69,74,70,72,0,0,0,0,1,0,66,0,0,67,67,0,0,0,67,,,,,,,,,,,,,0,0,0,0,0,0,0,0,4,4,0,0,Yes,59,59,59,59,59,59,59,59,59,59,58,50,4,0,23,37,0,0,5,0,No,,,,,,,,,,,,,6,11,2,2,6,3,4,11,2,2,6,3,39,67,67,No,Routine Medical Appointments,,,No,67,20,,3,,1,,0,,6,,0,,6,,0,,0,,0,,3,6,3,2,5,3,4,2,1,0,0,0,0,0,0,2,,0,,0,,0,,0,,0,,1,0,,0,,0,,Yes,Yes,Yes,Yes,Yes,Yes,Yes,4281,4281,13430,14815,0,0,0,0,0,July,,3,,8800
Marguerite's House,189 Maple Street,LAWRENCE,1841,9786201465,Kristine_madden@covh.org,Executive Director,Not-for-profit,Yes,1,1,106,0,,,,,,No,,0,0,0,0,,0,0,0,0,,0,0,0,0,,0,0,0,0,,0,0,,0,0,0,0,,0,0,0,0,,0,0,0,0,,0,0,0,0,,0,0,0,0,,0,0,0,0,,0,0,0,0,0,0,0,1,0,0,5,7,0,9,16,0,6,27,0,6,19,0,0,3,0,99,,,,,,,,,,,,,,,,,,,,,,,105,105,105,104,103,103,103,103,103,99,97,99,104,104,104,103,102,102,102,102,102,98,96,98,1,0,0,1,2,0,82,14,0,99,99,14,82,3,0,26,0,95,64,0,2,0,0,0,0,10,0,1,,0,,61,,0,,99,,0,,No,,,,,,,,,,,,,63,,0,,0,,36,,No,,,,,,,,,,,,,38,30,2,0,0,0,55,20,22,2,0,0,0,99,99,No,,,Social Events,Yes,,7,,20,,0,,0,,2,,0,,1,,0,,0,,0,,1,4,3,1,6,7,1,0,4,1,0,0,0,2,0,0,,1,,0,,0,,0,,0,,0,0,,0,,0,,Yes,Yes,Yes,Yes,Yes,Yes,Yes,2150,,2200,,January,,3,1,2150,,,,,
Brookdale Attleboro,100 Garfield Ave,Attleboro,2703,508-222-6655,karen.wheaton@brookdale.com,Executive Director,For-profit,No,1,1,109,21,1,Alzheimer's / Dementia,,,,No,,0,0,0,0,,0,0,0,0,,0,0,0,0,,0,0,0,0,,0,0,,0,0,0,0,,0,0,0,0,,0,0,0,0,,0,0,0,0,,0,0,0,0,,0,0,0,0,,0,0,0,0,0,0,0,0,0,0,1,4,0,11,12,0,12,39,0,11,19,0,0,1,0,110,0,0,0,0,0,0,1,0,0,0,4,0,1,10,0,1,6,0,0,1,0,24,135,133,133,133,133,133,133,128,130,131,133,132,122,122,125,125,124,123,121,124,122,124,124,125,0,2,0,1,4,0,129,0,0,134,134,0,0,0,134,20,23,49,16,0,0,24,18,0,0,5,24,2,0,0,0,0,0,0,0,0,0,0,0,Yes,24,24,24,24,24,24,24,23,24,24,24,24,28,0,2,15,1,9,79,0,No,,,,,,,,,,,,,52,34,33,20,4,27,82,18,0,8,6,17,3,134,134,No,Routine Medical Appointments,Shopping,Social Events,Yes,176,13,,12,,7,,1,,2,,1,,2,,1,,0,,0,,4,1,2,2,11,6,6,2,2,1,1,1,0,0,0,1,,3,,0,,1,,0,,0,,0,0,,0,,0,,No,,,,,,Yes,3045,7164,9564,13910,,,,,,,,,,
Avita of Needham,880 Greendale Ave,Needham,2492,781-444-2266,lynne@avitaofneedham.com,Executive Director,For-profit,No,1,1,0,62,4,Alzheimer's / Dementia,Alzheimer's / Dementia,Alzheimer's / Dementia,Alzheimer's / Dementia,Yes,0,0,0,0,0,73,1,1,0,0,40,0,1,1,0,58,0,1,1,0,43,0,0,6,0,1,0,0,6,0,1,0,0,16,0,0,1,0,0,0,0,0,0,8,0,0,1,0,0,0,0,0,0,0,0,0,0,0,,,,,,,,,,,,,,,,,,,,,,,0,0,0,1,0,0,1,1,0,2,8,0,9,22,0,1,17,0,0,0,0,62,60,60,61,60,61,61,61,60,59,60,61,62,59,60,61,59,60,61,61,61,60,61,61,62,0,0,0,0,0,0,0,0,62,62,62,0,0,0,62,,8,,,,,61,39,,1,,62,,0,,0,,0,,0,,0,,0,Yes,5,6,5,6,6,7,7,7,7,6,6,5,0,45,0,4,0,1,0,12,No,,,,,,,,,,,,,59,54,47,33,19,40,1,7,9,6,7,16,16,62,62,No,Routine Medical Appointments,Shopping,Social Events,No,95,13,,18,,1,,0,,0,,0,,1,,0,,0,,0,,2,3,0,4,10,4,6,1,3,0,0,0,0,0,0,1,,1,,0,,0,,0,,0,,0,0,,0,,0,,Yes,Yes,Yes,Yes,Yes,Yes,No,,9770,,14980,,,,,,January,One Bedroom,3,1,14460
Linda Manor Assisted Living,345 Haydenville Road,Leeds,1053,4135883302,euguccioni@integritus1.org,Executive Director,Not-for-profit,No,1,1,65,20,1,Alzheimer's / Dementia,,,,Yes,473,0,0,1,0,192,0,0,1,0,459,0,0,1,0,543,0,0,1,0,299,0,0,431,0,0,1,0,437,0,0,1,0,767,0,0,1,0,361,0,0,1,0,179,0,0,1,0,249,0,0,1,0,296,0,0,1,0,0,0,0,0,0,0,0,0,0,3,6,0,7,23,0,7,20,0,0,0,0,66,0,0,0,0,0,0,0,0,0,0,2,0,1,10,0,0,5,0,0,0,0,18,80,85,78,77,80,83,82,83,82,86,84,84,79,84,78,77,80,83,82,83,82,83,84,84,0,0,0,0,0,0,0,0,84,84,84,0,0,0,84,14,18,66,66,0,0,18,18,0,0,10,4,0,0,0,0,0,0,0,0,0,0,0,0,Yes,6,6,6,5,6,6,7,6,6,6,6,6,53,12,0,6,0,0,8,0,No,,,,,,,,,,,,,45,40,62,5,0,36,4,20,16,33,6,5,0,84,84,No,Routine Medical Appointments,Shopping,Social Events,No,56,19,,17,,0,,7,,2,,1,,2,,0,,0,,0,,18,1,6,4,8,8,4,2,0,0,0,0,0,0,0,4,,0,,0,,14,,0,,0,,0,0,,0,,0,,Yes,Yes,Yes,Yes,Yes,No,Yes,5476,6516,8072,8799,January,Standard,3,2,8072,January,standard,3,2,8999
Fenno House,540 Hancock St,Quincy,2170,617-773-1590,lbecker@maloneyproperties.com,Executive Director,Not-for-profit,Yes,1,1,39,0,,,,,,No,,0,0,0,0,,0,0,0,0,,0,0,0,0,,0,0,0,0,,0,0,,0,0,0,0,,0,0,0,0,,0,0,0,0,,0,0,0,0,,0,0,0,0,,0,0,0,0,,0,0,0,0,0,0,0,0,0,0,0,2,0,4,6,0,4,8,0,2,4,0,0,0,0,30,,,,,,,,,,,,,,,,,,,,,,,34,33,33,33,31,33,32,32,31,31,31,30,34,33,33,33,31,33,32,32,31,31,31,30,0,0,0,1,3,0,26,0,0,30,30,0,30,0,0,7,0,25,0,0,0,0,0,0,0,0,0,0,0,0,0,12,0,0,0,17,0,1,0,No,,,,,,,,,,,,,21,0,0,0,0,0,9,0,No,,,,,,,,,,,,,15,10,8,5,1,7,11,2,2,4,4,6,1,30,30,No,,,,No,41,4,,7,,0,,0,,0,,0,,0,,0,,0,,0,,1,1,0,0,4,1,2,0,1,0,0,1,0,0,0,0,,1,,0,,0,,0,,0,,0,0,,0,,0,,Yes,Yes,Yes,Yes,Yes,Yes,Yes,207,,3957,,6/2024,Standard,2,1,3957,,,,,
Atria Longmeadow Place,42 Mall Road,Burlington,1803,781-270-9008,James.Zammuto@atriaseniorliving.com,Other,For-profit,Yes,1,2,97,13,1,Alzheimer's / Dementia,,,,No,,0,0,0,0,,0,0,0,0,,0,0,0,0,,0,0,0,0,,0,0,,0,0,0,0,,0,0,0,0,,0,0,0,0,,0,0,0,0,,0,0,0,0,,0,0,0,0,,0,0,0,0,0,0,0,0,0,0,3,1,0,5,11,0,9,30,0,7,20,0,0,1,0,87,0,0,0,0,0,0,0,0,0,0,1,0,0,4,0,1,4,0,0,0,0,10,95,98,100,103,107,109,115,113,109,108,103,101,89,92,94,96,100,102,108,106,102,103,98,96,0,0,0,2,2,0,0,0,93,97,97,0,0,4,93,17,7,,13,0,0,,5,0,0,,,0,0,0,0,0,0,0,0,0,0,0,0,No,,,,,,,,,,,,,42,10,0,0,0,0,0,0,No,,,,,,,,,,,,,55,79,43,47,0,86,15,5,1,3,10,4,59,97,97,No,Routine Medical Appointments,Shopping,Social Events,No,122,12,,31,,4,,10,,0,,4,,0,,1,,0,,0,,17,9,6,5,9,3,3,4,2,1,3,0,0,0,0,3,,7,,0,,6,,0,,1,,0,0,,0,,0,,Yes,Yes,Yes,Yes,Yes,Yes,Yes,1395,8581,12745,11595,January,Regular 1 Bedroom,3,0,7494,,,,,
The Arbors at Amherst,The Arbors at Amherst 130 University Drive,Amherst MA 01002,1002,413-548-6800,kwalters-zucco@arborsassistedliving.com,Executive Director,For-profit,No,1,1,52,26,1,Alzheimer's / Dementia,,,,No,,0,0,0,0,,0,0,0,0,,0,0,0,0,,0,0,0,0,,0,0,,0,0,0,0,,0,0,0,0,,0,0,0,0,,0,0,0,0,,0,0,0,0,,0,0,0,0,,0,0,0,0,0,0,0,0,0,0,0,3,0,1,7,0,4,12,0,7,12,0,0,0,0,46,0,0,0,0,0,0,0,0,0,0,2,0,1,15,0,4,5,0,0,0,0,27,73,74,77,77,78,79,78,76,77,79,80,77,73,74,77,77,78,79,78,76,77,79,80,77,0,2,0,0,0,0,73,0,0,73,73,0,73,0,0,27,29,66,10,,2,23,15,,1,2,29,1,,,,,,,,0,0,0,0,No,,,,,,,,,,,,,30,22,0,0,0,0,21,7,Yes,20,15,22,18,20,15,21,23,28,27,29,31,56,50,37,23,0,40,11,12,10,11,5,24,0,73,73,No,,Shopping,Social Events,Yes,73,19,,9,,0,,0,,0,,0,,1,,0,,0,,0,,0,4,0,1,8,4,3,2,2,2,1,0,0,0,0,,,,,,,,,,,,,,,,,,,,Yes,Yes,Yes,Yes,Yes,Yes,Yes,7000,8600,8550,9620,January,2 bedroom,3,1,8060,March,Medium 1 BR,3,2,9190
Bridges by EPOCH at Andover,254 Lowell Street,Andover,01810-4814,978-775-1070,amurray@bridgesbyepoch.com,Executive Director,For-profit,No,3,1,0,63,4,Alzheimer's / Dementia,Alzheimer's / Dementia,Alzheimer's / Dementia,Alzheimer's / Dementia,Yes,384,1,0,1,0,146,1,0,1,0,306,1,0,1,0,119,1,0,1,0,100,1,0,134,1,0,0,0,164,1,0,0,0,226,1,0,0,0,110,1,0,0,0,48,1,0,0,0,12,1,0,0,0,0,0,0,0,0,,,,,,,,,,,,,,,,,,,,,,,0,0,0,0,0,0,1,1,0,5,12,0,14,14,0,2,20,0,0,0,0,69,66,65,64,63,63,66,66,60,65,66,63,64,61,60,59,59,60,61,59,59,61,62,60,62,,7,0,0,0,0,0,0,69,69,69,0,0,0,69,,64,,,,,69,69,,,,69,,0,,0,,0,,0,,0,,0,Yes,50,52,51,50,51,55,53,51,51,50,50,50,,7,,50,,8,,4,No,,,,,,,,,,,,,66,62,66,37,14,7,5,1,3,18,31,11,0,69,69,No,,,Social Events,Yes,110,27,,5,2 went to Hospice House,0,,0,,5,,0,,0,,0,,0,,0,,3,4,1,2,9,15,0,1,2,0,0,0,0,0,0,1,,1,,0,,0,,0,,0,,0,0,,1,Transferred,0,,Yes,Yes,Yes,Yes,No,No,Yes,,1681.82,,13000,,,,,,,,,,
Bridges by EPOCH at Pembroke,49 Cross St,Pembroke,2359,7817544500,lluzzo@bridgesbyepoch.com,Executive Director,For-profit,No,1,1,0,48,1,Alzheimer's / Dementia,,,,Yes,44,0,0,1,0,117,1,0,1,0,81,0,0,1,0,15,0,0,1,0,0,0,0,0,0,0,0,0,0,0,0,0,0,0,0,0,0,0,0,0,0,0,0,0,0,0,0,0,0,0,0,0,0,111,0,0,1,0,,,,,,,,,,,,,,,,,,,,,,,0,0,0,0,0,0,0,1,0,8,5,0,8,16,0,2,8,0,0,0,0,48,45,45,46,49,48,45,44,46,48,50,49,48,43,45,48,46,44,44,45,47,49,48,45,52,0,0,0,0,0,0,0,0,48,48,48,0,0,0,48,0,48,0,0,0,0,48,48,0,2,0,48,0,0,0,0,0,0,0,0,0,0,0,0,Yes,48,45,46,49,49,48,44,46,47,48,49,48,0,11,0,11,0,25,0,1,No,,,,,,,,,,,,,30,29,44,18,14,9,4,3,5,22,12,2,0,48,48,No,,Shopping,Social Events,No,85,29,,2,,0,,0,,1,,1,,2,,0,,0,,0,,5,9,2,2,10,5,2,0,1,0,0,0,0,0,0,4,,0,,0,,0,,0,,0,,1,0,,0,,0,,Yes,Yes,Yes,,,,Yes,0,11150,0,13090,0,0,0,0,0,January,Private Suite,3,0,12455
Heywood Wakefield Commons,50 Pine Street,Gardner,1440,(978) 632-8292,tmcmullen@hwcommons.com,Executive Director,For-profit,Yes,1,1,78,0,,,,,,No,,0,0,0,0,,0,0,0,0,,0,0,0,0,,0,0,0,0,,0,0,,0,0,0,0,,0,0,0,0,,0,0,0,0,,0,0,0,0,,0,0,0,0,,0,0,0,0,,0,0,0,0,0,0,0,0,0,0,0,1,0,0,10,0,3,31,0,3,25,0,0,0,0,73,,,,,,,,,,,,,,,,,,,,,,,72,70,71,71,72,74,70,72,72,73,72,73,72,70,71,71,72,74,70,72,72,73,72,73,0,0,1,0,0,0,71,0,1,73,73,0,72,0,1,12,0,40,59,0,0,0,0,0,0,1,0,0,0,6,0,48,0,0,0,0,0,0,0,No,,,,,,,,,,,,,43,0,0,0,0,0,30,0,No,,,,,,,,,,,,,38,19,14,14,0,0,30,25,4,4,10,0,0,73,73,No,,Shopping,,No,95,9,,12,,0,,0,,0,,0,,1,,0,,0,,0,,0,2,1,0,6,2,3,1,2,1,2,0,0,2,0,,,,,,,,,,,,,,,,,,,,Yes,No,Yes,Yes,No,Yes,Yes,2842,0,6025,0,,,,,,,,,,
Benchmark at Orchard Valley,2387 Boston Road,Wilbraham,1095,413-596-0006,eperkins@benchmarkquality.com,Executive Director,For-profit,No,1,1,42,24,1,Alzheimer's / Dementia,,,,No,,0,0,0,0,,0,0,0,0,,0,0,0,0,,0,0,0,0,,0,0,,0,0,0,0,,0,0,0,0,,0,0,0,0,,0,0,0,0,,0,0,0,0,,0,0,0,0,,0,0,0,0,0,0,0,0,0,0,1,0,0,3,4,0,6,10,0,12,5,0,1,0,0,42,0,0,0,0,0,0,0,0,0,1,3,0,7,4,0,7,2,0,0,1,0,25,67,65,62,64,62,63,70,70,69,65,64,68,62,60,58,59,57,58,65,66,65,62,61,65,1,2,0,0,0,0,67,0,0,67,67,0,67,0,0,6,24,43,43,,,24,24,,1,0,24,0,0,0,0,0,0,0,0,0,0,0,0,Yes,26,26,26,25,24,24,27,28,24,24,24,24,23,0,0,24,1,0,16,0,No,,,,,,,,,,,,,51,51,40,26,2,30,16,5,4,5,9,26,2,67,67,No,Routine Medical Appointments,Shopping,Social Events,No,101,11,,7,,6,,0,,2,,0,,7,,0,,0,,0,,8,2,1,3,3,6,0,0,0,0,0,0,0,0,0,1,,1,,0,,0,,0,,0,,6,0,,0,,0,,No,,,,,,Yes,4200,5550,12150,14790,January,Traditional,3,0,4200,April,Studio,3,0,6300
Stone Hill at Andover,141 Elm Street,Andover,1880,978-664-2600,krossi@stonehillandover.com,Executive Director,For-profit,No,1,1,72,24,1,Alzheimer's / Dementia,,,,Yes,1056,1,1,1,0,980,1,1,1,0,1083,1,1,1,0,684,1,1,1,0,568,0,0,179,1,1,1,0,79,0,1,1,0,30,0,1,0,0,32,0,1,1,0,66,0,1,0,0,54,0,1,0,0,0,0,0,0,0,0,0,0,0,0,0,2,1,0,2,5,0,15,22,0,6,25,0,0,0,0,78,0,0,0,0,0,0,0,1,0,2,3,0,4,7,0,0,6,0,0,0,0,23,100,100,101,102,103,105,104,105,106,103,102,101,84,85,86,91,89,91,92,92,91,92,90,90,4,2,0,0,0,0,0,0,101,101,101,0,0,0,101,3,5,64,25,2,2,21,14,0,0,10,5,0,0,0,0,0,0,0,0,0,0,0,0,Yes,1,1,2,2,3,2,1,1,3,3,3,4,38,19,0,3,0,1,39,1,No,,,,,,,,,,,,,56,52,40,27,9,30,36,13,12,8,11,14,7,101,101,No,Routine Medical Appointments,Shopping,Social Events,Yes,139,7,,27,,1,,1,,0,,1,,1,,0,,0,,0,,4,4,2,1,10,8,6,3,0,0,0,0,0,0,0,1,,1,,0,,1,,0,,0,,1,0,,0,,0,,Yes,Yes,Yes,Yes,Yes,Yes,Yes,2715,8720,10965,11950,January,Two Bedroom,3,0.75,10335,March,Studio,3,1,11365
Brookdale Eddy Pond East,667 Washington Street,Auburn,1501,508-832-2200,Sarah.Harwood@brookdale.com,Executive Director,For-profit,No,1,1,80,0,,,,,,No,,0,0,0,0,,0,0,0,0,,0,0,0,0,,0,0,0,0,,0,0,,0,0,0,0,,0,0,0,0,,0,0,0,0,,0,0,0,0,,0,0,0,0,,0,0,0,0,,0,0,0,0,0,0,0,0,1,0,1,3,0,6,7,0,5,14,0,12,11,0,0,0,0,60,,,,,,,,,,,,,,,,,,,,,,,60,63,62,64,63,62,56,57,58,58,59,60,58,61,60,62,61,61,55,56,57,57,58,59,1,0,0,0,0,0,60,0,0,60,60,0,60,0,0,20,0,60,60,0,0,0,0,0,0,0,0,0,0,0,0,0,0,0,0,0,0,0,0,Yes,13,13,17,15,16,14,13,13,13,14,15,15,6,0,5,0,10,0,39,0,No,,,,,,,,,,,,,18,12,12,4,0,9,36,10,2,6,2,4,0,60,60,No,Routine Medical Appointments,Shopping,Social Events,Yes,79,2,,4,,9,,1,,0,,1,,6,,0,,0,,0,,5,0,3,1,4,2,1,2,2,1,0,1,0,0,0,0,,2,,1,,1,,0,,0,,1,0,,0,,0,,Yes,Yes,Yes,Yes,Yes,Yes,Yes,4480,0,11421,0,January,One Bedroom Deluxe,3,0,6086.5,,,,,
Laurelwood at The Pinehills,10 Golf Drive,Plymouth,2360,5089276346,susan@laurelwoodatthepinehills.com,Executive Director,For-profit,No,1,1,51,29,1,Alzheimer's / Dementia,,,,No,,0,0,0,0,,0,0,0,0,,0,0,0,0,,0,0,0,0,,0,0,,0,0,0,0,,0,0,0,0,,0,0,0,0,,0,0,0,0,,0,0,0,0,,0,0,0,0,,0,0,0,0,0,0,0,0,0,0,1,0,0,1,4,0,7,23,0,5,11,0,0,1,0,53,0,0,0,0,0,0,0,1,0,2,6,0,7,7,0,1,7,0,0,0,0,31,74,77,77,78,83,82,80,82,80,84,82,83,76,77,77,78,78,77,73,73,74,74,76,78,1,2,0,0,0,0,0,0,84,84,84,0,0,0,84,2,3,41,15,0,0,32,13,0,1,6,32,0,0,0,0,0,0,0,0,0,0,0,0,Yes,8,8,9,9,10,10,10,12,12,13,16,17,20,21,3,5,6,3,23,2,No,,,,,,,,,,,,,54,49,45,15,30,27,27,5,11,7,12,14,8,84,84,No,Routine Medical Appointments,Shopping,Social Events,No,115,17,0,8,0,2,0,0,0,0,0,1,0,4,0,0,0,0,0,0,0,3,0,4,3,6,7,4,3,2,0,0,0,0,0,0,0,0,1,0,0,0,0,0,0,0,0,0,2,0,0,0,0,0,0,Yes,Yes,Yes,Yes,Yes,Yes,Yes,7862,10552,12902,11394,January,Deluxe,3,0,12902,February,Studio,3,1,11360
Charter Senior Living of Danvers,220 Conant Street,danvers,1923,9784299278,ed@charterofdanvers.com,Resident Care Director,For-profit,No,3,1,90,26,1,Alzheimer's / Dementia,,,,Yes,120,1,1,0,0,120,1,1,0,0,120,1,1,0,0,60,1,1,0,0,60,1,0,60,1,1,0,0,0,0,0,0,0,0,0,0,0,0,0,0,0,0,0,160,1,1,0,0,160,1,1,0,0,160,1,1,0,0,0,0,0,0,0,0,1,1,0,6,14,0,6,14,0,9,20,0,0,0,0,71,0,0,0,0,0,0,0,1,0,0,3,0,2,8,0,0,4,0,0,0,0,18,85,85,83,83,83,83,83,85,83,83,83,85,82,85,85,82,78,79,78,81,85,82,82,80,0,0,0,0,1,0,78,10,0,89,89,2,0,0,87,10,18,30,44,0,0,18,15,0,0,5,18,0,0,0,0,5,0,0,0,0,0,0,0,Yes,43,44,40,38,32,31,32,38,38,41,39,38,22,0,20,18,0,0,46,0,No,,,,,,,,,,,,,48,44,40,30,3,37,11,22,25,27,3,1,0,89,89,No,Routine Medical Appointments,Shopping,Social Events,Yes,151,14,,12,,3,,2,,3,,0,,1,,0,,0,,0,,0,1,2,0,8,13,11,0,0,0,1,0,0,0,0,,,,,,,,,,,,,,,,,,,,No,,,,,,Yes,950,1450,3950,3950,January,1,3,0,6595,January,studio only,3,0,9495
Bridges by EPOCH at Sudbury,1 Farmstead Ln,Sudbury,1776,978-261-7007,cbrooks@bridgesbyepoch.com,Executive Director,For-profit,No,1,1,0,54,1,Alzheimer's / Dementia,,,,Yes,1296,1,0,1,0,1276,1,0,1,0,1374,1,0,1,0,1142,1,0,1,0,840,1,0,760,1,0,1,0,736,1,0,1,0,600,1,0,1,0,304,1,0,1,0,520,1,0,1,0,536,1,0,1,0,448,1,0,1,0,,,,,,,,,,,,,,,,,,,,,,,0,0,0,0,0,0,2,1,0,1,6,0,6,13,0,3,11,0,0,0,0,43,47,47,48,45,44,45,47,47,48,46,47,43,47,47,48,45,44,45,47,47,48,46,47,43,0,1,0,0,0,0,43,0,0,43,43,0,0,0,0,0,43,0,0,0,0,43,21,,13,0,,0,0,0,0,0,0,0,0,0,0,0,0,Yes,46,45,46,47,44,44,47,46,47,46,47,43,0,0,0,43,0,0,0,0,No,,,,,,,,,,,,,31,29,43,18,16,8,2,0,6,19,12,4,0,43,43,No,,,Social Events,Yes,78,18,,5,,1,,0,,5,,0,,1,,0,,1,Elopement,0,,5,5,4,1,4,5,4,4,1,0,0,0,0,0,0,2,,1,,0,,0,,0,,0,,1,0,,1,Hospice House,0,,Yes,Yes,Yes,Yes,No,No,Yes,,11825,,13795,,,,,,,,,,
River Falls Senior Living,400 Columbia Street,Fall River,2721,(508) 324-7960,lpapoula@fallriversl.com,Executive Director,For-profit,Yes,1,1,90,0,,,,,,No,,0,0,0,0,,0,0,0,0,,0,0,0,0,,0,0,0,0,,0,0,,0,0,0,0,,0,0,0,0,,0,0,0,0,,0,0,0,0,,0,0,0,0,,0,0,0,0,,0,0,0,0,0,0,0,0,0,0,2,0,0,7,11,0,7,24,0,7,21,0,0,2,0,81,,,,,,,,,,,,,,,,,,,,,,,80,81,80,81,83,85,86,88,85,85,83,81,78,79,78,79,81,83,84,86,84,84,82,80,1,0,0,0,0,0,79,1,1,81,81,1,80,0,0,17,0,53,22,0,2,0,0,0,0,2,0,0,0,26,0,0,0,0,0,0,0,0,0,No,,,,,,,,,,,,,41,0,0,0,0,0,40,0,No,,,,,,,,,,,,,35,23,13,0,10,8,36,21,15,8,1,0,0,81,81,No,Routine Medical Appointments,Shopping,Social Events,Yes,116,8,,19,,0,,4,,1,for memory care,1,,3,,0,,0,,0,,7,4,2,1,6,7,1,3,1,0,2,0,0,2,0,0,,4,,0,,3,,0,,0,,0,0,,0,,0,,Yes,Yes,Yes,Yes,No,No,No,1332,0,4650,0,January,traditional one-bedroom,3,0,3950,,,,,
Seasons of Danvers,44 Summer St.,Danvers,1923,9787770230,brooke@seasonsofdanvers.com,Other,For-profit,No,2,1,0,47,1,Alzheimer's / Dementia,,,,Yes,379,1,1,1,0,108,1,1,1,0,31,1,1,1,0,22,1,0,1,0,67,1,0,43,1,0,1,0,75,0,0,1,0,145,0,1,1,0,216,1,1,1,0,133,1,1,1,0,157,1,1,1,0,113,1,1,1,0,,,,,,,,,,,,,,,,,,,,,,,0,0,0,0,0,0,1,2,0,3,9,0,8,16,0,1,6,0,0,0,0,46,39,38,38,39,37,36,42,43,45,45,46,46,33,32,32,36,31,30,36,37,39,38,40,40,,6,0,0,0,0,0,0,46,46,46,0,0,0,46,,45,,,,,45,41,0,1,,0,,0,,0,,0,,0,,0,,0,Yes,7,7,7,7,7,6,8,8,8,8,8,8,,36,,6,,2,,2,No,,,,,,,,,,,,,46,34,40,0,1,31,0,13,0,0,22,0,11,46,46,No,,,Social Events,No,77,18,,4,,2,,1,,0,,2,,1,,0,,0,,0,,3,2,4,2,8,7,1,1,0,0,0,0,0,0,0,1,,1,,0,,1,,0,,0,,0,0,,0,,0,,Yes,No,Yes,Yes,Yes,Yes,Yes,,6342,,10785,,,,,,,,,,
The Residence at Bedford,240 South Road,Bedford,1730,7812235408,aleblanc@residenceatbedford.com,Executive Director,For-profit,No,1,1,66,28,1,Alzheimer's / Dementia,,,,No,,0,0,0,0,,0,0,0,0,,0,0,0,0,,0,0,0,0,,0,0,,0,0,0,0,,0,0,0,0,,0,0,0,0,,0,0,0,0,,0,0,0,0,,0,0,0,0,,0,0,0,0,0,0,0,0,0,0,0,0,0,0,0,0,15,31,0,2,5,0,0,0,0,53,0,0,0,0,0,0,0,0,0,0,0,0,1,14,0,0,1,0,0,0,0,16,0,0,0,0,0,30,45,50,54,61,66,69,0,0,0,0,0,38,46,50,52,55,60,62,1,0,0,2,0,0,67,0,0,69,69,0,69,0,0,5,16,,,,,,,,,0,16,0,0,0,0,0,0,0,0,0,0,0,0,Yes,0,0,0,0,0,4,6,8,10,12,14,16,7,0,0,16,0,0,46,0,No,,,,,,,,,,,,,20,20,12,3,0,10,39,4,12,8,4,2,0,69,69,No,Routine Medical Appointments,Shopping,Social Events,Yes,69,1,,4,,0,,2,,1,,0,,1,,1,,0,,0,,4,3,2,0,0,0,0,0,0,0,0,0,0,0,0,0,,1,,0,,2,,0,,0,,1,0,,0,,0,,Yes,Yes,Yes,Yes,Yes,No,Yes,6800,8700,11000,10500,June,regular 1 bedroom,3,1,8600,,,,,
Evans Park at Newton Corner,430 Centre Street,Newtom,2458,617-965-9400,bgubert@benchmarkquality.com,Executive Director,For-profit,Yes,2,2,89,23,1,Alzheimer's / Dementia,,,,No,,0,0,0,0,,0,0,0,0,,0,0,0,0,,0,0,0,0,,0,0,,0,0,0,0,,0,0,0,0,,0,0,0,0,,0,0,0,0,,0,0,0,0,,0,0,0,0,,0,0,0,0,0,0,0,0,0,0,0,0,0,8,7,1,9,31,0,6,15,1,0,6,1,85,0,0,0,1,0,0,1,0,0,1,0,0,3,1,0,2,3,0,0,0,1,13,89,86,86,91,87,85,89,87,86,96,97,98,79,78,79,83,80,77,80,80,79,89,89,90,0,0,0,3,5,0,90,0,0,98,98,0,98,0,0,1,13,85,19,0,1,13,3,0,2,0,13,3,0,0,0,0,0,0,0,0,0,0,0,Yes,15,15,15,15,15,14,14,14,14,13,13,16,45,0,3,12,0,0,37,1,No,,,,,,,,,,,,,43,41,43,8,2,34,55,0,1,9,25,6,2,98,98,No,Routine Medical Appointments,Shopping,Social Events,No,144,17,,7,,7,,5,,7,,0,,3,,0,,0,,0,,14,0,5,1,5,7,1,0,1,1,0,0,0,1,0,3,,2,,0,,5,,1,,0,,3,0,,0,,0,,No,,,,,,Yes,803.6,3360,12180,8540,January,standard,3,0,9150,February,Studio,3,0,7500
Benchmark Senior Living at Plymouth Crossings,157 South st,Plymouth MA,2360,5088304744,aroberts2@benchmarkquality.com,Executive Director,For-profit,No,1,2,41,16,1,Alzheimer's / Dementia,,,,No,,0,0,0,0,,0,0,0,0,,0,0,0,0,,0,0,0,0,,0,0,,0,0,0,0,,0,0,0,0,,0,0,0,0,,0,0,0,0,,0,0,0,0,,0,0,0,0,,0,0,0,0,0,0,0,2,4,0,1,1,0,0,2,0,3,10,0,4,11,0,1,1,0,40,0,0,0,0,0,0,0,0,0,0,2,0,3,5,0,1,7,0,1,1,0,20,59,59,63,64,56,58,59,58,60,55,55,62,50,51,52,53,47,49,50,49,51,45,46,51,9,7,0,0,0,0,0,0,60,60,60,0,0,0,60,4,20,15,30,0,0,20,20,0,1,5,20,1,0,0,0,0,0,0,0,0,0,0,0,Yes,23,22,22,23,23,21,21,23,23,21,21,21,16,0,4,19,21,19,17,0,No,,,,,,,,,,,,,41,41,30,31,5,25,6,5,12,5,12,10,10,60,60,No,Routine Medical Appointments,Shopping,Social Events,Yes,102,19,,2,,10,,5,,1,,0,,3,,0,,0,,0,,9,2,1,1,5,3,1,0,3,0,0,0,0,0,0,3,,1,,0,,4,,0,,0,,1,0,,0,,0,,No,,,,,,Yes,40,90,16890,16740,june,One bedroom,3,0,280,may,bedroom,3,0,375
Christopher Heights of Marlborough,99 Pleasant St,Marlborough,1752,508-281-8001,sjohnson@christopherheights.com,Executive Director,For-profit,Yes,1,1,83,0,,,,,,No,,0,0,0,0,,0,0,0,0,,0,0,0,0,,0,0,0,0,,0,0,,0,0,0,0,,0,0,0,0,,0,0,0,0,,0,0,0,0,,0,0,0,0,,0,0,0,0,,0,0,0,0,0,0,0,0,0,0,2,1,0,7,13,0,6,25,0,2,21,0,0,0,0,77,,,,,,,,,,,,,,,,,,,,,,,82,79,81,81,81,80,82,82,81,82,80,77,82,79,81,81,81,80,82,82,81,82,81,77,0,0,0,0,0,0,77,0,0,77,77,0,77,0,0,14,0,69,54,0,0,,,,,7,,5,,4,,33,,0,,0,,0,,No,,,,,,,,,,,,,41,,0,,0,,39,,No,,,,,,,,,,,,,55,44,17,12,0,3,15,17,26,13,4,2,0,77,77,No,,Shopping,Social Events,No,107,14,,13,,0,,0,,0,,0,,3,,0,,0,,0,,3,1,4,2,8,4,3,1,0,0,0,2,0,2,0,2,,0,,0,,0,,0,,0,,1,0,,0,,0,,Yes,Yes,Yes,Yes,Yes,Yes,Yes,1680,,7500,,March,1 Bedroom,3,1.5,6700,,,,,
The Residence at Orchard Grove,258 Walnut Street,Shrewsbury,1588,508-841-5735,mcrawford@residenceorchardgrove.com,Executive Director,For-profit,No,1,1,60,20,1,Alzheimer's / Dementia,,,,Yes,,0,0,0,0,,0,0,0,0,,0,0,0,0,,0,0,0,0,,0,0,,0,0,0,0,,0,0,0,0,,0,0,0,0,,0,0,0,0,,0,0,0,0,,0,0,0,0,24,1,0,0,0,0,0,0,0,0,0,1,0,0,1,7,0,4,22,0,5,5,0,0,1,0,46,0,0,0,0,0,0,1,0,0,0,2,0,3,8,0,3,4,0,0,0,0,21,71,71,71,71,71,71,71,71,71,71,68,67,70,70,70,70,70,70,70,70,70,70,69,67,0,1,0,0,0,0,66,1,0,67,67,0,66,1,0,10,16,39,7,,,21,11,,,0,21,0,0,0,0,0,0,0,0,0,0,0,0,Yes,23,23,23,23,23,23,23,23,23,23,24,24,23,,22,,2,,20,,No,,,,,,,,,,,,,52,48,33,25,8,30,11,5,12,12,8,15,4,67,67,No,Routine Medical Appointments,Shopping,Social Events,Yes,92,10,,3,,8,,0,,3,,0,,1,,0,,0,,0,,1,1,2,3,4,12,1,0,0,1,0,0,0,0,0,0,,1,Resident needed more care,0,,0,,0,,0,,0,0,,0,,0,,Yes,Yes,Yes,Yes,No,No,Yes,5510,8735,10175,13680,January,Deluxe,3,0.75,7995,February,Studio,3,2,10595
Woodbridge Assisted Living at The Cottages of Southwick,1 SAW MILL PARK,SOUTHWICK,01077-9690,8606149367,christie.tanguay@storypoint.com,Executive Director,For-profit,No,1,1,18,0,,,,,,No,,0,0,0,0,,0,0,0,0,,0,0,0,0,,0,0,0,0,,0,0,,0,0,0,0,,0,0,0,0,,0,0,0,0,,0,0,0,0,,0,0,0,0,,0,0,0,0,,0,0,0,0,0,0,0,0,0,0,0,0,0,3,1,0,1,5,0,0,4,0,0,1,0,15,,,,,,,,,,,,,,,,,,,,,,,16,16,16,18,18,17,17,17,16,16,15,15,16,16,16,18,18,17,17,17,16,16,15,15,0,0,0,0,0,0,15,0,0,15,15,0,15,0,0,10,0,6,13,0,0,0,0,0,0,0,0,0,0,0,0,0,0,0,0,0,0,0,0,No,,,,,,,,,,,,,10,0,0,0,0,0,5,0,No,,,,,,,,,,,,,13,13,7,4,0,3,0,3,4,6,1,1,0,15,15,No,Routine Medical Appointments,,Social Events,No,26,4,,11,,1,,0,,1,,0,,0,,0,,0,,0,,0,1,1,0,6,4,4,1,0,0,0,0,0,0,0,,,,,,,,,,,,,,,,,,,,Yes,Yes,Yes,Yes,Yes,Yes,Yes,4300,0,5300,0,April,1 bedroom,3,1.5,5300,0,0,0,0,0
Mary Ann Morse at Heritage,747 Water St.,"Framingham, MA",1701,5086655302,bkelly@maryannmorse.org,Executive Director,Not-for-profit,No,1,1,58,40,2,Alzheimer's / Dementia,Alzheimer's / Dementia,,,No,,0,0,0,0,,0,0,0,0,,0,0,0,0,,0,0,0,0,,0,0,,0,0,0,0,,0,0,0,0,,0,0,0,0,,0,0,0,0,,0,0,0,0,,0,0,0,0,,0,0,0,0,0,0,0,0,0,0,1,4,0,10,15,0,5,9,0,3,10,0,0,0,0,57,0,0,0,0,1,0,0,1,0,1,7,0,3,5,0,2,7,0,1,1,0,29,87,87,82,83,86,85,87,80,79,82,82,86,84,84,80,81,84,83,84,78,77,80,80,83,0,1,0,3,1,0,81,1,0,86,86,0,86,0,0,8,27,43,22,0,1,28,18,0,1,1,2,0,0,0,0,0,0,0,0,0,0,0,0,No,,,,,,,,,,,,,42,28,0,0,0,0,11,0,No,,,,,,,,,,,,,56,40,23,9,0,21,24,15,14,18,10,5,0,86,86,Yes,Routine Medical Appointments,Shopping,Social Events,Yes,134,7,,24,,0,,1,,5,,1,,9,,0,,0,,0,,8,6,6,5,8,5,2,0,3,3,0,0,0,0,0,1,,1,,0,,0,,0,,0,,6,0,,0,,0,,Yes,Yes,Yes,Yes,Yes,Yes,Yes,4970,6240,9150,10940,January,Studio,3,1,5010,January,Suite,3,2,10510
Atria Draper Place,25 Hopedale St.,Hopedale,1747,5084825995,Michael.Rominyk@atriaseniorliving.com,Business Manager or General Manager,For-profit,No,3,1,50,18,1,Alzheimer's / Dementia,,,,Yes,,0,0,0,0,,0,0,0,0,,0,0,0,0,,0,0,0,0,,0,0,,0,0,0,0,,0,0,0,0,,0,0,0,0,,0,0,0,0,,0,0,0,0,,0,0,0,0,8,0,0,1,0,0,0,0,0,0,0,0,0,0,3,9,0,5,13,0,8,16,0,2,0,0,56,0,0,0,0,0,0,2,0,0,0,2,0,3,5,0,1,5,0,0,0,0,18,64,64,64,63,60,63,66,67,66,67,68,74,63,65,61,61,59,57,60,62,62,59,63,68,1,0,0,0,0,0,73,1,0,74,74,1,73,0,0,10,18,52,30,0,0,18,12,0,1,0,2,0,0,0,0,0,0,0,0,0,0,0,0,No,,,,,,,,,,,,,26,17,0,0,0,0,30,1,Yes,8,8,9,1,11,12,10,10,10,9,6,12,34,27,23,7,12,16,38,7,5,3,12,8,1,74,74,No,Routine Medical Appointments,Shopping,Social Events,Yes,109,12,,14,,3,,3,,0,,1,,0,,0,,2,Dissatisfied,0,,5,2,0,13,6,5,3,1,0,0,0,0,0,1,0,1,,0,,0,,2,,0,,0,,0,0,,0,,0,,No,,,,,,Yes,3475,7000,6722,11192,January,One Bedroom Deluxe,3,0,5795,July,One Bedroom,3,8.3,9895
Whitney Place at Northborough,238 West Main Street,Northborough,1532,5083935655,sbullock@salmonhealth.com,Resident Care Director,For-profit,No,1,1,47,28,2,Alzheimer's / Dementia,Alzheimer's / Dementia,,,No,,0,0,0,0,,0,0,0,0,,0,0,0,0,,0,0,0,0,,0,0,,0,0,0,0,,0,0,0,0,,0,0,0,0,,0,0,0,0,,0,0,0,0,,0,0,0,0,,0,0,0,0,0,0,0,0,0,0,2,1,0,2,7,0,7,17,0,1,16,0,0,0,0,53,0,0,0,0,0,0,0,0,0,2,5,0,3,12,0,2,6,0,0,1,0,31,84,84,84,84,81,81,81,83,82,83,84,85,81,81,81,81,78,78,79,80,80,81,83,83,6,1,0,2,0,0,82,0,0,84,84,0,84,0,0,15,26,49,38,0,0,29,24,1,1,13,9,0,0,0,0,1,2,0,0,0,0,0,0,No,,,,,,,,,,,,,39,31,0,0,0,0,12,0,No,,,,,,,,,,,,,53,49,49,23,3,31,14,6,0,0,31,30,3,84,84,No,,Shopping,Social Events,Yes,130,22,,18,,0,,2,,1,,1,,2,,0,,0,,0,,4,2,4,4,13,5,7,3,1,1,0,0,1,1,0,0,,2,,0,,2,,0,,0,,0,0,,0,,0,,Yes,No,Yes,Yes,No,No,Yes,4000,6425,8500,9460,January 024,regular,3,0.45,,,,,,
Cambridge Homes,360 Mt Auburn Street,Cambridge,2138,6178760369,Tburns@thecambridgehomes.org,Executive Director,Not-for-profit,No,1,1,44,0,,,,,,No,,0,0,0,0,,0,0,0,0,,0,0,0,0,,0,0,0,0,,0,0,,0,0,0,0,,0,0,0,0,,0,0,0,0,,0,0,0,0,,0,0,0,0,,0,0,0,0,,0,0,0,0,0,0,0,0,0,0,0,0,0,1,3,0,6,16,0,5,14,0,0,2,0,47,,,,,,,,,,,,,,,,,,,,,,,44,44,44,44,44,44,44,44,44,44,44,44,48,48,48,48,48,48,48,48,48,48,48,47,0,0,0,1,1,0,45,0,0,47,47,0,45,2,0,6,0,45,45,0,0,0,0,0,0,0,0,0,0,0,0,0,0,0,0,0,0,0,0,Yes,0,0,0,0,0,0,0,0,0,0,0,0,15,0,0,0,0,0,32,0,No,,,,,,,,,,,,,12,11,6,6,6,6,29,9,2,3,1,3,0,47,47,No,Routine Medical Appointments,Shopping,Social Events,Yes,48,1,,3,,0,,0,,1,,0,,0,,0,,0,,0,,0,1,0,0,0,1,2,2,0,0,0,0,0,2,2,,,,,,,,,,,,,,,,,,,,Yes,Yes,Yes,Yes,Yes,Yes,Yes,6747,0,9888,0,April,1 bedroom,3,0,8400,,,,,
Sunrise of Cohasset,125 King Street,Cohasset,2025,7813836300,cohasset.ed@sunriseseniorliving.com,Executive Director,For-profit,No,1,2,40,22,1,Alzheimer's / Dementia,,,,Yes,,0,0,0,0,,0,0,0,0,,0,0,0,0,,0,0,0,0,,0,0,,0,0,0,0,,0,0,0,0,,0,0,0,0,,0,0,0,0,,0,0,0,0,,0,0,0,0,,0,0,0,0,0,0,0,0,0,0,0,0,0,3,2,0,4,15,0,4,7,0,0,0,0,35,0,0,0,0,0,0,0,1,0,0,1,0,6,8,0,0,4,0,0,0,0,20,43,42,42,46,47,50,47,50,51,55,55,55,39,40,38,45,45,44,46,48,47,50,52,52,0,2,0,0,1,0,54,0,0,55,55,0,55,0,0,3,13,35,26,26,0,20,14,14,0,5,1,0,0,0,0,0,0,0,0,0,0,0,0,Yes,25,22,25,26,28,26,25,28,29,34,32,36,5,0,16,20,0,0,14,0,Yes,1,4,4,5,4,4,3,9,4,11,4,9,45,42,32,26,3,35,9,3,6,10,5,19,3,55,55,No,,,Social Events,Yes,86,17,,4,,0,,2,,1,,1,,1,,0,,4,,0,,9,4,1,2,4,3,4,0,3,0,0,0,0,0,0,4,,3,,0,,2,,0,,0,,0,0,,0,,0,,Yes,Yes,Yes,Yes,No,No,Yes,3689,9517,16058,15128,February,Denver,3,24,8215,January,Denver style,3,24,12431
Merrivista,100 Water Street,Haverhill,1830,9783742170,jmartinez@bethanycommunities.org,Executive Director,Not-for-profit,No,1,2,33,0,,,,,,No,,0,0,0,0,,0,0,0,0,,0,0,0,0,,0,0,0,0,,0,0,,0,0,0,0,,0,0,0,0,,0,0,0,0,,0,0,0,0,,0,0,0,0,,0,0,0,0,,0,0,0,0,0,0,0,0,0,0,2,4,0,8,10,0,2,1,0,0,2,0,0,0,0,29,,,,,,,,,,,,,,,,,,,,,,,28,27,28,28,28,28,28,28,28,30,28,29,28,27,28,28,28,28,28,28,28,30,28,29,0,0,0,0,0,0,27,0,2,29,29,2,27,0,0,8,,21,20,,1,,,,,2,,0,0,2,0,21,0,0,0,25,0,0,0,No,,,,,,,,,,,,,18,0,0,0,0,0,11,0,No,,,,,,,,,,,,,9,9,6,0,0,0,19,1,4,5,0,0,0,29,29,No,Routine Medical Appointments,,Social Events,Yes,37,0,,7,,0,,0,,0,,0,,1,,0,,0,,0,,0,1,1,0,5,0,0,0,1,0,0,0,0,0,0,,,,,,,,,,,,,,,,,,,,Yes,No,Yes,Yes,Yes,Yes,Yes,874.04,0,2820,0,0,0,0,0,0,0,0,0,0,0
Atria Woodbriar Park,339 Gifford St,Falmouth,2540,5085401600,michael.scarpellini@atriaseniorliving.com,Executive Director,For-profit,No,1,1,45,50,1,Alzheimer's / Dementia,,,,No,,0,0,0,0,,0,0,0,0,,0,0,0,0,,0,0,0,0,,0,0,,0,0,0,0,,0,0,0,0,,0,0,0,0,,0,0,0,0,,0,0,0,0,,0,0,0,0,,0,0,0,0,0,0,0,0,0,0,1,0,0,0,0,0,18,0,0,19,0,0,1,0,0,39,0,0,0,0,0,0,0,0,0,0,0,0,15,0,0,25,0,0,0,0,0,40,65,61,61,67,69,67,67,69,71,77,78,80,57,54,56,62,59,61,63,66,66,71,71,76,0,0,0,0,0,0,70,9,0,79,79,0,79,0,0,0,32,46,46,,46,40,40,,40,0,0,0,0,0,0,0,0,0,0,0,0,0,0,Yes,65,61,61,67,69,67,67,69,71,77,78,80,0,,80,,0,,0,,No,,,,,,,,,,,,,70,70,70,75,80,70,0,0,3,15,30,25,6,79,79,No,Routine Medical Appointments,Shopping,Social Events,No,80,28,,6,,12,,5,,0,,2,,0,,0,,0,,0,,9,0,0,0,3,6,14,7,8,2,5,0,0,0,0,2,,0,,1,,4,,1,,0,,1,0,,0,,0,,Yes,Yes,Yes,Yes,Yes,Yes,Yes,5495,8895,7295,10495,0,0,0,0,0,0,0,0,0,0
Benchmark at North Andover,700 Chickering Road,North Andover,1845,978-683-1300,hcole@benchmarkquality.com,Executive Director,Not-for-profit,No,2,2,77,21,1,Alzheimer's / Dementia,,,,No,,0,0,0,0,,0,0,0,0,,0,0,0,0,,0,0,0,0,,0,0,,0,0,0,0,,0,0,0,0,,0,0,0,0,,0,0,0,0,,0,0,0,0,,0,0,0,0,,0,0,0,0,0,0,0,0,1,0,2,0,0,7,7,0,6,14,0,6,19,0,2,4,0,68,0,0,0,0,0,0,0,0,0,1,2,0,2,6,0,4,3,0,0,1,0,19,100,101,100,100,100,96,95,95,91,85,86,87,97,98,97,98,97,94,93,92,88,81,82,83,0,0,0,0,0,0,0,0,87,87,87,0,0,0,87,7,5,64,35,0,0,19,16,0,0,2,0,0,0,0,0,0,0,0,0,0,0,0,0,Yes,39,41,36,36,36,38,37,38,41,36,35,32,16,0,12,20,0,0,39,0,No,,,,,,,,,,,,,53,48,41,40,16,41,36,7,9,8,10,10,7,87,87,No,Routine Medical Appointments,Shopping,Social Events,No,152,28,,2,,10,,2,,17,,0,,6,,0,,0,,0,,8,2,3,10,14,3,3,0,0,1,0,0,0,0,0,4,,0,,0,,1,,0,,0,,2,0,,1,Never physically moved in,0,,Yes,Yes,Yes,No,No,No,Yes,4030,7225,15035,19220,January,1 Bedroom Standard,3,0,180,March,Studio,3,0,250
The Residence at Five Corners,678 Depot Street,Easton,2356,5085352202,mvolpe@residencefivecorners.com,Executive Director,For-profit,No,2,1,64,26,1,Alzheimer's / Dementia,,,,No,,0,0,0,0,,0,0,0,0,,0,0,0,0,,0,0,0,0,,0,0,,0,0,0,0,,0,0,0,0,,0,0,0,0,,0,0,0,0,,0,0,0,0,,0,0,0,0,,0,0,0,0,0,0,0,0,0,0,1,0,0,5,7,0,10,19,0,5,15,0,0,0,0,62,0,0,0,0,0,0,0,1,0,0,5,0,2,8,0,1,6,0,0,0,0,23,86,85,85,87,86,83,86,88,91,89,89,84,80,82,81,84,83,80,83,83,85,83,84,79,5,4,0,0,0,0,0,0,85,85,85,0,0,0,85,0,22,2,0,0,2,22,8,0,22,2,22,0,0,0,0,0,0,0,0,0,0,0,0,Yes,22,23,22,24,25,25,25,25,25,24,23,23,52,0,0,23,0,0,9,0,No,,,,,,,,,,,,,23,26,21,23,7,28,9,33,16,12,9,4,2,85,85,No,Routine Medical Appointments,Shopping,Social Events,Yes,36,18,,6,,0,,2,,2,,3,,2,,1,,2,competition for rate,4,competition for care,5,4,4,3,12,5,4,4,2,0,0,0,0,0,0,1,,0,,0,,3,,0,,0,,1,0,,0,,0,,No,,,,,,Yes,5320,7210,11110,10805,February,Traditional,3,0,8210,January,SCR,4,2,8685
AVIVA Country Club Heights,3 REHABILITATION WAY,WOBURN,01801-6050,781-527-5118,bpatterson@avivaseniorliving.com,Executive Director,For-profit,No,1,1,83,24,1,Alzheimer's / Dementia,,,,Yes,166,0,0,1,0,208,0,0,1,0,232,0,0,1,0,176,0,0,1,0,96,0,0,45,0,0,1,0,72,0,0,1,0,40,0,0,1,0,104,0,0,1,0,56,0,0,1,0,96,0,0,1,0,48,0,0,1,0,0,0,0,0,0,0,3,1,0,3,5,0,15,27,0,7,13,0,0,0,0,74,0,0,0,0,0,0,0,0,0,0,1,0,4,8,0,4,6,0,0,0,0,23,92,88,86,86,85,87,89,91,94,97,98,97,84,81,81,82,81,80,82,83,85,87,90,90,0,0,0,2,0,0,95,0,0,97,97,0,0,0,97,12,23,37,33,,,23,16,,,4,9,0,0,0,0,0,0,0,0,0,0,0,0,Yes,6,6,6,6,6,6,6,4,4,4,4,4,53,22,1,0,2,1,18,0,No,,,,,,,,,,,,,74,74,74,24,0,48,22,21,23,18,7,3,3,97,97,No,Routine Medical Appointments,Shopping,Social Events,Yes,127,12,,6,,6,,4,,2,,3,,8,,0,,0,,0,,4,5,7,2,6,7,3,4,2,1,0,0,0,0,0,1,,0,,0,,1,,0,,0,,2,0,,0,,0,,No,,,,,,Yes,4895,6895,9145,11095,December,"One bedroom, one bathroom, kitchenete.",3,1,5895,December,Private Studio,3,1.5,7195
Elizabeth Calsey House,15 Elizabeth St,Amesbury,1913,9788151969,elizcalsey@comcast.net,Owner,For-profit,No,1,1,15,0,,,,,,No,,0,0,0,0,,0,0,0,0,,0,0,0,0,,0,0,0,0,,0,0,,0,0,0,0,,0,0,0,0,,0,0,0,0,,0,0,0,0,,0,0,0,0,,0,0,0,0,,0,0,0,0,0,0,0,0,0,0,0,0,0,0,0,0,1,5,0,2,6,0,0,0,0,14,,,,,,,,,,,,,,,,,,,,,,,13,13,14,13,14,14,14,14,14,14,14,13,1,1,1,1,1,1,1,1,1,1,1,1,0,0,0,0,0,0,0,0,0,0,14,0,0,0,14,4,,13,6,,,,,,,0,0,,,,,2,,,,0,,0,,No,,,,,,,,,,,,,12,,0,,0,,0,,No,,,,,,,,,,,,,13,8,0,1,0,1,0,1,0,4,4,5,0,14,14,No,,,,No,16,1,passed away,1,needed more care,0,,0,,0,,0,,0,,0,,0,,0,,0,0,0,0,0,2,0,0,0,0,0,0,0,0,0,0,,0,,0,,0,,0,,0,,0,0,,0,,0,,No,,,,,,Yes,3000,,6200,,6200,single,3,2,6200,,,,,
Thirwood Place,237 North Main St,South Yarmouth,2664,5083988006,ksmith@thirwoodplace.com,Executive Director,For-profit,No,1,1,69,0,,,,,,Yes,525,0,0,1,0,467,0,0,1,0,470,0,0,1,0,362,0,0,1,0,300,0,0,340,0,0,1,0,218,0,0,1,0,104,0,0,1,0,98,0,0,1,0,0,0,0,0,0,0,0,0,0,0,0,0,0,0,0,0,0,0,0,0,0,0,0,0,0,2,0,7,14,0,5,22,0,0,0,0,50,,,,,,,,,,,,,,,,,,,,,,,52,48,49,47,48,45,44,46,47,46,47,49,49,45,46,45,46,44,43,46,47,46,46,47,0,,0,0,0,0,0,0,50,50,50,0,0,0,50,10,,37,30,,,,,,,3,,0,,0,,0,,0,,0,,0,,Yes,22,21,21,22,18,18,19,18,18,19,17,18,12,,13,,5,,24,,Yes,10,10,9,9,9,9,7,8,9,8,7,8,25,21,8,10,0,9,16,11,11,8,4,0,0,50,50,No,Routine Medical Appointments,Shopping,Social Events,No,70,10,,12,,0,,0,,0,,0,,3,,0,,0,,0,,3,3,1,1,5,8,3,0,0,0,0,1,0,0,0,1,,0,,0,,0,,0,,0,,2,0,,0,,0,,Yes,Yes,Yes,Yes,No,No,Yes,6500,,8300,,January,Andover,3,1,6500,,,,,
The Landing at Laurel Lake,600 Laurel Street,Lee,1238,413-243-4747,matthew.pinto@nextstephc.com,Resident Care Director,For-profit,No,2,2,40,26,1,Alzheimer's / Dementia,,,,No,,0,0,0,0,,0,0,0,0,,0,0,0,0,,0,0,0,0,,0,0,,0,0,0,0,,0,0,0,0,,0,0,0,0,,0,0,0,0,,0,0,0,0,,0,0,0,0,,0,0,0,0,0,0,0,0,1,0,2,1,0,2,5,0,3,11,0,2,5,0,0,0,0,32,0,0,0,0,0,0,1,2,0,1,3,0,0,3,0,0,1,0,0,0,0,11,43,49,48,46,47,45,46,43,43,42,38,43,43,49,48,46,47,45,46,43,43,42,38,44,0,0,0,0,1,0,42,0,0,43,43,1,42,0,0,7,5,31,30,1,0,8,11,0,0,0,3,5,3,0,0,0,0,0,0,0,0,0,0,Yes,14,16,14,15,15,13,14,12,16,17,14,15,23,0,4,11,4,0,5,0,No,,,,,,,,,,,,,31,31,28,26,6,26,12,0,0,0,0,0,31,43,43,No,Routine Medical Appointments,Shopping,Social Events,Yes,57,15,,10,SNF / Hospital,0,,3,Returned home,1,Closer to family Boston,1,moved to Maine,0,,0,,0,,0,,5,0,4,0,9,2,5,1,0,0,0,0,0,0,0,0,,0,,0,,3,home,1,closer to family,0,,1,0,,0,,0,,No,,,,,,Yes,1933,2090,6000,5625,January,one bedroom,3,4,4900,January,two bedroom shared,3,4,5625
Sunrise of Norwood,86 Saunders Road,Norwood,2062,7817621333,Norwood.ED@sunriseseniorliving.com,Executive Director,For-profit,No,1,2,45,27,1,Alzheimer's / Dementia,,,,No,,0,0,0,0,,0,0,0,0,,0,0,0,0,,0,0,0,0,,0,0,,0,0,0,0,,0,0,0,0,,0,0,0,0,,0,0,0,0,,0,0,0,0,,0,0,0,0,,0,0,0,0,0,1,0,0,1,0,0,0,0,5,1,0,3,16,0,3,9,0,0,2,0,41,0,0,0,0,0,0,1,0,0,1,2,0,4,6,0,2,7,0,0,2,0,25,58,57,56,59,62,66,68,69,72,73,69,67,57,56,55,58,61,65,66,66,69,70,65,64,1,0,0,0,1,0,65,0,0,66,66,0,66,0,0,14,24,12,7,0,0,14,10,0,0,15,13,0,0,0,0,0,0,0,0,0,0,0,0,Yes,29,25,24,25,27,33,37,38,36,31,29,29,19,0,8,21,0,0,20,1,No,,,,,,,,,,,,,73,47,39,26,5,7,26,8,11,7,6,5,3,66,66,No,,Shopping,Social Events,Yes,93,19,,7,,4,,0,,0,,0,,4,,0,,2,Respite stay concluded,0,,4,1,3,3,6,5,2,1,0,0,0,0,0,0,0,2,,1,,0,,0,,1,,0,,0,0,,0,,0,,Yes,Yes,Yes,Yes,No,No,No,3680,4320,8030,7695,June,1 Bedroom,3,0,243,0,0,0,0,0
The Residence at Natick South,119 East Central Street,Natick,1760,7742310900,ddigloria@residencenaticksouth.com,Executive Director,For-profit,No,2,1,62,24,1,Alzheimer's / Dementia,,,,No,,0,0,0,0,,0,0,0,0,,0,0,0,0,,0,0,0,0,,0,0,,0,0,0,0,,0,0,0,0,,0,0,0,0,,0,0,0,0,,0,0,0,0,,0,0,0,0,,0,0,0,0,0,0,0,0,0,0,0,0,0,1,2,0,6,20,0,7,10,0,0,0,0,46,0,0,0,0,0,0,0,0,0,2,1,0,0,3,0,0,0,0,0,0,0,6,33,33,33,37,40,42,42,42,44,45,48,52,30,30,30,34,37,39,39,39,41,42,45,49,0,0,0,2,0,0,50,0,0,52,52,0,52,0,0,3,6,46,10,0,0,6,6,0,0,0,0,0,0,0,0,0,0,0,0,0,0,0,0,Yes,0,0,0,0,9,9,9,9,8,8,6,6,21,0,1,6,0,0,24,0,No,,,,,,,,,,,,,30,21,11,20,1,14,20,2,6,8,8,8,0,52,52,No,Routine Medical Appointments,Shopping,Social Events,Yes,64,8,,2,,0,,0,,5,,3,,3,,0,,0,,0,,6,4,6,1,4,0,0,0,0,0,0,0,0,0,0,3,,1,,0,,0,,1,,0,,2,0,,0,,0,,Yes,Yes,Yes,Yes,Yes,Yes,Yes,6990,10290,11513.75,13705,January,AL 213 Traditional,3,0,6990,January,Unit # 120 I bedroom Studio,3,24,10290
Cadbury Commons,66 Sherman St,Cambridge,2140,6178680575,jlund@cadburycommons.com,Executive Director,For-profit,No,1,3,50,24,1,Alzheimer's / Dementia,,,,Yes,24,0,0,0,0,8,0,0,0,0,0,0,0,0,0,0,0,0,0,0,219,0,1,112,0,0,0,1,23,0,0,0,1,16,0,0,0,1,125,1,0,0,1,226,1,0,0,1,334,1,0,0,1,129,0,0,0,1,0,1,0,0,0,0,0,3,0,5,2,0,6,17,0,6,8,0,1,1,0,50,0,0,0,0,0,0,0,2,0,0,2,0,6,12,0,1,5,0,0,0,0,28,72,69,75,75,74,75,73,72,71,76,79,79,71,68,71,71,71,72,70,69,66,70,72,74,0,74,0,0,0,0,0,0,78,78,78,0,0,0,78,14,27,45,26,0,0,26,20,1,0,0,0,0,0,0,0,0,0,0,0,0,0,0,0,No,,,,,,,,,,,,,19,19,0,0,0,0,31,19,No,,,,,,,,,,,,,28,3,37,20,18,29,28,3,12,8,4,10,13,78,78,No,Routine Medical Appointments,Shopping,Social Events,Yes,96,12,,0,,0,,0,,1,,5,,0,,0,,0,,0,,1,1,2,1,2,4,1,3,1,1,0,1,0,0,0,0,,0,,0,,0,,0,,1,,0,0,,0,,0,,Yes,Yes,Yes,Yes,Yes,Yes,No,5700,5000,8500,8000,February,1 bedroom + den and bonus space,3,0,8500,,,,,
Brookmeadow at Cobb Corner Assisted Living Residence,2121 Central Street,Stoughton,2072,781-344-0310,mschaus@slr-usa.com,Other,For-profit,No,2,2,67,24,1,Alzheimer's / Dementia,,,,No,,0,0,0,0,,0,0,0,0,,0,0,0,0,,0,0,0,0,,0,0,,0,0,0,0,,0,0,0,0,,0,0,0,0,,0,0,0,0,,0,0,0,0,,0,0,0,0,,0,0,0,0,0,0,0,0,0,0,0,2,0,3,5,0,5,12,0,6,13,0,1,0,0,47,0,0,0,0,0,0,1,0,0,1,3,0,0,12,0,1,6,0,0,0,0,24,35,36,38,41,43,49,57,63,64,66,68,71,34,35,37,39,41,46,54,59,61,62,64,67,0,2,0,0,1,0,70,0,0,71,71,0,71,0,0,13,24,0,0,0,0,0,0,0,1,0,0,0,0,0,0,7,8,0,0,0,0,0,0,Yes,0,0,0,0,0,0,0,0,3,3,2,1,46,24,1,0,0,0,0,0,No,,,,,,,,,,,,,17,16,10,13,4,13,12,7,16,21,11,4,0,71,71,No,Routine Medical Appointments,Shopping,Social Events,No,,3,,12,,2,,3,,1,,1,,2,,0,,0,,0,,5,3,1,1,6,4,1,1,2,0,0,0,0,0,0,0,,5,,0,,3,,0,,0,,0,0,,0,,0,,No,,,,,,Yes,1157,683,8850,8760,January,One Bedroom - Standard,3,0,6750,May,One Bedroom Standard,3,0,8400
Pine Hill at Kimball Farms,235 Walker Street,Lenox,1240,4136377024,sshepard1@integritus1.org,Resident Care Director,Not-for-profit,No,1,1,48,21,1,Alzheimer's / Dementia,,,,No,,0,0,0,0,,0,0,0,0,,0,0,0,0,,0,0,0,0,,0,0,,0,0,0,0,,0,0,0,0,,0,0,0,0,,0,0,0,0,,0,0,0,0,,0,0,0,0,,0,0,0,0,0,0,0,0,0,0,0,2,0,3,0,0,3,14,0,6,14,0,0,2,0,44,0,0,0,0,0,0,0,0,0,0,1,0,2,8,0,0,8,0,0,0,0,19,67,66,63,58,61,63,58,65,64,64,62,63,64,62,,63,61,59,57,57,61,61,62,64,0,0,0,0,0,0,63,0,0,63,63,0,63,0,0,9,19,44,20,1,0,19,10,0,0,0,19,0,0,0,0,0,0,0,0,0,0,0,0,Yes,9,8,6,9,7,6,6,5,4,3,2,2,32,17,0,1,0,1,12,0,No,,,,,,,,,,,,,58,51,51,10,8,30,5,6,1,21,14,14,2,63,63,No,Routine Medical Appointments,Shopping,Social Events,Yes,111,18,,21,,0,,2,,1,,1,,3,,2,,0,,0,,11,2,8,1,6,4,9,1,2,0,4,0,0,0,0,2,,4,,0,,2,,1,,0,,0,2,,0,,0,,Yes,No,Yes,No,No,No,Yes,5421,6722,9000,9483,January 2024,Lilac B,3,1.5,7758,January 2024,Shared,3,1.5,6722
Atria Maplewood Place,295 Broadway,Malden,2148,7813244999,Nicholas.Fazekas@AtriaSeniorLiving.Com,Executive Director,For-profit,Yes,2,1,89,19,1,Alzheimer's / Dementia,,,,No,,0,0,0,0,,0,0,0,0,,0,0,0,0,,0,0,0,0,,0,0,,0,0,0,0,,0,0,0,0,,0,0,0,0,,0,0,0,0,,0,0,0,0,,0,0,0,0,,0,0,0,0,0,0,0,0,0,0,5,4,0,7,15,0,18,17,0,3,9,0,0,2,0,80,0,0,0,0,0,0,0,1,0,0,1,0,2,6,0,0,1,0,0,0,0,11,69,70,73,71,72,79,78,74,74,79,81,87,66,68,70,69,71,77,76,71,73,75,75,80,2,1,0,1,3,0,69,11,7,91,91,4,68,11,8,32,7,48,57,0,2,11,7,0,3,3,11,0,0,0,0,0,0,0,0,0,0,0,0,No,,,,,,,,,,,,,24,11,0,0,0,0,56,0,No,,,,,,,,,,,,,26,23,22,0,0,16,8,32,24,10,8,7,2,91,91,No,Routine Medical Appointments,Shopping,Social Events,Yes,137,7,,22,,1,,4,,3,,3,,2,,1,,3,,0,,20,4,5,4,8,1,2,0,0,1,0,0,0,0,1,7,,22,,1,,4,,3,,3,,4,1,,1,Dissatisfied,0,,Yes,Yes,Yes,Yes,Yes,Yes,Yes,5095,6800,6600,10750,January,One Bedroom,3,0,5095,January,Private Studio,3,14,7095
Adelaide of Newton Centre,157 Herrick Rd,Newton Centre,2459,617-544-3454,mtubbs@benchmarkquality.com,Executive Director,For-profit,No,1,1,0,50,4,Alzheimer's / Dementia,Alzheimer's / Dementia,Alzheimer's / Dementia,Alzheimer's / Dementia,Yes,352,1,1,0,1,228,1,1,0,1,184,1,1,0,0,240,1,1,0,0,256,1,0,120,1,1,0,0,136,1,1,0,0,80,1,1,0,0,12,1,1,0,0,,0,0,0,0,,0,0,0,0,,0,0,0,0,,,,,,,,,,,,,,,,,,,,,,,0,0,0,0,0,0,2,4,0,2,6,0,6,23,0,3,13,0,0,1,0,60,59,60,60,58,57,56,55,60,61,60,58,61,49,49,49,48,47,46,45,49,50,50,48,50,0,0,0,0,0,0,0,0,60,60,60,0,0,0,60,0,53,0,0,0,0,52,53,0,1,0,53,0,0,0,0,0,0,0,0,0,0,0,0,Yes,59,60,60,58,57,56,55,60,61,60,58,61,0,0,0,61,0,0,0,0,No,,,,,,,,,,,,,59,58,58,55,8,58,0,1,12,20,10,8,9,60,60,No,,Shopping,Social Events,No,88,22,,1,,2,,0,,2,,0,,0,,0,,0,,0,,3,3,3,4,4,7,3,0,0,0,0,0,0,0,0,1,,1,,0,,0,,1,,0,,0,0,,0,,0,,Yes,Yes,Yes,Yes,No,No,Yes,0,11473,0,20525,,,,,,January,Studio Delux,3,12,350
Rockridge Retirement Community,37 Coles Meadow Rd,Northampton,1060,413-586-2902,jwykowski@rockridgema.org,Executive Director,Not-for-profit,No,1,1,42,26,1,Alzheimer's / Dementia,,,,Yes,248,0,0,1,0,150,0,0,1,0,274,0,0,1,0,322,0,0,1,0,395,0,0,755,0,0,1,0,968,0,0,1,0,1008,0,0,1,0,1008,0,0,1,0,950,0,0,1,0,486,0,0,1,0,576,0,0,1,0,0,0,0,1,0,0,0,0,0,4,10,0,7,15,0,1,8,0,0,0,0,46,0,0,0,0,0,0,0,0,0,3,1,0,5,11,0,0,5,0,0,1,0,26,73,73,72,72,72,73,69,69,70,71,70,72,67,68,67,67,66,68,62,63,64,67,66,67,0,0,0,0,0,0,72,0,0,72,72,0,72,0,0,13,26,42,42,,,26,26,,,2,13,0,0,0,0,0,0,0,0,0,0,0,0,No,,,,,,,,,,,,,21,26,0,0,0,0,21,0,No,,,,,,,,,,,,,37,29,32,11,0,26,17,9,16,14,10,6,0,72,72,No,Routine Medical Appointments,Shopping,Social Events,No,89,6,,13,,0,,3,,1,,0,,4,,0,,0,,0,,4,0,5,1,3,6,2,1,1,0,1,0,1,2,0,0,,0,,0,,2,,1,,0,,1,0,,0,,0,,Yes,Yes,Yes,Yes,Yes,Yes,Yes,4469,7794,7074,8794,January,traditional 1 bedroom medium,1,0,6812,February,Petite,3,24,8160
Clifton Assisted Living Community,444 Wilbur Ave.,Somerset,2725,15083240200,vbenevides@cliftonassistedliving.com,Executive Director,For-profit,No,1,1,58,0,,,,,,Yes,323,0,0,1,1,328,0,0,1,1,215,0,0,1,1,143,0,0,1,1,120,0,1,72,0,0,0,1,79,0,0,1,1,232,0,0,1,1,229,0,0,1,1,202,0,0,1,1,305,0,0,1,1,214,0,0,1,1,0,0,0,0,0,0,0,0,0,4,7,0,6,18,0,8,17,0,0,2,0,62,,,,,,,,,,,,,,,,,,,,,,,61,60,62,63,62,62,62,59,60,60,63,62,57,56,57,58,57,57,57,56,57,54,55,56,0,0,0,0,0,0,62,0,0,62,62,0,62,0,0,6,0,60,30,0,0,0,0,0,0,1,0,0,0,0,0,0,0,0,0,0,0,0,0,No,,,,,,,,,,,,,16,0,0,0,0,0,46,0,No,,,,,,,,,,,,,21,16,3,0,1,0,29,17,10,2,4,0,0,62,62,No,Routine Medical Appointments,Shopping,Social Events,No,1,2,0,9,0,0,0,0,0,0,0,4,0,2,0,0,0,2,1,0,0,2,1,1,0,3,6,2,1,2,1,0,0,0,1,0,0,0,0,0,0,0,0,0,0,0,2,0,0,0,0,0,0,0,0,Yes,Yes,Yes,Yes,No,No,Yes,3999,0,8170,0,0,0,0,0,0,0,0,0,0,0
The Arbors at Taunton,The Arbors at Taunton,Taunton,2780,508-824-4800,pricketts@arborsassistedliving.com,Executive Director,For-profit,No,1,1,53,25,1,Alzheimer's / Dementia,,,,No,,0,0,0,0,,0,0,0,0,,0,0,0,0,,0,0,0,0,,0,0,,0,0,0,0,,0,0,0,0,,0,0,0,0,,0,0,0,0,,0,0,0,0,,0,0,0,0,,0,0,0,0,0,0,0,0,0,0,1,0,0,2,7,0,6,9,0,6,17,0,0,1,0,49,0,0,0,0,0,0,0,1,0,1,4,0,2,9,0,0,7,0,0,0,0,24,68,73,74,73,77,76,78,76,76,75,76,73,64,65,63,63,64,67,68,65,66,64,67,65,3,1,0,1,0,0,72,0,0,73,73,0,73,0,0,17,23,42,27,1,0,17,18,0,2,2,0,4,1,0,0,0,0,0,0,0,0,0,0,No,,,,,,,,,,,,,21,24,0,0,0,0,28,0,No,,,,,,,,,,,,,55,55,55,23,4,31,13,5,6,6,15,11,17,73,73,No,,Shopping,Social Events,Yes,117,20,,12,,1,,6,,0,,1,,1,,0,,1,Other,0,,6,6,5,5,5,6,0,2,3,0,2,1,0,1,0,1,,0,,0,,4,,0,,0,,1,0,,0,,0,,Yes,Yes,Yes,Yes,Yes,Yes,Yes,4250,7000,7800,9200,January,Large One bedroom,3,1,7800,February,Medium One bedroom,3,2,9200
The Residence at Riverbend,149 County Road,Ipswich,1938,978-356-1300,afucaloro@residenceriverbend.com,Executive Director,For-profit,No,1,1,53,22,1,Alzheimer's / Dementia,,,,Yes,1703,0,0,1,0,1127,0,0,1,0,723,0,0,1,0,520,0,0,1,0,387,0,0,439,0,0,1,0,460,0,0,1,0,340,0,0,1,0,63,0,0,1,0,0,0,0,0,0,0,0,0,0,0,0,0,0,0,0,0,0,0,0,0,0,0,0,0,0,5,0,8,22,0,3,12,0,0,1,0,51,0,0,0,0,0,0,0,2,0,0,4,0,3,11,0,3,4,0,0,1,0,28,82,80,82,81,81,83,83,82,81,80,80,79,74,72,74,73,73,75,75,73,72,71,71,70,0,2,0,0,0,0,0,0,79,79,79,0,0,0,79,5,28,18,7,0,0,28,12,0,0,0,28,0,0,0,0,0,0,0,0,0,0,0,0,Yes,29,29,29,29,29,29,29,29,29,29,29,28,22,0,0,28,0,0,30,0,No,,,,,,,,,,,,,14,17,17,0,0,12,34,2,15,22,4,2,0,79,79,No,Routine Medical Appointments,Shopping,Social Events,Yes,79,7,,2,,5,,2,,2,,0,,0,,0,,0,,0,,0,2,2,4,3,6,4,2,2,2,2,1,0,0,0,,,,,,,,,,,,,,,,,,,,Yes,Yes,Yes,Yes,No,No,Yes,7280,20365,14500,8850,January,deluxe,3,1,8855,January,Studio,3,2,11460
Golden Pond Assisted Living,50 W. Main Street,Hopkinton,MA,508-435-1250,mcohen@goldenpondal.com,Executive Director,For-profit,No,2,3,127,46,1,Alzheimer's / Dementia,,,,Yes,79,1,0,0,0,130,1,0,0,0,272,1,0,0,0,255,1,0,0,0,94,1,0,231,1,0,0,0,156,1,0,0,0,125,1,0,0,0,27,1,0,0,0,33,1,0,0,0,0,0,0,0,0,0,0,0,0,0,0,0,0,1,3,0,8,8,0,9,15,0,9,18,0,1,7,0,0,2,0,81,0,0,0,2,1,0,2,5,0,8,6,0,4,16,0,0,3,0,0,0,0,47,146,143,143,145,143,147,148,145,140,138,135,133,128,126,127,126,125,126,128,126,123,122,118,115,1,7,0,0,0,0,0,0,128,128,128,0,0,0,128,5,47,63,21,0,17,38,32,0,14,7,30,0,0,0,0,0,0,0,0,0,0,0,0,Yes,5,5,5,5,5,5,7,7,7,7,9,9,81,0,0,6,2,0,20,1,No,,,,,,,,,,,,,66,51,38,23,9,49,39,16,17,15,15,14,12,128,128,No,Routine Medical Appointments,Shopping,Social Events,Yes,172,19,N/A,9,N/A,1,N/A,1,N/A,5,N/A,2,N/A,5,N/A,0,N/A,0,N/A,0,N/A,4,3,2,1,10,10,3,6,1,0,0,0,0,2,0,1,N/A,0,N/A,0,N/A,1,N/A,1,N/A,0,N/A,1,0,N/A,0,N/A,0,N/A,Yes,Yes,Yes,Yes,No,No,Yes,563,880,15225,11000,May,Deluxe,3,0,7500,March,Deluxe,3,2,6500
The Residence at Charles Meadow,125 Dover Road,Millis,2054,7749934700,jmorreale@residencecharlesmeadow.com,Executive Director,For-profit,No,1,2,65,26,1,Alzheimer's / Dementia,,,,Yes,,0,0,0,0,,0,0,0,0,,0,0,0,0,,0,0,0,0,,0,0,,0,0,0,0,,0,0,0,0,,0,0,0,0,,0,0,0,0,58,1,0,0,0,117,1,0,0,0,36,1,0,0,0,0,0,0,0,0,0,0,0,0,3,3,0,9,31,0,8,11,0,0,0,0,65,0,0,0,0,0,0,0,0,0,0,1,0,2,10,0,0,9,0,0,0,0,22,47,55,56,64,62,68,70,78,81,82,82,86,41,46,47,55,53,58,60,66,69,70,71,75,0,0,0,0,0,0,0,0,87,87,87,0,0,0,87,5,22,30,51,0,0,22,14,0,0,0,0,0,0,0,0,0,0,0,0,0,0,0,0,Yes,0,0,0,0,0,0,23,23,23,23,23,23,15,0,1,22,0,0,49,0,No,,,,,,,,,,,,,51,48,38,40,6,35,28,6,7,8,10,22,6,87,87,No,Routine Medical Appointments,Shopping,Social Events,Yes,80,12,,6,,3,,0,,0,,0,,2,,1,,1,Accomodations,0,,6,5,7,3,4,0,0,0,0,0,0,0,0,0,0,3,,0,,0,,0,,0,,0,,1,0,,1,Accommodations,0,,Yes,Yes,Yes,Yes,Yes,No,Yes,4770,7550,9375,9880,January,1,3,1,7350,January,Studio,3,2,8500
Orchard Hill,761 Boston Post Road,Sudbury,1776,19782183004,kleardi@orchard-hill.com,Executive Director,For-profit,Yes,1,1,45,0,,,,,,Yes,480,0,0,1,0,440,0,0,1,0,544,0,0,1,0,336,0,0,1,0,456,0,0,256,0,0,1,0,160,0,0,1,0,96,0,0,1,0,16,0,0,1,0,16,0,0,1,0,24,0,0,1,0,0,0,0,1,0,0,0,0,0,0,0,0,0,0,0,2,0,2,12,0,5,12,0,0,2,0,35,,,,,,,,,,,,,,,,,,,,,,,33,35,33,34,34,34,35,34,35,37,36,35,33,35,33,34,34,34,35,34,35,36,36,35,0,0,0,1,0,0,34,0,0,35,35,0,35,0,0,7,0,26,16,0,0,0,0,0,0,0,0,0,0,0,0,0,0,0,0,0,0,0,0,No,,,,,,,,,,,,,23,0,0,0,0,0,12,0,No,,,,,,,,,,,,,19,15,9,11,0,10,12,6,6,2,3,6,0,35,35,No,Routine Medical Appointments,Shopping,Social Events,No,35,9,,1,,0,,1,,0,,1,,0,,0,,0,,0,,0,0,0,0,2,2,3,0,2,0,1,1,1,0,0,9,,1,,0,,0,,0,,1,,1,0,,0,,0,,Yes,Yes,Yes,Yes,No,No,Yes,4495,0,8775,0,January,Assisted one bedroom,3,0.75,6875,0,0,0,0,0
Whitney Place at Medway,44 Willow Pond Circle,Medway,2053,5086576700,jsellers@salmonhealth.com,Executive Director,For-profit,No,1,2,42,50,1,Alzheimer's / Dementia,,,,Yes,888,0,0,1,0,800,0,0,1,0,968,0,0,1,0,990,0,0,1,0,176,0,0,256,0,0,1,0,104,0,0,1,0,72,0,0,1,0,80,0,0,1,0,96,0,0,1,0,56,0,0,1,0,128,0,0,1,0,0,0,0,0,0,0,1,1,0,5,11,0,7,10,0,6,8,0,1,0,0,50,0,0,0,0,0,0,0,1,0,4,6,0,2,12,0,1,10,0,0,0,0,36,80,75,78,77,82,82,83,82,82,82,81,86,70,65,68,67,70,70,70,71,71,73,72,77,0,0,0,5,3,0,67,11,0,86,86,2,73,11,0,36,50,35,40,,2,30,25,,1,45,32,0,0,0,0,0,0,0,0,0,0,0,0,Yes,12,13,15,15,16,19,20,22,24,25,26,26,28,20,13,15,0,0,12,2,Yes,18,18,24,24,22,18,20,20,21,12,15,18,75,66,53,27,2,42,12,12,17,16,12,17,0,86,86,No,Routine Medical Appointments,Shopping,Social Events,Yes,33,20,,2,,1,,0,,2,,6,,1,,1,,0,,0,,1,4,3,13,11,1,0,0,0,0,0,0,0,0,0,1,,0,,0,,0,,0,,0,,0,0,,0,,0,,Yes,Yes,Yes,Yes,Yes,Yes,Yes,7128,8180,9460,10898,January,Desert Rose,3,0.75,8270,February,Magnolia,3,2,9520
Stonebridge at Burlington,50 Greenleaf Way,Burlington,1803,781-272-0080,Enardiello@stonebridgeatburlington.com,Executive Director,For-profit,No,2,1,84,26,1,Alzheimer's / Dementia,,,,Yes,399,0,1,0,1,570,0,1,0,1,437,0,1,0,1,86,0,1,0,1,85,0,1,93,0,1,0,1,109,0,1,0,1,195,0,1,0,1,17,0,1,0,1,78,0,1,0,1,136,0,1,0,1,201,0,1,0,1,0,0,0,0,0,0,0,0,0,2,6,0,14,26,0,9,24,0,1,1,0,83,0,0,0,0,0,0,0,0,0,1,3,0,3,6,0,4,10,0,0,0,0,27,82,83,85,87,93,93,95,97,100,104,107,110,97,98,93,97,99,98,101,103,102,99,103,104,4,4,0,0,0,0,0,0,110,110,110,0,0,0,110,14,7,77,22,0,1,25,11,0,1,7,17,0,0,0,0,0,0,0,0,0,0,0,0,Yes,3,4,4,5,7,7,6,7,7,6,6,7,45,20,1,4,2,1,3,40,No,,,,,,,,,,,,,70,63,48,31,17,43,34,14,10,9,14,19,10,110,110,No,Routine Medical Appointments,Shopping,Social Events,Yes,150,17,,13,,1,,6,,0,,3,,0,,0,,0,,0,,10,3,5,3,7,5,1,1,1,3,0,1,0,0,0,1,,1,,1,,6,,1,,0,,0,0,,0,,0,,Yes,Yes,Yes,Yes,Yes,Yes,Yes,9500,5325,11750,10650,3/31/2024,1,3,0.45,9400,,,,,
Avita of Newburyport,4 Wallace Bashaw JR Way,Newburyport,1951,9782257000,Matt@avitaofnewburyport.com,Executive Director,For-profit,No,1,1,0,76,3,Alzheimer's / Dementia,Alzheimer's / Dementia,Alzheimer's / Dementia,,Yes,1042,0,0,1,0,817,0,0,1,0,277,0,0,1,0,528,0,0,1,0,432,0,0,285,0,0,1,0,88,0,0,1,0,293,0,0,1,0,558,0,0,1,0,816,0,0,1,0,751,0,0,1,0,452,0,0,1,0,,,,,,,,,,,,,,,,,,,,,,,0,0,0,0,0,0,1,0,0,6,11,0,13,32,0,3,14,0,0,0,0,80,78,78,78,78,77,77,78,79,79,80,79,80,70,70,70,69,68,70,69,69,70,69,70,70,0,6,0,0,0,0,0,0,0,0,80,0,0,0,0,0,80,0,0,0,0,80,,,,0,80,0,0,0,0,0,0,0,0,0,0,0,0,Yes,23,23,26,31,35,32,32,32,30,29,31,32,0,48,0,5,0,27,0,0,No,,,,,,,,,,,,,71,67,68,30,12,49,4,7,4,15,19,25,6,80,80,No,,Shopping,Social Events,No,125,32,,6,,3,,1,,0,,3,,0,,0,,0,,0,,7,5,2,4,12,6,6,0,2,0,1,0,0,0,0,4,,2,,0,,1,,0,,0,,0,0,,0,,0,,Yes,Yes,Yes,Yes,Yes,Yes,Yes,0,7235,0,10755,,,,,,,,,,
Springhouse,44 Allandale Street,Boston,2130,617-522-0043,tony.amico@humangood.org,Business Manager or General Manager,Not-for-profit,No,1,1,36,13,1,Alzheimer's / Dementia,,,,No,,0,0,0,0,,0,0,0,0,,0,0,0,0,,0,0,0,0,,0,0,,0,0,0,0,,0,0,0,0,,0,0,0,0,,0,0,0,0,,0,0,0,0,,0,0,0,0,,0,0,0,0,0,0,0,0,0,0,0,0,0,1,1,0,6,15,0,6,10,0,0,1,0,40,0,0,0,0,0,0,0,1,0,1,6,0,0,8,0,1,6,0,0,0,0,23,62,62,60,59,61,64,63,62,63,64,65,63,44,45,45,45,46,46,46,46,46,46,46,46,5,8,0,0,0,0,0,0,63,63,63,0,0,0,63,23,19,36,12,0,0,23,16,0,0,1,0,0,0,0,1,5,2,0,0,0,0,0,0,Yes,35,31,29,30,28,25,28,30,30,30,27,25,23,5,0,4,7,14,10,0,Yes,10,9,11,8,10,7,11,9,11,40,10,11,49,44,39,15,19,28,12,3,8,7,10,9,14,63,63,No,Routine Medical Appointments,Shopping,Social Events,Yes,90,13,,5,,0,,1,,1,,1,,2,,0,,0,,0,,2,4,0,2,5,3,0,3,1,0,0,0,1,2,0,1,,0,,0,,1,,0,,0,,0,0,,0,,0,,Yes,No,Yes,Yes,No,No,Yes,3746,4873,10296,12436,August,Standard one bedroom,3,1,9700,,,,,
Sunrise of Leominster,6 Beth Ave.,Leominster,1453,9785377600,Leominster.ED@sunriseseniorliving.com,Executive Director,For-profit,No,1,1,38,32,2,Alzheimer's / Dementia,Alzheimer's / Dementia,,,No,,0,0,0,0,,0,0,0,0,,0,0,0,0,,0,0,0,0,,0,0,,0,0,0,0,,0,0,0,0,,0,0,0,0,,0,0,0,0,,0,0,0,0,,0,0,0,0,,0,0,0,0,0,0,0,0,0,0,1,0,0,1,5,0,6,9,0,4,8,0,0,1,0,35,0,0,0,0,0,0,0,0,0,0,4,0,5,10,0,5,3,0,0,1,0,28,64,66,63,63,61,59,63,57,61,63,63,63,60,64,61,61,58,56,60,55,58,61,61,60,0,1,0,0,0,0,63,0,0,63,63,0,63,0,0,8,22,27,23,0,0,28,13,0,3,1,5,0,0,0,0,0,0,0,0,0,0,0,0,No,,,,,,,,,,,,,15,23,0,0,0,0,20,5,No,,,,,,,,,,,,,33,25,15,13,1,20,27,6,4,8,7,10,1,63,63,No,Routine Medical Appointments,Shopping,,Yes,98,18,,9,,11,,1,,0,,0,,6,,0,,0,,0,,11,6,1,2,13,5,2,1,3,1,0,0,0,0,0,1,,5,,1,,1,,0,,0,,3,0,,0,,0,,Yes,No,Yes,Yes,No,No,Yes,4030,9548,11780,14074,January,Regular 1 Bedroom,3,0.75,181,July,1 Bedroom,3,1.5,233
Cornerstone at Canton,175 Revere St,Canton,2021,7818213616,rscalzo@cornerstonecanton.com,Executive Director,For-profit,No,1,1,65,25,1,Alzheimer's / Dementia,,,,No,,0,0,0,0,,0,0,0,0,,0,0,0,0,,0,0,0,0,,0,0,,0,0,0,0,,0,0,0,0,,0,0,0,0,,0,0,0,0,,0,0,0,0,,0,0,0,0,,0,0,0,0,0,0,0,0,0,0,0,2,0,4,8,0,6,21,0,1,12,0,1,0,0,55,0,0,0,0,0,0,0,0,0,0,2,0,5,11,0,1,3,0,0,1,0,23,87,87,84,80,82,83,83,81,77,79,78,78,84,84,81,78,80,81,81,79,75,77,76,76,0,0,0,0,0,0,78,0,0,78,78,0,78,0,0,35,23,23,23,0,0,21,10,0,1,0,0,0,0,0,0,0,0,0,0,0,0,0,0,No,,,,,,,,,,,,,34,21,0,0,0,0,21,2,No,,,,,,,,,,,,,56,50,27,31,4,15,20,7,12,15,14,9,1,78,78,No,Routine Medical Appointments,Shopping,Social Events,Yes,140,14,,16,,5,,9,,0,,0,,0,,1,,0,,0,,13,2,4,5,5,5,6,6,0,1,0,1,0,0,0,5,,1,,0,,4,,2,,0,,1,0,,0,,0,,Yes,No,Yes,Yes,Yes,Yes,Yes,7111,10137,11900,13050,February,Traditional One Bedroom,3,,8950,,,,,
Concord Park,68 Commonwealth Avenue,Concord,1742,9783694728,nheimrath@slr-usa.com,Executive Director,Not-for-profit,No,1,2,82,20,1,Alzheimer's / Dementia,,,,Yes,657,0,0,1,1,400,0,0,1,1,570,0,0,1,1,348,0,0,1,1,344,0,1,314,0,0,1,1,1084,0,0,1,1,673,0,0,1,1,751,0,0,1,1,579,0,0,1,1,740,0,0,1,1,875,0,0,1,1,0,0,0,1,0,0,0,1,0,0,11,1,8,26,1,8,22,1,0,1,0,81,0,0,0,0,0,0,0,0,0,1,6,0,5,3,0,1,4,0,0,0,0,20,90,90,92,89,94,98,98,96,95,99,101,101,89,89,91,87,96,96,96,94,92,96,97,97,5,2,0,1,0,0,100,0,0,101,101,101,0,0,0,28,22,70,33,0,0,11,7,,2,0,1,3,0,0,0,0,0,0,0,0,0,0,0,Yes,0,1,1,1,1,1,1,1,1,1,1,1,51,18,0,1,0,0,30,2,No,,,,,,,,,,,,,59,55,46,32,10,36,36,7,9,11,14,18,6,101,101,No,Routine Medical Appointments,Shopping,Social Events,Yes,101,16,,14,,0,,5,,1,,3,,5,,0,,0,,0,,8,6,1,3,12,4,4,1,2,0,2,0,1,0,0,1,,1,,0,,5,,0,,0,,1,0,,0,,0,,Yes,Yes,Yes,Yes,Yes,No,Yes,1112.49,9050,11282,11823,April,Back facing,3,0,10350,July,back facing,3,1,10350
Heritage at Falmouth,140 Ter Heun Drive,Falmouth,2540,508 495-1918,cdavidson@capecodhealth.org,Executive Director,Not-for-profit,No,1,1,56,0,,,,,,Yes,3325,0,0,1,1,3221,0,0,1,1,4017,0,0,1,1,3087,0,0,1,1,4213,0,1,3559,0,0,1,1,3311,0,0,1,1,4089,0,0,1,1,3299,0,0,1,1,3190,0,0,1,1,3444,0,0,1,1,2314,0,0,1,1,0,0,0,0,0,0,0,0,0,2,3,0,5,12,0,8,19,0,0,1,0,50,,,,,,,,,,,,,,,,,,,,,,,51,53,49,52,51,53,48,51,48,50,43,48,47,49,46,49,48,50,45,49,46,48,41,46,0,,0,0,0,0,0,0,50,50,50,0,0,0,50,7,,24,,,,,,,,0,,0,,0,,0,,0,,0,,0,,No,,,,,,,,,,,,,34,,0,,0,,16,,No,,,,,,,,,,,,,34,16,22,15,0,12,18,10,4,6,2,10,0,50,50,No,,Shopping,Social Events,Yes,1,13,,3,,0,,0,,1,,2,,4,,0,,0,,0,,2,4,0,3,7,4,3,0,0,0,0,0,0,0,0,1,,0,,0,,0,,0,,0,,1,0,,0,,0,,Yes,Yes,Yes,Yes,Yes,Yes,Yes,4500,,7400,,January,standard,3,0.45,6800,,,,,
Goddard House Assisted Living Residence,165 Chestnut Street,Brookline,2445,(617) 731-8500,nmarcellus@goddardhouse.org,Executive Director,Not-for-profit,No,1,1,75,44,1,Alzheimer's / Dementia,,,,No,,0,0,0,0,,0,0,0,0,,0,0,0,0,,0,0,0,0,,0,0,,0,0,0,0,,0,0,0,0,,0,0,0,0,,0,0,0,0,,0,0,0,0,,0,0,0,0,,0,0,0,0,0,0,0,0,0,0,1,2,0,5,12,0,5,31,0,4,13,0,0,2,0,75,0,0,0,0,0,0,1,2,0,1,12,0,3,13,0,1,5,0,0,0,0,38,116,118,116,116,114,115,114,113,114,110,111,113,113,115,113,113,113,114,113,112,113,109,111,113,0,2,0,4,3,1,105,0,0,113,113,3,110,0,0,4,38,0,0,0,1,38,38,0,2,0,38,0,0,0,0,5,4,0,0,0,0,0,0,Yes,2,2,2,0,2,3,4,0,2,2,3,2,40,24,3,20,3,4,29,0,No,,,,,,,,,,,,,57,68,39,36,15,33,36,20,8,14,12,16,7,113,113,No,Routine Medical Appointments,Shopping,Social Events,Yes,113,18,,14,,0,,3,,0,,0,,4,,0,,1,Unhappy with Community,0,,6,2,1,2,8,6,6,1,3,2,0,1,0,0,0,0,,0,,0,,3,,0,,2,,0,1,,0,,0,,Yes,Yes,Yes,Yes,Yes,Yes,Yes,7050,5450,9750,9850,January,Small Studio,3,1.5,6800,February,Small Studio,3,8,9400
Giving Tree Senior Living,1827 Bridge Street,Dracut,1826,8669578733,trustcorp@aol.com,Executive Director,For-profit,No,1,2,108,52,1,Alzheimer's / Dementia,,,,Yes,296,0,0,1,0,136,0,0,1,0,168,0,0,1,0,488,1,0,1,0,400,1,0,480,1,0,1,0,472,1,0,1,0,672,1,0,1,0,609,1,0,1,0,180,0,0,1,0,80,0,0,1,0,160,0,0,1,0,0,0,0,0,0,0,3,1,0,8,6,0,2,9,0,6,7,0,0,1,0,43,0,0,0,0,0,0,0,0,0,1,0,0,7,15,0,1,3,0,0,0,0,27,79,77,77,76,79,78,78,75,69,70,71,70,79,77,77,76,79,78,78,75,69,70,71,70,0,0,0,0,0,0,69,1,0,70,70,1,69,0,0,13,26,32,35,0,0,27,27,0,0,2,5,0,0,0,0,6,5,0,0,0,0,0,0,Yes,28,28,28,28,27,26,26,28,28,28,29,29,25,0,2,26,1,0,15,1,No,,,,,,,,,,,,,44,38,17,8,4,15,15,10,21,21,0,3,0,70,70,No,,Shopping,Social Events,No,70,14,,3,,1,,3,,1,,0,,3,,2,,1,never physically moved in,0,,8,4,1,0,6,6,3,0,0,0,0,0,0,0,0,5,,0,,0,,0,,1,,0,,1,1,,0,,0,,Yes,Yes,Yes,Yes,Yes,Yes,Yes,3600,6000,5800,9000,February,Independent,3,45,3800,January,Memory Care,3,90,6750
Sunrise of Wayland,285 COMMONWEALTH RD,WAYLAND,1778,508-652-6300,wayland.ed@sunriseseniorliving.com,Executive Director,For-profit,No,1,1,43,16,1,Alzheimer's / Dementia,,,,Yes,10,0,0,1,0,,0,0,0,0,,0,0,0,0,,0,0,0,0,,0,0,,0,0,0,0,,0,0,0,0,,0,0,0,0,,0,0,0,0,,0,0,0,0,,0,0,0,0,,0,0,0,0,0,0,0,0,0,0,0,1,0,3,1,0,8,10,0,7,7,0,0,1,0,38,0,0,0,0,0,0,0,0,0,0,3,0,2,7,0,2,7,0,0,0,0,21,50,50,51,53,58,56,54,61,57,57,59,59,45,44,45,47,52,51,49,54,48,49,49,52,0,5,0,0,0,0,57,2,0,59,59,0,59,0,0,12,11,26,25,0,0,21,17,0,1,4,18,0,0,0,0,0,0,0,0,0,0,0,0,Yes,34,33,34,35,36,36,36,40,37,38,38,36,12,0,0,19,0,0,9,2,No,,,,,,,,,,,,,44,40,26,26,1,34,14,4,3,6,7,6,19,59,59,No,,Shopping,Social Events,Yes,59,18,,7,,10,1 community initiated,5,,0,,1,,1,,0,,0,,0,,14,0,9,7,7,4,1,0,0,0,0,0,0,0,0,3,,4,,1,,5,,0,,0,,1,0,,0,,0,,Yes,No,Yes,Yes,No,No,Yes,4290,9360,11250,13710,February,One Bedroom Suite,3,0,7320,,,,,
Chelmsford Crossings,199 Chelmsford Street,Chelmsford,1824,9782508855,bhillerstrom@benchmarkquality.com,Executive Director,For-profit,No,1,1,63,0,,,,,,No,,0,0,0,0,,0,0,0,0,,0,0,0,0,,0,0,0,0,,0,0,,0,0,0,0,,0,0,0,0,,0,0,0,0,,0,0,0,0,,0,0,0,0,,0,0,0,0,,0,0,0,0,0,0,0,1,0,0,2,1,0,2,5,0,12,13,0,9,17,0,1,3,0,66,,,,,,,,,,,,,,,,,,,,,,,67,67,64,64,66,67,67,68,67,67,66,66,63,63,61,61,63,63,63,63,63,62,61,61,0,0,0,0,0,0,0,0,66,66,66,0,0,0,0,22,0,61,31,0,0,0,0,0,0,1,0,0,0,0,0,0,0,0,0,0,0,0,0,Yes,0,0,0,0,0,0,0,0,0,0,0,0,25,0,0,0,0,0,41,0,No,,,,,,,,,,,,,31,18,10,11,0,9,30,13,3,5,2,6,0,59,66,No,Routine Medical Appointments,Shopping,Social Events,Yes,99,19,,1,,6,,2,,2,,0,,3,,0,,0,,0,,11,0,0,2,7,4,4,1,1,1,0,1,1,0,0,2,,1,,2,,2,,0,,0,,2,0,,0,,0,,No,,,,,,Yes,3317,0,11005,0,February,Standard,3,0,6665,0,0,0,0,0
Brigham House,341 Mount Auburn Street,Watertown,2472,6179237779,mbarbosa-santos@hallkeen.com,Other,For-profit,Yes,2,2,62,0,,,,,,Yes,22,0,0,1,0,15,0,0,1,0,0,0,0,0,0,15,0,0,1,0,45,0,0,48,0,0,1,0,65,0,0,1,0,15,0,0,1,0,45,0,0,1,0,8,0,0,1,0,16,0,0,1,0,78,0,0,1,0,0,0,0,1,0,0,3,6,0,11,13,0,4,7,0,0,7,0,0,1,0,53,,,,,,,,,,,,,,,,,,,,,,,58,57,57,54,54,56,56,53,53,52,53,53,1,1,1,1,1,1,1,1,1,1,1,1,0,0,0,2,1,0,50,0,0,53,53,0,0,0,53,5,0,25,15,0,8,0,0,0,0,0,0,0,0,0,0,18,0,0,0,0,0,0,0,No,,,,,,,,,,,,,38,0,0,0,0,0,0,0,No,,,,,,,,,,,,,16,15,7,6,0,9,16,16,8,7,6,0,0,53,53,No,,Shopping,Social Events,No,61,5,,7,,0,,3,,1,,0,,1,sister community,0,,1,senior housing,1,home,1,3,0,1,4,5,3,1,1,0,0,0,0,0,0,0,,0,,0,,3,,0,,0,,0,0,,0,,0,,Yes,Yes,Yes,Yes,Yes,Yes,No,5700,0,7500,0,,,,,,,,,,
The Village at Willow Crossings,25 Cobb Street,Mansfield,2048,508-261-1333,ademinico@benchmarkquality.com,Executive Director,For-profit,No,1,1,85,18,1,Alzheimer's / Dementia,,,,No,,0,0,0,0,,0,0,0,0,,0,0,0,0,,0,0,0,0,,0,0,,0,0,0,0,,0,0,0,0,,0,0,0,0,,0,0,0,0,,0,0,0,0,,0,0,0,0,,0,0,0,0,0,0,0,0,0,0,1,0,0,3,11,0,11,29,0,4,28,0,0,1,0,88,0,0,0,0,0,0,0,0,0,2,4,0,5,8,0,1,6,0,0,0,0,26,105,98,100,105,107,104,109,114,113,115,114,114,91,89,92,94,95,93,96,99,100,101,100,102,0,9,0,0,0,0,114,0,0,114,114,0,114,0,0,27,26,83,38,0,2,22,16,0,4,8,22,0,0,0,0,0,0,0,0,0,0,0,0,Yes,27,27,25,33,33,30,31,35,37,44,41,36,34,0,7,26,1,0,47,0,No,,,,,,,,,,,,,75,67,57,38,10,41,39,12,8,16,5,25,9,114,114,No,Routine Medical Appointments,Shopping,Social Events,Yes,173,33,,10,,5,,5,,2,,0,,4,,0,,0,,0,,11,1,5,3,10,3,4,1,1,2,0,0,1,0,0,3,,2,,0,,4,,0,,0,,2,0,,0,,0,,No,,,,,,Yes,5332,4712,12555,11160,March,1 bedroom deluxe,3,0,8100,,,,,
Wingate Residence at Needham,235 Gould Street,Needham,2494,781-455-9080,srizzari@wingateliving.com,Executive Director,For-profit,Yes,1,2,73,28,1,Alzheimer's / Dementia,,,,Yes,0,0,0,0,0,42,1,0,0,0,0,0,0,0,0,0,0,0,0,0,13,1,0,49,1,1,0,0,46,1,0,0,0,84,1,1,0,0,24,1,0,0,0,7,1,0,0,0,0,0,0,0,0,0,0,0,0,0,0,0,0,0,0,0,1,0,0,6,6,0,13,25,0,6,9,0,0,1,0,67,0,0,0,0,0,0,0,0,0,0,4,0,2,10,0,0,5,0,0,1,0,22,94,94,93,93,94,91,93,91,91,92,92,92,90,89,88,88,90,88,90,88,90,91,90,89,0,0,0,2,0,0,87,0,0,89,89,0,89,0,0,20,22,46,36,,,19,16,,,2,11,0,,0,,0,,0,,0,0,0,0,Yes,28,26,19,19,15,14,10,9,11,12,11,10,17,8,3,8,0,1,8,1,No,,,,,,,,,,,,,56,56,36,37,4,30,31,7,13,11,10,14,3,89,89,No,Routine Medical Appointments,Shopping,Social Events,Yes,120,17,,13,,5,,3,,1,,2,,0,,0,,0,,0,,3,3,4,2,11,9,5,1,0,0,1,1,0,1,0,1,,0,,0,,1,,0,,0,,1,0,,0,,0,,Yes,Yes,Yes,Yes,No,No,Yes,6665,10500,13186,16207,January,Standard,3,0,9595,April,Studio,3,3,12000
Christopher Heights of Belchertown,99 Front Street,Belchertown,1007,413 323-5500,tbollea@christopherheights.com,Executive Director,For-profit,Yes,1,1,83,0,,,,,,No,,0,0,0,0,,0,0,0,0,,0,0,0,0,,0,0,0,0,,0,0,,0,0,0,0,,0,0,0,0,,0,0,0,0,,0,0,0,0,,0,0,0,0,,0,0,0,0,,0,0,0,0,0,0,0,0,0,0,1,1,0,5,10,0,5,26,0,4,22,0,1,2,0,77,,,,,,,,,,,,,,,,,,,,,,,83,83,81,80,79,79,80,81,83,85,82,77,82,82,80,79,78,78,79,80,82,84,81,76,1,0,0,0,0,0,77,0,0,77,77,0,76,0,1,13,0,22,48,0,0,0,0,0,0,9,0,10,0,2,0,30,0,0,0,0,0,0,0,No,,,,,,,,,,,,,37,,0,,0,,40,,No,,,,,,,,,,,,,65,57,34,7,0,17,5,14,18,22,13,4,1,77,77,No,,Shopping,Social Events,Yes,101,12,,9,,0,,0,,0,,0,,3,,0,,0,,0,,3,1,3,3,3,6,1,2,1,1,0,0,0,0,0,0,,1,,0,,1,,0,,1,,0,0,,0,,0,,Yes,Yes,Yes,Yes,Yes,Yes,Yes,1366,0,7500,0,Janaury,One Bedroom,3,1.5,7500,0,0,0,0,0
Atria Merrimack Place,85 Storey Ave,Newburyport,1950,978-462-7324,deborah.riddell@atriaseniorliving.com,Executive Director,For-profit,No,1,2,106,23,1,Alzheimer's / Dementia,,,,Yes,107,0,0,1,0,180,0,0,1,0,326,0,0,1,0,152,0,0,1,0,119,0,0,11,0,0,1,0,,0,0,0,0,,0,0,0,0,,0,0,0,0,,0,0,0,0,,0,0,0,0,40,0,0,1,0,0,0,0,1,0,0,2,0,0,7,9,0,15,42,0,9,26,0,1,1,0,113,0,0,0,0,0,0,0,0,0,0,2,0,2,11,0,4,7,0,0,0,0,26,120,119,113,116,118,121,123,127,133,136,138,139,110,108,108,105,108,115,115,123,123,127,128,129,0,2,0,0,0,0,0,0,139,139,139,0,0,0,0,20,26,72,51,0,0,21,14,0,0,4,9,0,0,0,0,0,0,0,0,0,0,0,0,No,,,,,,,,,,,,,60,25,0,0,0,0,54,0,No,,,,,,,,,,,,,38,52,36,30,0,16,55,25,20,16,11,12,0,139,139,No,Routine Medical Appointments,Shopping,Social Events,No,185,15,,6,,5,,9,,8,,1,,5,,0,,0,,0,,12,6,8,2,9,2,4,3,2,0,0,0,0,1,0,4,,0,,0,,5,,0,,0,,2,0,,0,,0,,Yes,Yes,Yes,Yes,No,Yes,Yes,5195,6750,15271,21245,Jan,traditional,3,0,7295,Jan,studio,3,3,11295
Eisenberg Assisted Living Residences,631 Salisbury St.,Worcester,1609,5087570981,lwhitney@eisenbergal.com,Executive Director,Not-for-profit,No,1,2,61,19,1,Alzheimer's / Dementia,,,,No,,0,0,0,0,,0,0,0,0,,0,0,0,0,,0,0,0,0,,0,0,,0,0,0,0,,0,0,0,0,,0,0,0,0,,0,0,0,0,,0,0,0,0,,0,0,0,0,,0,0,0,0,0,0,0,0,0,0,0,0,0,0,3,0,3,26,0,5,20,0,0,3,0,60,0,0,0,0,0,0,0,0,0,0,0,0,2,10,0,1,3,0,0,0,0,16,77,72,73,75,70,72,75,75,78,79,79,76,76,72,73,74,70,71,73,73,75,77,77,75,0,0,0,0,0,0,0,0,76,76,76,0,0,0,76,9,10,50,38,0,1,16,11,0,1,0,5,0,0,0,0,7,3,0,0,0,0,0,0,No,,,,,,,,,,,,,39,16,0,0,0,0,21,0,No,,,,,,,,,,,,,47,39,21,11,0,19,21,12,16,13,11,3,0,76,76,No,Routine Medical Appointments,Shopping,,No,106,8,,19,,0,,2,,0,,0,,0,,0,,0,,0,,4,3,0,0,4,5,5,2,2,0,2,0,0,1,1,0,,2,,0,,2,,0,,0,,0,0,,0,,0,,Yes,Yes,Yes,Yes,No,Yes,Yes,2060,3964,10712,8176,April,Superior 1 bedroom,3,1,6859,June,Luxury 1 bedroom,3,1,8176
Maplewood at Weston,99 Norumbega Rd,Weston,2493,781-899-5505,jratcliffe@maplewoodsl.com,Executive Director,For-profit,No,3,2,76,22,1,Alzheimer's / Dementia,,,,No,,0,0,0,0,,0,0,0,0,,0,0,0,0,,0,0,0,0,,0,0,,0,0,0,0,,0,0,0,0,,0,0,0,0,,0,0,0,0,,0,0,0,0,,0,0,0,0,,0,0,0,0,0,0,0,0,0,0,1,1,0,2,13,0,19,27,0,16,12,0,1,0,0,92,0,0,0,0,0,0,0,0,0,0,3,0,1,12,0,0,5,0,0,1,0,22,117,112,112,110,111,113,109,103,104,104,111,114,88,83,83,81,84,85,81,82,80,81,86,89,0,0,0,7,1,0,99,0,7,114,114,0,0,0,114,7,14,0,,,0,22,,,1,0,0,0,0,0,0,0,0,0,0,0,0,0,0,Yes,28,23,26,23,27,25,22,22,23,23,23,23,21,0,2,21,1,0,68,1,No,,,,,,,,,,,,,47,42,27,19,9,26,64,7,11,22,3,5,2,114,114,No,Routine Medical Appointments,Shopping,Social Events,Yes,144,6,,3,,5,,0,,2,,2,,1,,0,,0,,0,,3,0,3,1,4,1,4,0,1,1,1,0,0,1,1,0,,0,,0,,0,,1,,0,,2,0,,0,,0,,Yes,Yes,Yes,Yes,Yes,Yes,Yes,7550,8000,14880,14090,March,Standard,3,0,12715,,,,,
Laurentide at Mashpee Commons,64 Great Neck Rd. S,Mashpee,2649,5085391300,Ktucker@laurentidemashpeecommons.Com,Executive Director,For-profit,Yes,2,2,52,18,1,Alzheimer's / Dementia,,,,No,,0,0,0,0,,0,0,0,0,,0,0,0,0,,0,0,0,0,,0,0,,0,0,0,0,,0,0,0,0,,0,0,0,0,,0,0,0,0,,0,0,0,0,,0,0,0,0,,0,0,0,0,0,0,0,0,0,0,0,0,0,1,8,0,10,18,0,6,14,0,0,1,0,58,0,0,0,0,0,0,0,0,0,0,3,0,2,7,0,2,6,0,0,0,0,20,77,76,75,75,73,71,75,79,81,79,76,77,68,68,66,64,63,62,62,67,70,67,67,68,0,2,0,0,0,0,0,0,78,78,78,0,0,0,78,18,20,58,58,,,20,20,,,18,20,0,0,0,0,0,0,0,0,0,0,0,0,Yes,5,4,5,5,5,6,7,7,8,8,7,7,39,14,1,6,0,0,17,0,No,,,,,,,,,,,,,58,42,30,18,3,25,18,15,13,8,8,14,2,78,78,No,Routine Medical Appointments,Shopping,Social Events,No,109,16,,5,,2,,1,,0,,7,,1,,0,,0,,0,,2,6,0,3,7,6,5,1,1,1,0,0,0,0,0,0,,0,,0,,1,,0,,0,,1,0,,0,,0,,Yes,Yes,Yes,Yes,Yes,Yes,Yes,4300,3990,11270,13210,January,traditional,3,0.75,9635,,,,,
The Residence at AdviniaCare Northbridge,85 Beaumont Dr,Northbridge,1534,508-234-9771,northbridgedow@adviniacare.com,Business Manager or General Manager,For-profit,No,1,,26,0,,,,,,No,,0,0,0,0,,0,0,0,0,,0,0,0,0,,0,0,0,0,,0,0,,0,0,0,0,,0,0,0,0,,0,0,0,0,,0,0,0,0,,0,0,0,0,,0,0,0,0,,0,0,0,0,0,0,0,0,0,0,1,0,0,0,3,0,2,9,0,1,7,0,0,1,0,24,,,,,,,,,,,,,,,,,,,,,,,14,15,14,15,15,15,17,18,18,18,16,17,14,15,14,15,15,15,17,18,18,18,16,17,0,0,0,0,0,0,0,0,24,24,24,0,0,0,24,1,0,8,10,0,0,0,0,0,0,1,0,0,0,0,0,0,0,0,0,0,0,0,0,No,,,,,,,,,,,,,13,0,0,0,0,0,0,0,No,,,,,,,,,,,,,7,7,7,2,0,5,8,2,2,3,4,5,0,24,24,No,Routine Medical Appointments,Shopping,Social Events,No,24,0,,3,,0,,3,,0,,0,,0,,0,,0,,0,,3,0,0,0,1,1,0,1,0,1,0,0,0,0,0,0,,0,,0,,3,,0,,0,,0,0,,0,,0,,No,,,,,,Yes,5100,0,6400,0,0,0,0,0,0,0,0,0,0,0
Henrietta Brewer House,11 MACS LANE P.O. BOX 2460,Vineyard Haven,2568,508693-4500,HBHI@COMCAST.NET,Executive Director,For-profit,No,1,2,14,0,,,,,,No,,0,0,0,0,,0,0,0,0,,0,0,0,0,,0,0,0,0,,0,0,,0,0,0,0,,0,0,0,0,,0,0,0,0,,0,0,0,0,,0,0,0,0,,0,0,0,0,,0,0,0,0,0,0,0,1,0,0,0,0,0,1,1,0,0,2,0,1,3,0,0,1,0,10,,,,,,,,,,,,,,,,,,,,,,,11,11,11,11,12,12,13,10,10,12,10,10,11,11,11,11,12,12,13,10,10,12,10,10,0,,0,0,1,0,9,0,0,10,10,0,9,1,0,8,0,10,9,0,0,0,0,0,0,0,0,0,0,0,0,0,0,0,0,0,0,0,0,No,,,,,,,,,,,,,10,0,0,0,0,0,0,0,No,,,,,,,,,,,,,9,9,8,6,4,8,1,2,0,1,1,0,5,10,10,No,,,,No,19,5,,1,,0,,0,,1,,0,,2,,0,,0,,0,,5,0,1,1,0,1,0,1,0,0,0,0,0,0,0,2,,0,,0,,1,,1,,0,,1,0,,0,,0,,Yes,Yes,Yes,Yes,No,No,Yes,10050,0,11100,0,0,0,0,0,0,,,,,
Christopher Heights of Webster,338 Thompson Road,Webster,1570,5089490400,dlibrandi@christopherheights.com,Executive Director,For-profit,Yes,1,1,83,0,,,,,,No,,0,0,0,0,,0,0,0,0,,0,0,0,0,,0,0,0,0,,0,0,,0,0,0,0,,0,0,0,0,,0,0,0,0,,0,0,0,0,,0,0,0,0,,0,0,0,0,,0,0,0,0,0,0,0,0,0,0,0,0,0,3,13,0,5,22,0,7,26,0,0,1,0,77,,,,,,,,,,,,,,,,,,,,,,,84,84,82,83,84,83,81,80,80,80,79,77,83,83,80,82,79,81,82,82,82,79,79,78,0,0,0,0,0,0,77,0,0,77,77,0,77,0,0,15,0,40,29,0,1,0,0,0,0,7,0,3,0,3,0,32,0,0,0,0,0,0,0,No,,,,,,,,,,,,,43,0,0,0,0,0,34,0,No,,,,,,,,,,,,,79,61,22,14,0,24,19,16,22,12,3,5,0,77,77,No,,Shopping,,No,26,5,,20,,0,,0,,0,,0,,1,,0,,0,,0,,0,0,0,0,0,0,0,0,0,0,0,0,0,0,0,,,,,,,,,,,,,,,,,,,,Yes,Yes,Yes,Yes,Yes,Yes,Yes,1225,,8000,,May,Traditional,3,2.5,7250,,,,,
The Parc at Harbor View Senior Living,46 Lincoln Street,Winthrop,2152,617-207-3009,wblaise@parcatharborview.com,Executive Director,For-profit,No,2,1,53,20,1,Alzheimer's / Dementia,,,,No,,0,0,0,0,,0,0,0,0,,0,0,0,0,,0,0,0,0,,0,0,,0,0,0,0,,0,0,0,0,,0,0,0,0,,0,0,0,0,,0,0,0,0,,0,0,0,0,,0,0,0,0,0,0,0,0,0,0,1,1,0,2,9,0,1,10,0,4,7,0,0,0,0,35,0,0,0,0,0,0,0,0,0,1,5,0,3,5,0,0,3,0,0,1,0,18,42,42,42,42,42,42,42,50,56,56,62,62,41,41,41,41,41,41,41,49,55,55,61,61,1,1,0,0,0,0,0,0,62,62,53,0,0,0,62,16,20,16,9,,,12,8,,,0,0,,,,,8,5,,,0,0,0,0,Yes,7,7,7,7,7,7,7,6,6,7,5,5,15,18,5,0,0,0,20,0,Yes,1,1,2,2,2,2,2,4,4,4,3,3,25,25,25,29,16,23,12,2,2,14,7,1,0,38,53,No,Routine Medical Appointments,Shopping,Social Events,Yes,91,12,,8,,1,,1,,2,,1,,0,,0,,0,,0,,3,2,1,2,10,6,1,0,0,0,0,0,0,0,0,0,,1,,0,,1,,0,,1,,0,0,,0,,0,,Yes,No,Yes,Yes,Yes,Yes,Yes,5000,6200,6620,6475,April,standard,3,1,5520,May,standard,3,2,6475
The Residence at Cedar Dell,628 Old Westport Road,Westport,2747,5086360590,melkins@residencecedar.com,Executive Director,For-profit,Yes,1,1,61,17,1,Alzheimer's / Dementia,,,,No,,0,0,0,0,,0,0,0,0,,0,0,0,0,,0,0,0,0,,0,0,,0,0,0,0,,0,0,0,0,,0,0,0,0,,0,0,0,0,,0,0,0,0,,0,0,0,0,,0,0,0,0,0,0,0,0,0,0,0,4,0,2,12,0,3,22,0,4,13,0,0,0,0,60,0,0,0,0,0,0,0,0,0,2,1,0,4,8,0,1,3,0,0,0,0,19,75,75,73,72,71,73,72,76,75,78,78,77,75,75,73,72,71,73,72,76,75,78,78,77,0,1,0,0,0,0,0,0,79,79,79,0,0,0,79,12,19,60,11,0,1,19,19,0,1,7,17,6,0,0,0,0,0,0,0,0,0,0,0,Yes,21,20,21,21,19,21,19,17,19,20,21,23,33,0,3,19,0,0,16,0,No,,,,,,,,,,,,,58,48,50,24,3,29,17,9,7,12,13,11,10,79,79,No,Routine Medical Appointments,Shopping,Social Events,Yes,120,15,,9,,10,,3,,0,,2,,1,,0,,0,,0,,9,6,1,4,6,4,7,0,1,2,1,1,0,0,0,3,,3,,1,,2,,0,,0,,0,0,,0,,0,,No,,,,,,Yes,5940,6050,9515,10640,February,1 bedroom,3,0.45,7395,January,studio,3,2,9675
Keystone Place at Buzzards Bay,218 Main Street,Buzzards Bay,2532,7743024539,dgriffith@keystonesenior.com,Executive Director,For-profit,No,1,3,55,20,1,Alzheimer's / Dementia,,,,No,,0,0,0,0,,0,0,0,0,,0,0,0,0,,0,0,0,0,,0,0,,0,0,0,0,,0,0,0,0,,0,0,0,0,,0,0,0,0,,0,0,0,0,,0,0,0,0,,0,0,0,0,0,0,0,0,0,0,0,0,0,2,4,0,5,15,0,6,16,0,1,0,0,49,0,0,0,0,0,0,1,0,0,0,2,0,1,9,0,2,7,0,0,0,0,22,78,82,78,76,75,78,76,73,71,72,72,71,70,73,70,69,70,72,70,67,66,67,67,66,0,1,0,0,0,0,0,0,71,71,71,0,0,0,71,16,22,39,21,0,1,19,15,0,0,6,16,0,0,0,0,0,0,0,0,0,0,0,0,Yes,35,34,25,36,35,34,34,36,35,37,37,35,19,9,9,11,13,2,8,0,No,,,,,,,,,,,,,59,59,55,38,36,43,5,3,6,10,9,19,19,71,71,No,Routine Medical Appointments,Shopping,Social Events,Yes,108,25,,5,,0,,0,,3,,0,,2,,0,,1,moved in with family,0,,1,1,5,4,5,5,4,6,0,0,2,2,1,0,0,1,,0,,0,,0,,0,,0,,0,0,,0,,0,,Yes,Yes,Yes,Yes,Yes,Yes,Yes,6995,6375,10500,10500,January,single A-1B,3,0.75,8525,February,studio,3,24,9995
Grove Manor Estates,160 Grove Street,Braintree,2184,7818433700,dfranchifederico@franchihc.com,Executive Director,For-profit,No,1,1,70,15,1,Alzheimer's / Dementia,,,,Yes,223,1,1,0,1,209,1,1,0,1,125,1,1,0,1,90,1,1,0,1,104,1,1,138,1,1,0,1,153,1,1,0,1,68,1,1,0,1,195,1,1,0,1,207,1,1,0,1,144,1,1,0,1,116,1,1,0,1,0,0,0,0,0,0,0,0,0,2,3,0,8,18,0,3,12,0,0,3,0,49,0,0,0,0,0,0,0,0,0,1,5,0,0,9,0,0,2,0,0,0,0,17,62,62,61,60,66,68,66,68,68,70,70,66,58,57,57,58,63,61,64,65,66,68,67,64,0,2,0,0,0,0,0,0,66,66,66,0,0,0,66,8,17,47,17,0,1,16,10,0,0,2,4,0,0,0,0,0,2,0,0,0,0,0,0,Yes,18,18,17,14,14,14,14,14,14,14,16,17,33,0,0,17,0,0,14,0,No,,,,,,,,,,,,,52,43,19,15,10,19,14,9,18,6,7,6,6,66,66,No,Routine Medical Appointments,Shopping,Social Events,Yes,94,8,,10,,2,,5,,0,,0,,3,,0,,0,,0,,8,2,1,1,10,1,2,1,1,0,0,0,1,0,0,1,,1,,1,,5,,0,,0,,0,0,,0,,0,,Yes,Yes,Yes,Yes,Yes,Yes,Yes,6169,6925,7151,8820,JANUARY,one bedroom unit,3,1,6878,None - all studios,,,,
The Saab Residence,1085 VARNUM AVE,LOWELL,1854,978-569-1016,crobbins@dyouville.org,Executive Director,Not-for-profit,No,1,2,45,15,1,Alzheimer's / Dementia,,,,Yes,133,0,0,1,0,88,0,0,1,0,129,1,1,1,0,0,0,0,0,0,0,0,0,92,0,0,1,0,23,0,0,1,0,152,1,1,1,0,36,0,0,1,0,145,0,0,1,0,467,0,0,1,0,257,0,0,1,0,0,0,0,0,0,0,1,3,0,2,7,0,1,13,0,5,9,0,0,0,0,41,0,0,0,0,0,0,0,0,0,0,5,0,0,4,0,2,4,0,0,0,0,15,57,56,56,58,55,57,57,55,55,56,58,56,54,54,54,56,52,54,54,53,53,54,56,54,0,0,0,0,0,0,0,0,56,56,56,0,0,0,56,7,9,39,34,0,1,15,15,0,0,2,0,0,0,0,0,8,0,0,0,0,0,0,0,Yes,25,26,29,27,27,29,28,27,29,27,24,25,24,0,1,15,9,0,13,0,No,,,,,,,,,,,,,43,29,16,7,1,3,15,11,12,17,0,1,0,56,56,No,,Shopping,Social Events,Yes,86,3,,17,,3,,7,,3,,1,,5,,0,,0,,0,,7,3,1,1,5,6,0,2,1,1,2,0,0,0,0,0,,0,,0,,0,,0,,0,,7,0,,0,,0,,Yes,No,Yes,No,No,No,Yes,704.9,1304.76,8534,7730,February,Traditional One Bedroom Apartment,3,1,7567,February,Studio Apartment,3,1,7730
Edelweiss Village,2220 Centre Street,West Roxbury,2132,8575472000,adaury@germancentre.org,Executive Director,Not-for-profit,No,1,3,46,12,1,Alzheimer's / Dementia,,,,No,,0,0,0,0,,0,0,0,0,,0,0,0,0,,0,0,0,0,,0,0,,0,0,0,0,,0,0,0,0,,0,0,0,0,,0,0,0,0,,0,0,0,0,,0,0,0,0,,0,0,0,0,0,0,0,0,0,0,1,0,0,7,1,0,6,15,0,5,10,0,0,2,0,47,0,0,0,0,0,0,1,0,0,1,4,0,0,6,0,0,1,0,0,0,0,13,45,46,44,44,45,46,51,56,58,62,64,62,43,43,41,41,42,43,48,53,55,62,59,57,0,2,0,0,0,0,0,0,62,62,60,0,0,0,62,20,13,31,14,0,0,13,6,0,1,3,0,0,0,0,0,0,0,0,0,0,0,0,0,Yes,0,0,0,0,0,0,9,11,12,13,13,13,24,0,0,12,0,1,25,0,No,,,,,,,,,,,,,30,28,9,19,3,19,19,13,7,11,5,2,3,60,60,No,Routine Medical Appointments,Shopping,Social Events,No,80,4,,9,,0,,0,,0,,1,,4,,0,,0,,0,,6,3,1,1,3,1,0,1,0,0,1,1,0,0,0,1,,2,,0,,0,,0,,0,,4,0,,0,,0,,Yes,Yes,Yes,Yes,Yes,Yes,Yes,2300,6230,9275,9430,January,Studio,3,1,6960,July,Studio,3,3,8930
Benchmark Senior Living at Forge Hill,4 Forge Hill Road,Franklin,2038,5085289200,jlast@benchmarkquality.com,Executive Director,For-profit,No,1,1,81,16,1,Alzheimer's / Dementia,,,,No,,0,0,0,0,,0,0,0,0,,0,0,0,0,,0,0,0,0,,0,0,,0,0,0,0,,0,0,0,0,,0,0,0,0,,0,0,0,0,,0,0,0,0,,0,0,0,0,,0,0,0,0,0,0,0,0,0,0,1,3,0,2,7,0,14,23,0,9,23,1,0,2,0,85,0,0,0,0,0,0,0,2,0,2,6,0,4,3,0,2,3,0,0,0,0,22,116,118,117,118,113,110,107,107,101,103,104,108,94,96,95,97,93,92,91,90,86,88,89,92,0,10,0,2,0,0,105,0,0,107,107,0,105,2,0,8,22,52,67,,,22,22,,1,52,22,0,0,0,0,0,0,0,0,0,0,0,0,Yes,31,31,32,34,35,30,27,27,24,25,26,27,25,0,8,18,5,0,41,0,No,,,,,,,,,,,,,52,54,31,22,4,41,37,6,14,15,16,14,5,107,107,No,Routine Medical Appointments,Shopping,Social Events,Yes,159,29,0,8,0,10,0,0,0,3,0,0,0,1,0,0,0,0,0,0,0,3,1,2,2,5,5,6,2,0,0,0,1,0,0,1,3,0,0,0,0,0,0,0,0,0,0,0,0,0,0,0,0,0,0,No,,,,,,Yes,1240,8990,16430,18290,January,Standard 1 bedroom,3,0,5850,April,Private,3,0,8850
Chestnut Knoll at Glennmeadow,24 Tabor Crossing,Longmeadow,1106,4133555947,mcarrier@glenmeadow.org,Other,Not-for-profit,No,1,1,34,0,,,,,,No,,0,0,0,0,,0,0,0,0,,0,0,0,0,,0,0,0,0,,0,0,,0,0,0,0,,0,0,0,0,,0,0,0,0,,0,0,0,0,,0,0,0,0,,0,0,0,0,,0,0,0,0,0,0,0,0,0,0,0,0,0,0,0,0,3,8,0,2,8,0,0,2,0,23,,,,,,,,,,,,,,,,,,,,,,,29,28,28,28,26,27,27,26,27,25,24,23,26,25,25,25,24,25,25,24,25,23,22,21,0,0,0,0,1,0,22,0,0,23,23,0,23,0,0,14,0,23,18,0,0,0,0,0,0,2,0,0,0,0,0,0,0,0,0,0,0,0,0,Yes,17,18,17,16,16,14,15,13,12,12,11,9,10,0,9,0,0,0,3,0,No,,,,,,,,,,,,,19,19,19,15,3,16,4,0,0,2,3,11,3,23,23,No,Routine Medical Appointments,Shopping,Social Events,No,38,10,,2,,0,,0,,0,,3,,0,,0,,0,,0,,2,1,0,1,3,3,2,1,0,1,0,1,0,0,0,2,,0,,0,,0,,0,,0,,0,0,,0,,0,,Yes,Yes,Yes,Yes,No,No,Yes,7265,,8818,,February,Topaz,3,1,7265,,,,,
Sunrise of Braintree,618 Granite Street,Braintree,2184,781 356-0190,braintree.ed@sunriseseniorliving.com,Executive Director,For-profit,No,4,2,51,28,1,Alzheimer's / Dementia,,,,No,,0,0,0,0,,0,0,0,0,,0,0,0,0,,0,0,0,0,,0,0,,0,0,0,0,,0,0,0,0,,0,0,0,0,,0,0,0,0,,0,0,0,0,,0,0,0,0,,0,0,0,0,0,0,0,0,1,0,3,2,0,1,6,0,8,10,0,5,4,0,0,1,0,41,0,0,0,0,0,0,1,0,0,1,0,0,7,15,0,1,3,0,0,0,0,28,66,64,59,61,69,65,68,65,71,68,70,69,61,62,59,60,64,63,61,62,62,63,65,62,4,3,0,0,1,0,68,0,0,69,69,0,0,0,69,11,28,34,19,0,1,22,14,0,0,1,0,0,0,0,0,0,0,0,0,0,0,0,0,Yes,44,43,41,41,41,45,45,46,43,46,45,49,20,1,24,25,1,0,5,0,No,,,,,,,,,,,,,57,53,30,35,12,47,9,5,5,10,16,11,13,69,69,No,,Shopping,Social Events,Yes,114,18,,7,,7,,4,,3,,4,,3,,0,,0,,0,,13,5,2,2,11,2,6,1,3,2,0,0,0,0,0,5,,3,,0,,4,,1,,0,,0,0,,0,,0,,Yes,Yes,Yes,Yes,No,No,Yes,4800,9090,12930,14430,May,Denver,3,24,7290,January,Denver,3,24,7740
Artis Senior Living of Reading,1100 Main Street,Reading,1867,781.872.1907,cdoherty@artismgmt.com,Executive Director,For-profit,No,1,1,0,64,4,Alzheimer's / Dementia,Alzheimer's / Dementia,Alzheimer's / Dementia,Alzheimer's / Dementia,Yes,87,1,1,0,0,69,1,1,0,0,76,1,1,0,0,56,1,1,0,0,32,1,0,16,1,0,0,0,8,1,0,0,0,27,1,0,0,0,28,1,0,0,0,25,1,0,0,0,171,1,0,0,0,79,1,0,0,0,,,,,,,,,,,,,,,,,,,,,,,0,0,0,0,0,0,1,1,0,1,17,0,5,23,0,0,8,0,0,0,0,56,61,62,58,58,59,63,61,55,57,58,56,56,61,62,58,58,59,63,61,55,57,58,56,56,0,0,0,0,0,0,56,0,0,56,56,0,56,0,0,0,56,0,0,0,0,54,29,0,2,0,14,0,0,0,0,0,0,0,0,0,0,0,0,Yes,61,62,58,58,59,63,61,55,57,58,56,56,0,7,0,40,0,9,0,0,No,,,,,,,,,,,,,52,52,45,26,8,30,4,0,7,3,4,30,8,56,56,No,,Shopping,Social Events,Yes,113,41,,7,,0,,1,,3,,0,,5,,0,,0,,0,,14,7,4,3,16,3,4,2,3,0,1,0,0,0,0,7,,1,,0,,0,,0,,0,,6,0,,0,,0,,Yes,No,No,Yes,No,No,Yes,0,9088,0,12565,,,,,,January,one bedroom,3,24,10800
Brightview Arlington,1 Symmes Road,Arlington,2474,781-646-0837,cmorrison@bvsl.net,Executive Director,For-profit,No,1,3,63,30,1,Alzheimer's / Dementia,,,,No,,0,0,0,0,,0,0,0,0,,0,0,0,0,,0,0,0,0,,0,0,,0,0,0,0,,0,0,0,0,,0,0,0,0,,0,0,0,0,,0,0,0,0,,0,0,0,0,,0,0,0,0,0,0,0,1,0,0,1,1,0,7,11,0,18,18,0,7,8,0,0,0,0,72,0,0,0,0,0,0,0,0,0,0,3,0,3,10,0,0,4,0,0,1,0,21,85,83,86,85,84,88,85,82,81,78,82,85,82,80,83,82,82,85,82,79,78,76,80,82,0,2,0,0,0,0,0,0,93,93,93,0,0,0,93,26,12,47,31,0,0,28,24,0,1,3,0,0,0,0,0,0,0,0,0,0,0,0,0,Yes,6,8,8,9,10,12,14,14,14,18,21,24,34,9,7,5,9,6,11,0,No,,,,,,,,,,,,,73,63,56,55,30,55,13,7,8,8,6,25,26,93,93,No,Routine Medical Appointments,Shopping,Social Events,Yes,135,26,,7,,0,,1,,1,,8,,2,,0,,0,,0,,9,12,1,4,8,9,4,3,0,0,0,1,0,1,0,5,,1,,0,,1,,0,,0,,2,0,,0,,0,,Yes,Yes,Yes,Yes,No,No,Yes,5100,6634,13270,14125,February,Standard 1BR 1Bath,3,0.7,10540,,,,,
Methuen Village at Riverwalk,4 Gleason Street,"Methuen, MA",1844,9786852220,shanley@methuenvillage.com,Executive Director,For-profit,No,1,1,77,18,1,Alzheimer's / Dementia,,,,No,,0,0,0,0,,0,0,0,0,,0,0,0,0,,0,0,0,0,,0,0,,0,0,0,0,,0,0,0,0,,0,0,0,0,,0,0,0,0,,0,0,0,0,,0,0,0,0,,0,0,0,0,0,0,0,0,0,0,1,1,0,4,8,0,11,26,2,5,16,0,0,1,0,75,0,0,0,0,0,0,0,0,0,2,4,0,1,6,1,0,2,0,0,0,0,16,85,87,87,92,93,94,96,93,93,94,94,91,80,81,82,86,86,87,89,87,87,88,88,86,0,3,0,0,0,0,0,0,91,91,91,0,0,0,91,23,9,72,6,0,0,16,1,0,0,1,13,0,0,0,0,22,3,0,0,0,0,0,0,Yes,4,5,5,3,4,5,7,6,6,6,6,6,34,13,4,2,0,0,37,1,No,,,,,,,,,,,,,59,52,46,37,6,40,26,10,5,11,12,23,4,91,91,No,,Shopping,Social Events,Yes,148,17,,23,,3,,9,,3,,0,,2,,0,,0,,0,,18,2,0,6,11,8,4,5,2,1,1,0,0,0,0,4,,3,,0,,11,,0,,0,,0,0,,0,,0,,Yes,Yes,Yes,Yes,Yes,Yes,Yes,2400,4775,7650,9347,January,Studio,3,0,6250,February,Studio,3,3,9250
Sunrise of Lynnfield,55 Salem St,Lynnfield,1940,7812450668,Lynnfield.ed@sunriseseniorliving.com,Executive Director,For-profit,No,1,1,50,29,1,Alzheimer's / Dementia,,,,No,,0,0,0,0,,0,0,0,0,,0,0,0,0,,0,0,0,0,,0,0,,0,0,0,0,,0,0,0,0,,0,0,0,0,,0,0,0,0,,0,0,0,0,,0,0,0,0,,0,0,0,0,0,0,0,0,0,0,1,0,0,7,5,0,2,11,0,3,16,0,0,2,0,47,0,0,0,0,0,0,0,0,0,3,3,0,7,7,0,5,8,0,0,0,0,33,81,85,87,90,90,85,87,88,83,82,81,80,89,90,96,97,98,90,94,94,86,85,84,84,0,9,0,0,1,0,79,0,0,80,80,0,80,0,0,4,22,39,20,0,0,26,15,0,1,0,26,0,0,0,0,0,0,0,0,0,0,0,0,Yes,40,41,47,49,51,51,51,53,47,45,44,42,20,0,14,28,0,0,13,2,No,,,,,,,,,,,,,68,57,45,27,9,57,14,8,6,6,4,23,19,80,80,No,,Shopping,Social Events,Yes,128,35,,5,,5,,0,,4,,0,,1,,0,,2,,0,,4,10,12,0,7,7,6,0,6,0,0,0,0,0,0,1,,2,,0,,0,,0,,0,,1,0,,0,,0,,Yes,Yes,Yes,Yes,No,No,Yes,213,212,508,548,4-11-24,One bedroom small,3,0.5,306,1-12-2024,One bedroom large,3,2.5,195
Cornerstone at Milford,11 Birch St,Milford,1757,508-473-0035,nleone@cornerstonemilford.com,Executive Director,For-profit,No,1,1,65,25,1,Alzheimer's / Dementia,,,,Yes,168,0,0,1,0,1545,0,0,1,0,227,0,0,1,0,141,0,0,1,0,328,0,0,280,0,0,1,0,184,0,0,1,0,224,0,0,1,0,395,0,0,1,0,440,0,0,1,0,520,0,0,1,0,420,0,0,1,0,0,0,0,0,0,0,0,1,0,3,4,0,5,23,0,3,19,1,0,2,0,61,0,0,0,0,0,0,0,0,0,0,2,0,1,14,2,2,2,0,0,0,0,23,89,88,84,89,86,90,90,91,88,86,84,84,87,86,82,88,86,86,86,88,88,84,85,84,1,0,0,0,0,0,83,1,0,84,84,0,83,1,0,13,18,54,35,0,0,23,16,0,2,1,,0,0,0,0,2,2,0,0,0,0,0,0,Yes,2,3,1,2,2,2,3,3,3,3,3,3,42,21,3,2,0,1,16,0,No,,,,,,,,,,,,,68,67,52,43,10,49,12,2,8,13,20,22,7,84,84,No,Routine Medical Appointments,Shopping,Social Events,Yes,135,25,,14,,2,,7,,0,,0,,1,,0,,0,,0,,11,5,5,3,13,4,3,2,1,0,1,0,0,1,0,3,,2,,0,,6,,0,,0,,0,0,,0,,0,,Yes,Yes,Yes,Yes,Yes,Yes,Yes,7350,10350,8850,11450,March,Traditional,3,0,8650,June,Private Studio,3,24,11450
Brightview Concord River,199 Concord Road,Billerica,1821,978-252-1410,klajoie@bvsl.net,Executive Director,For-profit,Yes,1,3,66,27,1,Alzheimer's / Dementia,,,,No,,0,0,0,0,,0,0,0,0,,0,0,0,0,,0,0,0,0,,0,0,,0,0,0,0,,0,0,0,0,,0,0,0,0,,0,0,0,0,,0,0,0,0,,0,0,0,0,,0,0,0,0,0,0,0,0,0,0,0,0,0,0,7,0,11,15,0,8,15,0,1,1,0,58,0,0,0,0,0,0,0,1,0,3,1,0,3,8,0,1,8,0,0,0,0,25,75,74,74,71,72,68,69,58,53,51,48,42,79,79,82,85,83,83,86,77,75,76,79,80,0,0,0,0,0,0,0,0,0,0,83,0,0,0,0,14,16,28,12,0,0,23,23,0,0,0,0,0,0,0,0,0,0,0,0,0,0,0,0,Yes,13,13,13,13,13,11,12,12,12,14,15,17,34,10,2,7,4,6,16,1,Yes,10,5,12,5,4,0,0,5,4,5,9,10,62,54,41,26,22,35,19,10,11,8,6,14,15,83,83,No,Routine Medical Appointments,Shopping,Social Events,Yes,128,27,none,5,none,0,none,1,none,3,none,8,none,0,none,0,none,2,Dissatisfaction,1,Involuntary discharge,7,7,5,7,11,10,3,2,1,0,0,0,0,0,0,5,0,0,0,0,0,1,0,0,0,2,0,0,0,0,0,0,0,0,Yes,Yes,Yes,Yes,No,No,Yes,5372.5,9975,10745,11335,March,1B1BA,3,5,9475,March,WSTDIO,3,20,11230
Benchmark Senior Living at Leominster Crossings,1160 Main Street,Leominster,1453,978-254-1942,czalieckas@benchmarkquality.com,Executive Director,For-profit,No,2,1,45,17,1,Alzheimer's / Dementia,,,,No,,0,0,0,0,,0,0,0,0,,0,0,0,0,,0,0,0,0,,0,0,,0,0,0,0,,0,0,0,0,,0,0,0,0,,0,0,0,0,,0,0,0,0,,0,0,0,0,,0,0,0,0,0,0,0,0,0,0,1,0,0,1,1,0,4,10,0,6,5,0,4,10,0,42,0,0,0,0,0,0,0,0,0,3,2,0,0,3,0,0,3,0,2,7,0,20,75,74,69,69,67,67,65,64,62,60,64,62,62,63,58,58,57,56,54,53,52,51,54,52,1,2,0,0,0,0,62,0,0,62,62,0,62,0,0,33,19,,,0,0,,,0,0,4,19,2,0,0,0,0,0,0,0,0,0,0,0,Yes,24,24,24,23,23,23,23,22,20,23,22,22,16,0,3,17,2,0,19,2,No,,,,,,,,,,,,,31,28,28,30,13,27,25,25,5,0,3,1,3,62,62,No,Routine Medical Appointments,Shopping,Social Events,Yes,116,23,,8,,6,,0,,8,,0,,9,,0,,0,,0,,7,3,1,4,3,3,2,2,0,1,0,0,0,0,0,2,,1,,0,,0,,0,,0,,4,0,,0,,0,,No,,,,,,Yes,1197,8400,12090,18000,,,,,,January,Studio Deluxe,3,0,295
The Atrium at Drum Hill,2 Technology Dr,North Chelmsford,1863,9789340000,kholgate@benchmarkquality.com,Executive Director,For-profit,No,3,3,0,44,2,Alzheimer's / Dementia,Alzheimer's / Dementia,,,No,,0,0,0,0,,0,0,0,0,,0,0,0,0,,0,0,0,0,,0,0,,0,0,0,0,,0,0,0,0,,0,0,0,0,,0,0,0,0,,0,0,0,0,,0,0,0,0,,0,0,0,0,,,,,,,,,,,,,,,,,,,,,,,0,0,0,0,0,0,0,0,0,3,5,0,12,16,0,3,6,0,0,0,0,45,54,55,55,52,53,50,45,42,43,41,43,45,44,44,44,42,43,41,37,35,37,34,36,37,,2,0,0,0,0,0,0,45,45,45,0,0,0,45,,42,0,0,0,0,45,13,0,1,0,45,0,0,0,0,0,0,0,0,0,0,0,0,Yes,54,55,55,52,53,50,45,42,43,41,43,45,0,0,0,45,0,0,0,0,Yes,1,1,1,1,1,2,1,1,1,1,1,45,42,38,45,18,16,42,1,0,1,7,17,10,9,45,45,Yes,,,,No,78,17,,0,,7,,0,,6,,0,,3,,0,,0,,0,,6,4,4,3,9,6,1,0,0,0,0,0,0,0,0,2,,2,,0,,0,,0,,0,,2,0,,0,,0,,Yes,Yes,No,No,No,No,Yes,0,6975,0,17980,,,,,,1/30/24,studio deluxe,3,0,6750
The Cordwainer,555 Cordwainer Dr.,Norwell,2061,781-871-5550,mlastoria@cordwainermemorycare.com,Executive Director,For-profit,No,1,2,0,54,1,Alzheimer's / Dementia,,,,Yes,36,1,1,0,0,7,0,0,1,0,15,1,0,1,0,341,1,0,1,0,585,1,0,505,1,0,1,0,395,1,1,1,0,362,1,0,1,0,80,1,1,1,0,112,1,1,1,0,245,1,1,1,0,520,1,1,1,0,,,,,,,,,,,,,,,,,,,,,,,0,0,0,0,0,0,1,1,0,7,8,0,3,18,0,2,12,0,0,0,0,52,46,45,45,42,42,45,48,47,44,48,51,52,46,44,44,42,42,44,46,45,42,47,50,51,0,3,0,1,0,0,51,0,0,52,52,0,52,0,0,0,49,0,0,0,0,52,38,0,1,0,0,0,0,0,0,0,0,0,0,,0,,0,Yes,39,39,39,37,37,39,38,37,35,35,35,34,0,18,0,34,0,0,0,0,No,,,,,,,,,,,,,52,52,52,11,2,42,0,0,2,3,3,32,12,52,52,No,,Shopping,Social Events,Yes,1,16,,3,,0,,2,,3,,0,,0,,0,,0,,0,,4,4,5,2,9,0,0,0,0,0,0,0,0,0,0,2,,0,,0,,2,,0,,0,,0,0,,0,,0,,Yes,Yes,Yes,Yes,Yes,Yes,Yes,,10250,,12995,,,,,,,,,,
Stafford Hill,60 Stafford Street,Plymouth,2360,5088309990,sbowler@stafford-hill.com,Executive Director,For-profit,No,2,1,61,25,1,Alzheimer's / Dementia,,,,Yes,382,0,0,1,0,517,0,0,1,0,285,0,0,1,0,66,0,0,1,0,37,0,0,22,0,0,1,0,22,0,0,1,0,0,0,0,0,0,22,0,0,1,0,263,0,0,1,0,443,0,0,1,0,322,0,0,1,0,0,0,0,0,0,0,1,0,0,3,7,0,4,19,0,8,13,0,0,0,0,55,0,0,0,0,0,0,0,1,0,1,5,0,4,6,0,0,3,0,0,1,0,21,89,89,89,86,81,79,80,81,82,79,77,76,78,77,79,73,69,70,70,73,76,74,69,70,0,1,0,0,0,0,0,0,76,76,76,0,0,0,76,49,18,50,27,0,1,23,17,0,1,0,0,0,0,0,0,0,0,0,0,0,0,0,0,Yes,2,2,2,2,2,2,2,2,2,4,4,6,36,16,0,5,1,0,18,0,No,,,,,,,,,,,,,58,47,23,15,2,27,13,17,15,9,13,8,1,76,76,No,Routine Medical Appointments,Shopping,Social Events,No,128,20,,16,,8,,3,,0,,4,,1,,0,,0,,0,,8,3,4,5,12,8,4,2,2,0,1,0,1,2,0,0,,6,,1,,0,,0,,0,,1,0,,0,,0,,Yes,Yes,Yes,Yes,Yes,Yes,Yes,5050,8660,10465,10768,March,1 BR,3,0.45,9225,March,companion,3,1,9210
River Mills Assisted Living at Chicopee Falls,7 rivermills drive,chicopee,1020,4135310995,jgirard@hallkeen.com,Executive Director,For-profit,No,1,2,73,22,1,Alzheimer's / Dementia,,,,Yes,0,0,0,0,0,0,0,0,0,0,0,0,0,0,0,53,0,0,0,1,29,0,1,147,0,0,0,1,54,0,0,0,1,13,0,0,0,1,0,0,0,0,0,0,0,0,0,0,0,0,0,0,0,0,0,0,0,0,0,0,0,0,1,0,3,7,0,5,11,0,10,21,0,4,8,0,0,1,0,71,0,0,0,0,0,0,0,0,0,0,7,0,2,12,0,0,5,0,0,0,0,26,93,93,93,95,100,99,98,98,99,102,99,97,90,88,87,89,94,92,91,91,92,94,91,91,3,2,0,0,0,0,93,4,0,97,97,0,93,4,0,21,22,52,22,0,1,21,13,0,1,5,21,0,0,0,0,37,11,0,0,0,0,0,0,No,,,,,,,,,,,,,52,25,0,0,0,0,19,1,No,,,,,,,,,,,,,59,49,40,22,0,43,9,18,10,13,14,17,16,97,97,No,Routine Medical Appointments,Shopping,Social Events,Yes,130,17,,18,,3,,0,,2,,0,,3,,0,,0,,0,,8,4,2,3,18,5,0,3,0,0,0,0,0,0,0,3,,5,,0,,0,,0,,0,,0,0,,0,,0,,Yes,Yes,Yes,Yes,Yes,Yes,Yes,2600,4080,7100,7981,1/24,1 bedroom,3,1,5400,,,,,
New Horizons at Choate,21 Warren Avenue,Woburn,1801,781-932-8000,cac@cummings.com,Other,Not-for-profit,No,1,1,40,0,,,,,,No,,0,0,0,0,,0,0,0,0,,0,0,0,0,,0,0,0,0,,0,0,,0,0,0,0,,0,0,0,0,,0,0,0,0,,0,0,0,0,,0,0,0,0,,0,0,0,0,,0,0,0,0,0,0,0,0,0,0,0,0,0,0,1,0,3,4,0,6,15,0,0,1,0,30,,,,,,,,,,,,,,,,,,,,,,,33,30,30,32,32,30,28,32,31,31,32,30,33,30,30,32,32,30,28,32,31,31,32,30,0,0,0,0,0,0,30,0,0,30,30,0,30,0,0,13,0,7,5,0,1,0,0,0,0,0,0,0,0,0,0,0,0,0,0,0,0,0,0,No,,,,,,,,,,,,,19,0,0,0,0,0,11,0,Yes,0,0,0,0,0,0,0,0,4,5,6,4,24,18,9,8,4,9,6,6,5,3,4,4,2,30,30,No,,Shopping,Social Events,No,49,6,,4,,0,,0,,2,,0,,0,,0,,7,Memory care,0,,0,1,2,2,1,1,4,2,2,1,1,0,0,1,1,,,,,,,,,,,,,,,,,,,,Yes,Yes,Yes,Yes,No,No,Yes,2400,,3995,,January,Large one bedroom,3,1.5,3995,,,,,
The Gables of Fitchburg,935 John Fitch Highway,Fitchburg,1420,9783438789,dawn@gablesal.com,Executive Director,For-profit,No,1,1,47,0,,,,,,Yes,94,0,0,1,0,18,0,0,1,0,22,0,0,0,0,7,0,0,0,0,0,0,0,0,0,0,0,0,0,0,0,0,0,0,0,0,0,0,0,0,0,0,0,0,0,0,0,0,0,0,0,0,0,0,0,0,0,0,0,0,0,0,0,0,0,1,0,1,4,0,6,14,0,5,12,0,1,0,0,44,,,,,,,,,,,,,,,,,,,,,,,43,43,43,42,43,45,45,42,42,42,42,44,38,38,39,39,39,41,41,38,38,38,38,39,0,0,0,0,0,0,42,2,2,46,44,2,42,0,0,5,0,33,21,0,0,0,0,0,0,1,0,0,0,0,0,0,0,0,0,0,0,0,0,No,,,,,,,,,,,,,26,0,0,0,0,0,18,0,No,,,,,,,,,,,,,25,18,7,13,0,8,17,11,9,0,0,0,0,37,44,No,Routine Medical Appointments,Shopping,Social Events,Yes,65,3,anticipated - hospice,2,,0,,1,,4,,4,,3,,0,,0,,0,,1,2,1,0,6,2,4,0,0,0,0,0,0,0,1,0,,0,,0,,1,,0,,0,,0,0,,0,,0,,No,,,,,,Yes,5230,,7500,,February,,3,1.5,6825,N/A,,,,
Loomis Lakeside at Reeds Landing,807 Wilbraham Rd,Springfield,1109,413-782-1800,Ltodd@loomiscommunities.org,Resident Care Director,Not-for-profit,No,1,1,15,0,,,,,,Yes,0,0,0,0,0,0,0,0,0,0,0,0,0,0,0,0,0,0,0,0,0,0,0,8,0,0,1,0,8,0,0,1,0,0,0,0,0,0,8,0,0,1,0,8,0,0,1,0,0,0,0,0,0,0,0,0,0,0,0,0,0,0,0,0,0,0,0,0,0,0,0,2,0,1,4,0,0,0,0,7,,,,,,,,,,,,,,,,,,,,,,,13,13,9,8,8,8,8,9,9,8,7,7,12,13,8,7,8,8,8,8,8,6,5,7,0,0,0,0,0,0,7,0,0,7,7,0,7,0,0,4,0,7,5,0,0,0,0,0,0,0,0,0,0,0,0,0,0,0,0,0,0,0,0,No,,,,,,,,,,,,,7,0,0,0,0,0,0,0,No,,,,,,,,,,,,,4,5,2,0,0,2,1,2,2,1,1,0,0,7,7,No,Routine Medical Appointments,Shopping,Social Events,Yes,14,2,,3,,0,,0,,0,,2,,0,,0,,0,,0,,1,1,0,3,0,2,0,0,0,0,0,0,0,0,0,0,,1,,0,,0,,0,,0,,0,0,,0,,0,,Yes,No,Yes,Yes,No,No,Yes,5230,0,6610,0,1/2024,One bedroom two bathroom,3,1,6305,,,,,
Brightview Canton,125 Turnpike Street,Canton,2021,7813640070,rtavares@bvsl.net,Executive Director,For-profit,No,1,1,65,25,1,Alzheimer's / Dementia,,,,No,,0,0,0,0,,0,0,0,0,,0,0,0,0,,0,0,0,0,,0,0,,0,0,0,0,,0,0,0,0,,0,0,0,0,,0,0,0,0,,0,0,0,0,,0,0,0,0,,0,0,0,0,0,0,0,0,0,0,1,1,0,2,3,0,5,10,0,4,9,0,1,1,0,37,0,0,0,0,0,0,0,0,0,2,2,0,7,11,0,1,3,0,0,0,0,26,47,46,49,45,46,45,41,38,37,37,27,27,57,56,59,61,59,61,57,57,61,61,56,60,0,0,0,0,0,0,0,0,63,63,63,0,0,0,63,5,16,26,23,0,0,27,27,0,0,0,27,0,0,0,0,0,0,0,0,0,0,0,0,Yes,17,18,20,23,23,25,25,25,27,27,27,29,11,4,2,10,9,10,10,0,No,,,,,,,,,,,,,55,53,41,33,18,39,8,1,8,6,7,22,11,63,63,No,Routine Medical Appointments,Shopping,Social Events,Yes,,21,,10,,0,,3,,1,,11,,0,,0,,0,,0,,4,3,2,3,8,16,8,5,1,1,5,2,0,0,0,1,,0,,0,,3,,0,,0,,0,0,,0,,0,,Yes,Yes,Yes,Yes,No,No,Yes,5837,10600,11675,12665,December,Traditional,3,5,10630,,,,,
NewBridge on the Charles,6000 Great Meadow Road,Dedham,2026,7812349400,RhondaGlyman@hsl.harvard.edu,Business Manager or General Manager,Not-for-profit,No,1,1,51,36,2,Alzheimer's / Dementia,Alzheimer's / Dementia,,,No,,0,0,0,0,,0,0,0,0,,0,0,0,0,,0,0,0,0,,0,0,,0,0,0,0,,0,0,0,0,,0,0,0,0,,0,0,0,0,,0,0,0,0,,0,0,0,0,,0,0,0,0,0,0,0,0,2,0,0,0,0,0,2,0,6,17,0,10,20,0,1,0,0,58,0,0,0,0,0,0,0,1,0,5,4,0,5,6,0,5,9,0,0,1,0,36,91,91,93,91,91,94,92,88,87,90,93,94,82,82,84,82,82,85,84,79,79,81,83,85,0,0,0,1,0,0,93,0,0,94,94,0,0,0,94,10,35,58,58,0,0,36,36,0,0,7,36,0,0,0,0,0,0,0,0,0,0,0,0,Yes,18,23,25,28,20,30,26,26,29,27,31,32,15,20,4,0,6,11,33,5,No,,,,,,,,,,,,,81,72,51,23,6,41,11,8,21,21,11,16,6,94,94,Yes,Routine Medical Appointments,Shopping,Social Events,No,128,18,,14,,0,,0,,1,,0,,0,,0,,0,,0,,3,4,2,2,8,3,3,1,4,1,0,2,0,1,0,1,,1,,0,,0,,1,,0,,0,0,,0,,0,,Yes,Yes,Yes,No,No,No,Yes,11628,13542,18615,17934,January,One Bedroom,3,1,11931,January,One Bedroom Deluxe,3,24,17261
Ruth's House,780 Converse Street,LONGMEADOW,1106,4133101025,jspezzano@jgslifecare.org,Executive Director,Not-for-profit,No,2,3,47,28,1,Alzheimer's / Dementia,,,,No,,0,0,0,0,,0,0,0,0,,0,0,0,0,,0,0,0,0,,0,0,,0,0,0,0,,0,0,0,0,,0,0,0,0,,0,0,0,0,,0,0,0,0,,0,0,0,0,,0,0,0,0,0,0,0,0,0,0,1,1,0,4,6,0,3,25,0,0,1,0,0,0,0,41,0,0,0,0,0,0,0,0,0,1,3,0,6,12,0,0,2,0,0,1,0,25,64,64,64,62,63,66,68,68,68,68,68,67,78,78,80,78,79,84,88,88,88,96,94,94,5,5,0,1,1,0,62,2,0,66,66,1,65,0,0,25,3,35,41,0,0,25,25,0,1,0,0,0,0,0,0,6,6,0,0,0,0,0,0,Yes,,,,,,,,,,,,,38,9,0,14,0,0,3,0,No,,,,,,,,,,,,,,,,,,,6,8,12,30,5,5,0,66,66,No,Routine Medical Appointments,Shopping,Social Events,No,66,13,,10,,1,,5,,2,,0,,7,,0,,0,,0,,10,2,4,2,5,6,3,1,2,0,0,2,1,0,0,2,,4,,0,,5,,1,,0,,2,0,,0,,0,,Yes,Yes,Yes,Yes,Yes,Yes,Yes,1361,2068,7550,8668,February,Standard,3,0,7200,March,Standard,3,0,8580
Sarawood Assisted Living,1 Loomis Ave,Holyoke,1040,4135327879,lisa.diluzio@sarawood.com,Executive Director,For-profit,No,1,1,28,0,,,,,,No,,0,0,0,0,,0,0,0,0,,0,0,0,0,,0,0,0,0,,0,0,,0,0,0,0,,0,0,0,0,,0,0,0,0,,0,0,0,0,,0,0,0,0,,0,0,0,0,,0,0,0,0,0,0,0,0,1,0,2,0,0,4,6,0,2,4,0,0,0,0,0,0,0,19,,,,,,,,,,,,,,,,,,,,,,,19,19,20,20,20,20,20,18,18,17,17,19,19,19,20,20,20,20,20,18,18,17,17,19,0,0,0,0,0,0,0,0,19,19,19,0,0,0,19,2,0,17,8,0,0,0,0,0,0,0,,0,0,7,0,6,0,2,0,0,0,0,0,No,,,,,,,,,,,,,17,0,0,0,0,0,2,0,No,,,,,,,,,,,,,16,4,2,0,0,0,0,2,13,4,0,0,0,19,19,No,Routine Medical Appointments,Shopping,Social Events,No,27,1,,3,,0,,2,,0,,1,,0,,0,,0,,0,,1,2,0,0,2,0,1,0,1,0,0,0,0,0,0,0,,0,,0,,1,,0,,0,,0,0,,0,,0,,No,,,,,,Yes,3255,0,3820,0,january,studio,3,1,3255,,,,,
Wingate Residence at Haverhill,10 Residences Way,Haverhill,1830,9789129250,tguenard@wingateliving.com,Executive Director,For-profit,No,1,1,44,20,1,Alzheimer's / Dementia,,,,Yes,56,0,0,1,0,61,0,0,1,0,38,0,0,1,0,45,0,0,1,0,67,0,0,0,0,0,1,0,120,0,0,1,0,8,0,0,1,0,55,0,0,1,0,8,0,0,1,0,72,0,0,1,0,8,0,0,1,0,0,0,0,0,0,0,1,0,0,1,1,0,3,13,0,6,18,0,0,1,0,44,0,0,0,0,0,0,0,0,0,0,3,0,1,14,0,1,4,0,0,0,0,23,60,59,58,58,56,58,61,60,54,60,61,64,61,60,59,57,55,58,61,60,59,60,61,63,0,3,0,0,0,0,67,0,0,67,67,0,67,0,0,0,23,42,,0,0,22,,0,0,25,21,0,,0,,0,,0,,0,0,0,0,Yes,8,8,9,9,9,11,11,11,11,13,14,14,18,,1,,5,,22,,No,,,,,,,,,,,,,50,40,42,25,3,30,16,10,4,6,10,18,3,67,67,No,Routine Medical Appointments,Shopping,Social Events,Yes,67,8,,16,,2,,1,,6,,6,,7,,0,,0,,0,,11,7,2,4,9,3,1,1,2,0,0,0,0,0,0,1,,1,,0,,7,,1,,2,,1,0,,0,,0,,Yes,Yes,Yes,Yes,Yes,Yes,Yes,5325,6995,7995,9495,January,One Bedroom,3,0.45,7550,January,Studio,3,3,9495
Youville House,1573 Cambridge Street,Cambridge,2138,6174911234,BiancaMedeiros@youvillehouse.org,Other,Not-for-profit,No,1,1,95,0,,,,,,No,,0,0,0,0,,0,0,0,0,,0,0,0,0,,0,0,0,0,,0,0,,0,0,0,0,,0,0,0,0,,0,0,0,0,,0,0,0,0,,0,0,0,0,,0,0,0,0,,0,0,0,0,0,0,0,0,1,0,1,0,0,5,13,0,15,41,0,6,10,0,0,1,0,93,,,,,,,,,,,,,,,,,,,,,,,78,78,81,80,81,85,83,82,85,90,93,93,73,73,75,74,75,79,77,77,79,84,87,87,1,,0,7,2,0,83,1,0,93,93,0,93,0,0,14,,80,28,,,,,,,0,,,,,,7,,,,0,,0,,Yes,0,0,0,0,0,0,0,1,0,0,0,0,24,,0,,0,,60,,No,,,,,,,,,,,,,19,15,4,1,4,6,65,13,6,5,4,0,0,93,93,No,,Shopping,Social Events,Yes,116,13,,5,,0,,2,,2,,0,,1,,0,,0,,0,,4,0,0,0,2,2,1,4,5,1,0,2,1,0,1,0,,1,,0,,0,,1,,0,,2,0,,0,,0,,Yes,Yes,Yes,Yes,Yes,No,Yes,815,,10777,,February,one,3,1,8606,,,,,
Bridges by EPOCH at Westwood,140 University Avenue,Westwood,2090,7812516630,bharrison@bridgesbyepoch.com,Executive Director,For-profit,No,1,2,64,64,4,Alzheimer's / Dementia,Alzheimer's / Dementia,Alzheimer's / Dementia,Alzheimer's / Dementia,Yes,128,1,1,1,0,123,1,1,1,0,200,1,1,1,0,128,1,1,1,0,240,1,0,259,1,1,1,0,297,1,1,1,0,371,1,1,0,0,236,1,1,1,0,339,1,1,1,0,328,1,1,1,0,284,1,1,1,0,,,,,,,,,,,,,,,,,,,,,,,0,0,0,0,0,0,1,0,0,2,9,0,10,21,0,3,6,0,0,0,0,52,67,67,65,61,62,60,60,59,58,56,54,53,64,65,63,59,60,58,57,57,56,55,52,51,0,0,0,0,0,0,0,0,52,52,52,0,0,0,52,0,49,0,0,0,0,49,49,0,0,0,0,0,0,0,0,0,0,0,0,0,0,0,0,Yes,59,57,58,54,57,56,54,54,52,56,53,51,,3,,48,,0,,1,No,,,,,,,,,,,,,43,37,47,23,5,12,2,0,12,15,18,5,0,52,52,No,,Shopping,Social Events,Yes,67,23,,2,,0,,0,,3,,0,,5,,0,,0,,0,,8,3,3,5,10,10,4,2,1,0,0,0,0,0,0,2,,0,,0,,0,,1,,1,,3,0,,1,sister community,0,,Yes,Yes,Yes,Yes,No,No,Yes,,10320,,12585,,,,,,0,0,0,0,0
Chestnut Park at Cleveland Circle,50 Sutherland Road,Brighton,2135,617-566-1700,sylviaclark@benchmarkquality.com,Executive Director,For-profit,Yes,1,1,56,28,1,Alzheimer's / Dementia,,,,No,,0,0,0,0,,0,0,0,0,,0,0,0,0,,0,0,0,0,,0,0,,0,0,0,0,,0,0,0,0,,0,0,0,0,,0,0,0,0,,0,0,0,0,,0,0,0,0,,0,0,0,0,0,0,0,1,0,0,1,1,0,4,10,0,8,16,0,2,12,0,0,0,0,55,0,0,0,0,0,0,0,0,0,3,0,0,4,6,0,3,5,0,0,0,0,21,79,79,79,78,74,77,77,74,75,77,78,76,76,76,77,76,71,75,75,72,73,75,75,74,0,0,0,0,0,0,0,0,76,76,76,0,0,0,76,2,21,10,9,0,0,21,14,0,0,0,3,3,0,0,0,0,0,0,0,0,0,0,0,Yes,32,31,33,31,28,28,28,26,25,26,26,27,24,0,1,21,3,0,27,0,No,,,,,,,,,,,,,42,34,25,17,1,30,25,10,12,9,11,8,1,76,76,No,Routine Medical Appointments,Shopping,Social Events,Yes,119,19,,11,,2,,7,,2,,0,,2,,0,,0,,0,,10,4,2,0,11,4,3,3,4,1,0,0,0,1,0,2,,2,,0,,5,,1,,0,,0,0,,0,,0,,No,,,,,,Yes,4650,5700,7050,7350,January,Standard,3,0,6600,March,Standard,3,0,5700
Carriage House at Lee's Farm,134 Boston Post Rd,Wayland,1778,5083582800,lmattei@carriagehousewayland.com,Executive Director,For-profit,No,1,1,33,29,1,Alzheimer's / Dementia,,,,Yes,464,1,0,0,1,240,0,0,0,1,160,0,0,0,1,152,0,0,0,1,224,0,1,280,0,0,0,1,212,1,0,0,1,338,0,0,0,1,408,0,0,0,1,256,0,0,0,1,344,0,0,0,1,380,0,0,0,1,0,0,0,0,1,0,0,1,0,5,3,0,0,12,0,2,10,0,2,0,0,36,0,0,0,0,0,0,1,0,0,2,5,0,3,12,0,2,3,0,0,0,0,28,62,63,62,61,62,60,59,67,64,65,65,64,58,58,59,58,60,56,55,62,58,59,59,57,0,1,0,0,0,0,0,0,64,64,64,0,0,0,64,6,27,36,36,0,0,28,28,0,0,0,0,0,0,0,0,0,0,0,0,0,0,0,0,Yes,6,6,7,6,9,8,8,8,8,11,11,11,19,16,1,10,0,0,14,2,No,,,,,,,,,,,,,43,36,26,20,5,26,19,8,9,2,10,11,5,64,64,No,Routine Medical Appointments,Shopping,Social Events,No,93,8,,10,,1,,5,,2,,2,,3,,0,,0,,0,,6,7,1,3,5,6,3,0,0,0,0,0,0,0,0,0,,2,,0,,2,,0,,0,,2,0,,0,,0,,Yes,Yes,Yes,Yes,Yes,Yes,Yes,7990,8445,12809,11939,January 2024,standard,3,0.75,10175,,,,,
Blaire House of Milford Assisted Living,1 Railroad Street,Milford,1757,5084734666,tromano@egmcare.com,Executive Director,For-profit,No,1,1,23,19,1,Alzheimer's / Dementia,,,,Yes,112,0,0,1,0,104,0,0,1,0,112,0,0,1,0,160,0,0,1,0,112,0,0,144,0,0,1,0,64,0,0,1,0,43,1,0,0,0,32,1,0,0,0,24,0,0,1,0,8,0,0,1,0,0,0,0,1,0,1,0,0,0,1,0,0,1,0,1,4,0,5,2,0,0,6,0,0,1,0,22,0,0,0,0,0,0,1,0,0,1,3,0,3,6,0,0,1,0,0,1,0,16,32,35,34,34,37,36,35,35,33,37,34,38,74,81,79,79,86,83,81,81,76,86,79,86,1,1,0,0,0,0,37,1,0,38,38,1,37,0,0,6,16,12,15,0,0,10,12,0,2,0,4,0,0,0,0,0,0,0,0,0,0,0,0,No,,,,,,,,,,,,,18,16,0,0,0,0,4,0,No,,,,,,,,,,,,,33,25,15,10,1,22,3,2,4,6,12,10,1,38,38,No,Routine Medical Appointments,Shopping,Social Events,Yes,52,6,,6,,0,,2,,0,,0,,2,,0,,0,,0,,4,0,2,3,1,4,0,0,2,0,1,0,0,0,0,0,,3,,0,,1,,0,,0,,0,0,,0,,0,,Yes,No,Yes,Yes,Yes,Yes,Yes,4714,6673,6906,9860,$6.91,normal one bedroom,3,0,6906,8824,Regular 1 bedroom,3,3,8791
John Bertram House,29 Washington Square,Salem,1970,9787441002,johnbertramhouse.ed@sunriseseniorliving.com,Executive Director,Not-for-profit,No,1,2,25,0,,,,,,Yes,80,0,0,1,0,127,0,0,1,0,64,0,0,1,0,8,0,0,1,0,16,0,0,8,0,0,1,0,0,0,0,0,0,14,0,0,1,0,32,0,0,1,0,8,0,0,1,0,8,0,0,1,0,16,0,0,1,0,0,0,0,0,0,0,0,0,0,1,3,0,3,6,0,3,7,0,0,0,0,23,,,,,,,,,,,,,,,,,,,,,,,21,22,21,20,20,20,21,22,23,22,22,23,21,22,21,20,20,20,21,22,23,22,22,23,0,0,0,0,0,0,23,0,0,23,23,0,23,0,0,5,0,22,20,0,0,0,0,0,0,0,0,0,0,0,0,1,0,0,0,0,0,0,0,No,,,,,,,,,,,,,9,0,0,0,0,0,14,0,No,,,,,,,,,,,,,14,10,7,13,2,9,9,1,1,4,2,5,1,23,23,No,,Shopping,Social Events,No,35,5,,1,,2,,0,,2,,0,,1,,0,,0,,0,,2,2,1,0,3,2,1,0,0,0,0,0,0,0,0,1,,1,,0,,0,,0,,0,,0,0,,0,,0,,No,,,,,,Yes,4495,0,10212.64,0,0,0,0,0,0,0,0,0,0,0
Victorian Health of Chatham,389 Orleans Rd,Chatham,,5089451211,kaylabettencourt@broadreachhealth.org,Executive Director,For-profit,No,1,1,40,0,,,,,,No,,0,0,0,0,,0,0,0,0,,0,0,0,0,,0,0,0,0,,0,0,,0,0,0,0,,0,0,0,0,,0,0,0,0,,0,0,0,0,,0,0,0,0,,0,0,0,0,,0,0,0,0,0,0,0,0,0,0,0,2,0,2,3,0,2,12,0,4,12,0,0,1,0,38,,,,,,,,,,,,,,,,,,,,,,,38,38,36,35,37,39,37,38,37,39,38,38,38,36,33,35,37,39,37,36,35,39,38,35,0,0,0,0,0,0,38,0,0,38,38,0,38,0,0,2,,31,21,0,1,,,,,0,,0,,0,,0,,0,,0,,0,,No,,,,,,,,,,,,,28,,0,,0,,10,,No,,,,,,,,,,,,,8,8,8,0,0,0,30,0,0,8,0,0,0,38,38,No,,,,No,57,1,,11,,0,,5,,0,,0,,0,,0,,0,,0,,7,0,1,0,3,2,1,1,1,0,0,0,0,0,0,0,,1,,0,,5,,0,,0,,1,0,,0,,0,,Yes,Yes,Yes,Yes,No,No,Yes,4966,,7002,,January,Traditional,3,1,6575,,,,,
Standish Village,1190 Adams Street,Dorchester Center,2124,6177842208,jthoren@standishvillage.com,Executive Director,For-profit,No,2,1,72,13,1,Alzheimer's / Dementia,,,,Yes,48,0,0,1,0,56,0,0,1,0,80,0,0,1,0,40,0,0,1,0,40,0,0,0,0,0,0,0,0,0,0,0,0,47,0,0,1,0,0,0,0,0,0,0,0,0,0,0,0,0,0,0,0,157,0,0,1,1,0,0,0,0,0,0,8,1,0,12,12,1,7,18,2,5,9,0,0,0,0,75,0,0,0,0,0,0,0,0,0,0,3,0,4,7,0,0,2,0,0,0,0,16,87,96,90,93,88,86,87,94,95,97,93,91,85,92,88,90,86,84,84,90,92,94,90,90,7,4,1,0,7,0,82,1,0,91,91,0,0,0,91,10,16,47,,0,3,9,,0,0,0,0,0,0,0,0,17,5,0,0,0,0,0,0,No,,,,,,,,,,,,,53,16,0,0,0,0,22,0,No,,,,,,,,,,,,,61,53,46,36,9,34,26,6,10,11,16,16,6,91,91,No,Routine Medical Appointments,Shopping,Social Events,Yes,125,15,,12,,10,,7,,1,,0,,13,,1,,0,,0,,30,5,2,4,7,3,1,1,3,0,0,0,1,2,1,2,,4,,5,,7,,1,,0,,10,0,,0,,0,,Yes,Yes,Yes,Yes,Yes,Yes,No,703,7208,10932,10350,October,Traditional,3,,8150,,,,,
Cape Cod Senior Residences,100 Dr Julius Kelley Lane,Pocasset,2559,5085644474,mlebrun@slr-usa.com,Executive Director,For-profit,Yes,1,2,60,0,,,,,,No,,0,0,0,0,,0,0,0,0,,0,0,0,0,,0,0,0,0,,0,0,,0,0,0,0,,0,0,0,0,,0,0,0,0,,0,0,0,0,,0,0,0,0,,0,0,0,0,,0,0,0,0,0,0,0,0,0,0,0,0,0,5,5,0,3,14,0,4,27,0,2,0,0,60,,,,,,,,,,,,,,,,,,,,,,,60,60,59,57,60,60,59,60,60,60,60,60,60,60,59,57,60,60,59,60,60,60,60,60,0,0,0,0,0,0,0,0,60,60,60,0,0,0,60,15,0,36,45,0,0,0,0,0,0,1,0,7,0,0,0,0,0,0,0,0,0,0,0,No,,,,,,,,,,,,,27,0,0,0,0,0,33,0,No,,,,,,,,,,,,,32,17,17,5,0,7,12,7,12,13,7,5,4,60,60,No,,Shopping,Social Events,Yes,80,6,,11,,0,,0,,0,,0,,0,,1,,0,,2,passed at hospital,1,1,3,3,4,3,2,0,1,2,0,0,0,0,0,0,,0,,0,,0,,0,,0,,0,1,,0,,0,,Yes,Yes,Yes,Yes,Yes,Yes,Yes,1330,0,8860,0,January,Traditional,3,1,883,0,0,0,0,0
Atria Woodbriar Place,389 Woodbriar Place,Falmouth,MA,5085401600,michael.scarpellini@atriaseniorliving.com,Executive Director,For-profit,Yes,1,1,125,0,,,,,,No,,0,0,0,0,,0,0,0,0,,0,0,0,0,,0,0,0,0,,0,0,,0,0,0,0,,0,0,0,0,,0,0,0,0,,0,0,0,0,,0,0,0,0,,0,0,0,0,,0,0,0,0,0,0,0,0,0,0,0,0,0,14,0,0,52,0,0,22,0,0,1,0,0,89,,,,,,,,,,,,,,,,,,,,,,,102,102,98,89,92,90,88,90,94,90,90,89,95,95,91,83,87,85,83,85,89,85,83,83,0,0,0,0,0,0,85,2,2,89,89,0,85,2,2,2,0,19,3,0,23,0,0,0,0,0,0,0,0,0,0,0,0,0,0,0,0,0,0,No,,,,,,,,,,,,,29,0,0,0,0,0,58,0,No,,,,,,,,,,,,,15,17,16,0,1,4,33,28,20,6,2,0,0,89,89,No,Routine Medical Appointments,Shopping,Social Events,No,95,6,,26,,3,,5,,0,,8,,0,,4,,0,,0,,3,1,2,3,23,7,6,5,2,1,1,0,0,0,0,0,,1,,0,,2,,0,,0,,0,0,,0,,0,,Yes,Yes,Yes,Yes,Yes,Yes,Yes,3295,0,14295,0,January 2024,1 bedroom delux,3,0,8595,,,,,
Gabriel House of Fall River,261 Oliver Street,Fall River,2724,5086789095,Gabrielhouseinc@comcast.net,Other,For-profit,No,1,2,101,0,,,,,,No,,0,0,0,0,,0,0,0,0,,0,0,0,0,,0,0,0,0,,0,0,,0,0,0,0,,0,0,0,0,,0,0,0,0,,0,0,0,0,,0,0,0,0,,0,0,0,0,,0,0,0,0,0,1,0,4,4,0,26,7,0,14,10,0,3,3,0,0,0,0,0,0,0,72,,,,,,,,,,,,,,,,,,,,,,,68,67,66,68,68,70,68,69,68,71,72,72,68,67,66,68,68,70,68,69,68,71,72,72,0,0,0,0,0,0,72,0,0,72,72,0,0,0,72,2,0,19,,,2,,,,,0,0,28,0,31,0,0,0,0,0,0,0,0,0,No,,,,,,,,,,,,,59,0,0,0,0,0,13,0,No,,,,,,,,,,,,,61,5,4,2,0,2,4,53,12,1,1,1,0,72,72,No,,,,No,86,1,,6,,3,,0,,0,,0,,3,,0,,1,Group Home,0,,1,0,1,1,3,2,0,1,0,0,0,2,0,2,1,0,,0,,0,,0,,0,,0,,1,0,,0,,0,,Yes,Yes,Yes,Yes,Yes,Yes,No,1089,,2500,,,,,,,,,,,
Rogerson House,434 JAMAICAWAY,BOSTON,2130,6179832300,mboddupalli@rogerson.org,Executive Director,Not-for-profit,No,3,1,0,40,1,Alzheimer's / Dementia,,,,Yes,96,1,1,0,0,8,0,1,0,0,184,1,1,0,0,232,1,1,0,0,240,1,0,152,1,1,0,0,80,1,1,0,0,6,1,1,0,0,0,0,0,0,0,0,0,0,0,0,0,0,0,0,0,3,1,1,0,0,,,,,,,,,,,,,,,,,,,,,,,0,0,0,1,1,0,1,2,0,2,11,0,12,15,0,3,7,0,0,2,0,57,60,59,55,53,51,51,52,52,51,54,54,57,38,40,40,40,39,37,38,38,37,38,38,39,,39,0,1,4,0,52,0,0,57,57,1,56,0,0,0,53,,,,,57,,,,,0,,,,,,11,,,,0,,0,Yes,44,45,45,46,39,39,38,38,37,39,39,40,,16,,20,,21,,0,No,,,,,,,,,,,,,52,42,52,24,17,34,4,1,8,9,11,11,13,57,57,Yes,,,Social Events,No,80,5,,7,,0,,8,,2,,3,,0,,0,,0,,0,,8,2,1,2,4,3,2,1,2,0,0,0,0,0,0,0,,0,,0,,8,,0,,0,,0,0,,0,,0,,Yes,No,Yes,Yes,Yes,Yes,Yes,,9009,,9925,,,,,,,,,,
Ruggles Assisted Living,25 Ruggles Street,Roxbury,2119,617.986.3431,mcolaizzi@hearth-home.org,Executive Director,Not-for-profit,Yes,2,2,43,0,,,,,,Yes,0,0,0,0,0,0,0,0,0,0,0,0,0,0,0,120,0,1,0,0,160,0,0,80,0,1,0,0,0,0,0,0,0,0,0,0,0,0,0,0,0,0,0,0,0,0,0,0,0,0,0,0,0,0,0,0,0,0,0,0,0,0,2,0,3,4,0,7,10,0,4,0,0,0,2,0,0,0,0,32,,,,,,,,,,,,,,,,,,,,,,,33,34,34,34,32,32,31,31,32,30,32,32,33,34,34,34,32,31,32,31,32,30,32,32,0,0,0,0,12,0,15,5,0,32,32,5,27,0,0,6,0,30,2,0,3,,,,,0,0,5,0,18,0,6,0,3,0,29,0,0,0,No,,,,,,,,,,,,,28,0,0,0,0,0,4,0,No,,,,,,,,,,,,,5,5,5,2,0,5,4,23,0,5,0,0,0,32,32,No,Routine Medical Appointments,Shopping,Social Events,Yes,39,3,0,2,0,0,0,0,0,0,0,1,0,1,0,0,0,0,0,0,0,0,0,0,0,0,0,1,1,0,1,1,0,3,0,0,,,,,,,,,,,,,,,,,,,,Yes,Yes,Yes,Yes,Yes,Yes,Yes,293,0,1725,0,,,,,,,,,,
Fieldstone at The Overlook,88 Masonic Home Rd,Charlton,1507,508-434-2551,kawalker@overlook-mass.ort,Executive Director,Not-for-profit,No,1,1,0,14,1,Alzheimer's / Dementia,,,,No,,0,0,0,0,,0,0,0,0,,0,0,0,0,,0,0,0,0,,0,0,,0,0,0,0,,0,0,0,0,,0,0,0,0,,0,0,0,0,,0,0,0,0,,0,0,0,0,,0,0,0,0,,,,,,,,,,,,,,,,,,,,,,,0,0,0,0,1,0,0,0,0,0,2,0,0,7,0,1,3,0,0,0,0,14,14,14,12,14,14,14,14,14,14,14,14,12,14,14,12,14,14,14,14,14,14,14,14,12,0,0,0,0,0,0,14,0,0,14,14,0,14,0,0,0,14,0,0,0,0,14,12,0,0,0,14,0,0,0,0,0,0,0,0,0,0,0,0,No,,,,,,,,,,,,,0,14,0,0,0,0,0,0,No,,,,,,,,,,,,,12,12,12,0,0,6,2,0,0,12,0,0,0,14,14,No,,,Social Events,No,18,1,,3,,0,,0,,1,,0,,0,,0,,0,,0,,0,0,0,0,1,1,1,2,0,0,0,0,0,0,0,,,,,,,,,,,,,,,,,,,,No,,,,,,Yes,0,8220,0,9760,,,,,,,,,,
The Residence at Melrose Station,158 Essex Street,Melrose,2176,781-620-8990,bmiller@residencemelrosestation.com,Executive Director,For-profit,No,3,1,65,25,1,Alzheimer's / Dementia,,,,Yes,,0,0,0,0,41,1,0,0,1,67,1,0,0,1,29,0,0,0,1,0,0,0,0,0,0,0,0,0,0,0,0,0,0,0,0,0,0,0,0,0,0,0,0,0,0,0,0,0,0,0,0,0,0,0,0,0,0,0,0,0,0,0,0,0,1,0,4,12,0,10,25,0,3,9,0,0,1,0,65,0,0,0,0,0,0,0,0,0,1,5,0,2,10,0,3,6,0,0,0,0,27,88,85,88,87,90,87,88,89,92,92,94,94,86,83,86,85,86,83,85,85,88,88,90,90,0,2,0,0,0,0,0,0,92,92,92,0,0,0,92,42,26,43,14,5,2,28,8,4,,,,0,0,0,0,0,0,0,0,0,0,0,0,Yes,26,26,26,26,26,26,26,25,25,27,27,24,22,0,0,24,0,0,31,0,No,,,,,,,,,,,,,50,49,23,20,6,29,35,13,11,9,11,11,2,92,92,No,Routine Medical Appointments,Shopping,Social Events,Yes,132,15,,14,,4,,2,,1,,1,,1,,0,,2,Moved to Hopsice,0,,3,7,6,4,3,8,2,2,2,3,0,0,0,0,0,0,,1,,1,,1,,0,,0,,0,0,,0,,0,,Yes,Yes,Yes,Yes,Yes,No,Yes,5590,7940,13055,16200,January,one BR,3,2,11108,January,Studio,3,2,11108
The Arbors at Greenfield,15 Meridan St,Greenfield,1301,4137744400,scrowell@arborsassistedliving.com,Executive Director,For-profit,Yes,1,1,65,11,1,Alzheimer's / Dementia,,,,No,,0,0,0,0,,0,0,0,0,,0,0,0,0,,0,0,0,0,,0,0,,0,0,0,0,,0,0,0,0,,0,0,0,0,,0,0,0,0,,0,0,0,0,,0,0,0,0,,0,0,0,0,0,0,0,0,0,0,2,2,0,4,4,0,7,29,0,3,12,0,0,0,0,63,0,0,0,0,0,0,0,1,0,1,3,0,0,6,0,0,3,0,0,0,0,14,66,65,66,64,65,67,67,68,70,76,76,77,64,63,64,62,63,65,65,66,68,74,74,75,0,3,0,0,0,0,77,0,0,77,77,0,77,0,0,19,14,,,,,,,,,,,,,,,,,,,0,0,0,0,No,,,,,,,,,,,,,33,14,0,0,0,0,30,0,No,,,,,,,,,,,,,46,38,24,0,0,14,24,13,8,14,3,5,10,77,77,No,,Shopping,Social Events,Yes,99,2,,13,,0,,5,,0,,0,,0,,0,,1,Hospice Placement,2,to The Arbors at Amherst,7,2,2,0,4,2,3,1,0,0,0,1,0,0,0,1,,1,,0,,5,,0,,0,,0,0,,0,,0,,Yes,Yes,Yes,Yes,Yes,Yes,Yes,1324,7575,7408,8500,April,1,3,1,6975,March,1,3,2,8550
Mason Wright Assisted Living,74 Walnut Street,Springfield,1105,4137331517,CBALLINI@MASONWRIGHT.ORG,Executive Director,Not-for-profit,Yes,1,1,67,23,1,Alzheimer's / Dementia,,,,Yes,16,0,0,1,0,0,0,0,0,0,0,0,0,0,0,0,0,0,0,0,0,0,0,0,0,0,0,0,0,0,0,0,0,0,0,0,0,0,0,0,0,0,0,32,0,0,1,0,16,0,0,1,0,93,0,0,1,0,0,0,0,0,0,0,3,1,0,6,19,0,12,12,0,2,6,0,0,0,0,61,0,0,0,0,0,0,0,0,0,1,8,0,5,11,0,0,5,0,0,0,0,30,97,96,93,95,96,96,92,94,97,96,92,91,88,85,87,86,88,87,84,87,88,87,85,84,0,6,1,1,19,0,50,20,0,91,91,20,71,0,0,17,30,31,23,0,1,28,20,0,1,0,0,0,0,16,4,40,20,0,0,0,0,0,0,No,,,,,,,,,,,,,49,29,0,0,0,0,11,0,No,,,,,,,,,,,,,74,60,35,0,0,16,16,15,23,20,17,0,0,91,91,No,,Shopping,Social Events,No,122,7,,23,,0,,0,,0,,2,,0,,0,,0,,0,,2,1,1,1,5,2,4,4,4,2,4,1,0,0,1,1,,1,,0,,0,,0,,0,,0,0,,0,,0,,Yes,Yes,Yes,Yes,Yes,Yes,Yes,530,692,4359,4874,February,1BR,3,2,843,April,1BR,3,2,4874
Maplewood at Brewster,820 Harwich Road,Brewster,2631,774-323-3983,brewstered@maplewoodsl.com,Executive Director,For-profit,Yes,2,1,99,33,1,Alzheimer's / Dementia,,,,No,,0,0,0,0,,0,0,0,0,,0,0,0,0,,0,0,0,0,,0,0,,0,0,0,0,,0,0,0,0,,0,0,0,0,,0,0,0,0,,0,0,0,0,,0,0,0,0,,0,0,0,0,0,0,0,0,0,0,2,1,0,4,5,0,14,28,0,14,26,0,1,2,0,97,0,0,0,0,0,0,0,0,0,0,5,0,4,11,0,4,9,0,0,0,0,33,115,117,117,118,113,112,116,123,125,125,128,130,111,113,113,114,112,108,111,118,120,120,122,123,0,0,0,0,0,0,0,0,130,130,130,0,0,0,130,11,24,67,51,0,0,26,18,0,0,2,2,0,0,0,0,0,0,0,0,11,3,0,0,Yes,71,71,71,70,68,70,69,70,70,68,68,67,25,0,34,31,2,0,38,0,No,,,,,,,,,,,,,60,56,40,31,9,41,55,16,15,6,15,15,8,130,130,No,Routine Medical Appointments,Shopping,,No,174,15,,11,,4,,5,,2,,0,,5,,1,,3,Location,0,,7,7,9,5,8,4,4,2,0,2,1,0,0,0,0,3,,0,,0,,3,,0,,0,,0,0,,0,,0,,Yes,Yes,Yes,Yes,Yes,Yes,Yes,4281,7281,15270,19425,February,Traditional,3,0,6175,,,,,
Decatur House,176 Main Street,Sandwich,2563,5088886404,sarah@decaturhouse.com,Executive Director,For-profit,No,1,1,38,0,,,,,,No,,0,0,0,0,,0,0,0,0,,0,0,0,0,,0,0,0,0,,0,0,,0,0,0,0,,0,0,0,0,,0,0,0,0,,0,0,0,0,,0,0,0,0,,0,0,0,0,,0,0,0,0,0,0,0,0,0,0,1,0,0,2,2,0,3,11,0,4,12,0,0,1,0,36,,,,,,,,,,,,,,,,,,,,,,,40,39,39,39,41,41,41,39,41,39,36,38,36,35,35,35,36,37,36,34,36,35,33,34,0,0,0,0,0,0,35,1,0,36,36,1,35,0,0,16,0,36,17,0,0,0,0,0,0,2,0,0,0,0,0,0,0,0,0,0,0,0,0,No,,,,,,,,,,,,,33,0,0,0,0,0,3,0,No,,,,,,,,,,,,,26,18,14,6,0,7,10,3,2,3,5,4,9,36,36,No,Routine Medical Appointments,Shopping,Social Events,Yes,47,11,,0,,0,,0,,1,,0,,0,,0,,0,,0,,2,1,0,0,3,4,1,0,0,1,0,0,0,0,0,1,,0,,0,,0,,1,,0,,0,0,,0,,0,,No,,,,,,Yes,7140,,11874,,June,junior suite,3,1,8140,0,0,0,0,0
The Enclave of Franklin,656 KING STREET,FRANKLIN,2038,508-520-1150,len.hartwell@enclaveoffranklin.com,Executive Director,For-profit,No,1,1,61,20,1,Alzheimer's / Dementia,,,,Yes,344,0,0,1,0,324,0,0,1,0,264,0,0,1,0,330,0,0,1,0,522,0,0,367,0,0,1,0,443,0,0,1,0,176,0,0,1,0,188,0,0,1,0,256,0,0,1,0,144,0,0,1,0,192,0,0,1,0,0,0,0,0,0,0,1,1,0,3,5,0,4,18,0,6,13,0,1,1,0,53,0,0,0,0,0,0,0,0,0,0,2,0,3,3,0,0,4,0,0,0,0,12,81,79,76,77,76,75,82,78,76,74,75,78,76,74,72,73,70,68,74,71,67,67,66,70,0,0,0,1,0,0,60,0,4,65,65,0,0,1,64,31,16,42,27,0,0,16,9,0,0,29,16,0,0,0,0,0,0,0,0,0,0,0,0,No,,,,,,,,,,,,,42,16,0,0,0,0,7,0,No,,,,,,,,,,,,,34,28,31,11,3,37,8,11,16,9,7,4,10,65,65,No,Routine Medical Appointments,Shopping,Social Events,Yes,,16,,12,,0,,0,,2,,1,,1,,0,,1,Eviction,0,,3,2,6,16,5,2,5,2,1,0,0,0,0,0,0,1,,1,,0,,0,,0,,0,,1,0,,0,,0,,No,,,,,,Yes,5395,9300,6895,9600,January,Medium,3,0,7395,,,,,
Atria Fairhaven,391 Alden Rd,Fairhaven,2719,5089949238,christine.smith@atriaseniorliving.com,Executive Director,For-profit,No,1,1,40,10,1,Alzheimer's / Dementia,,,,No,,0,0,0,0,,0,0,0,0,,0,0,0,0,,0,0,0,0,,0,0,,0,0,0,0,,0,0,0,0,,0,0,0,0,,0,0,0,0,,0,0,0,0,,0,0,0,0,,0,0,0,0,0,0,0,0,0,0,0,0,0,2,4,0,4,14,0,6,10,0,0,1,0,41,0,0,0,0,0,0,0,0,0,0,1,0,0,4,0,1,6,0,0,0,0,12,47,48,47,47,48,49,51,52,49,52,53,55,44,45,44,44,45,46,48,49,46,48,49,53,0,2,0,0,0,0,53,0,0,53,53,0,53,0,0,4,7,36,11,0,1,12,5,0,1,1,2,0,0,0,0,0,0,0,0,0,0,0,0,No,,,,,,,,,,,,,16,12,0,0,0,0,23,0,No,,,,,,,,,,,,,26,25,14,22,0,18,23,2,2,6,3,3,14,53,53,No,Routine Medical Appointments,Shopping,Social Events,No,55,6,,5,,4,,1,,0,,4,,0,,0,,2,moved home,0,,4,1,2,1,3,2,4,2,1,0,1,0,1,0,0,1,,1,,0,,1,,0,,0,,0,0,,1,,0,,No,,,,,,Yes,4195,9895,10095,10955,January,1 bedroom,3,5,6295,,,,,
Benchmark at Billerica Crossings,20 Charnstaffe Lane,"Billerica, Massachusetts",1821,978-667-0898,mellis@benchmarkquality.com,Executive Director,For-profit,No,1,1,48,16,1,Alzheimer's / Dementia,,,,No,,0,0,0,0,,0,0,0,0,,0,0,0,0,,0,0,0,0,,0,0,,0,0,0,0,,0,0,0,0,,0,0,0,0,,0,0,0,0,,0,0,0,0,,0,0,0,0,,0,0,0,0,0,0,0,0,0,0,2,0,0,3,4,0,11,7,0,12,2,0,1,1,0,43,0,0,0,0,0,0,0,0,0,1,1,0,3,0,0,1,2,0,0,0,0,8,0,0,0,0,0,0,0,0,26,42,49,51,0,0,0,0,0,0,0,0,24,38,43,44,2,0,0,0,0,0,51,0,0,51,51,0,51,0,0,14,6,,,,0,8,8,0,0,30,8,0,0,0,0,0,0,0,0,0,0,0,0,Yes,0,0,0,0,0,0,0,0,9,9,9,9,0,0,1,8,0,0,0,0,No,,,,,,,,,,,,,18,13,3,0,2,8,21,9,11,3,2,5,0,51,51,No,Routine Medical Appointments,Shopping,Social Events,Yes,51,2,,0,,0,,0,,0,,0,,0,,0,,0,,0,,2,0,0,0,0,0,0,0,0,0,0,0,0,0,0,2,,0,,0,,0,,0,,0,,0,0,,0,,0,,No,,,,,,Yes,3600,5250,6450,7650,11/24/24,One Bedroom Deluxe,3,0,7200,0,0,0,0,0
The Residence at Freeman Lake,4 Technology Drive,North Chelmsford,1863,978.458.0089,dvieira@residencefreemanlake.com,Executive Director,For-profit,No,1,1,20,58,1,Alzheimer's / Dementia,,,,Yes,0,0,0,0,0,0,0,0,0,0,76,1,0,0,0,166,1,0,0,0,234,1,0,114,1,0,0,0,126,1,0,0,0,75,1,0,0,0,0,0,0,0,0,0,0,0,0,0,0,0,0,0,0,0,0,0,0,0,0,0,0,0,0,0,0,2,0,2,5,0,10,20,0,3,14,0,1,2,0,59,0,0,0,0,0,0,0,0,0,0,2,0,2,11,0,2,4,0,0,0,0,21,81,80,80,78,78,77,76,74,79,77,78,80,78,78,78,76,76,75,74,72,76,75,76,78,0,2,0,0,0,0,80,0,0,80,80,0,80,0,0,29,21,26,10,0,1,21,21,0,0,4,21,0,0,0,0,1,0,0,0,0,0,0,0,Yes,23,22,22,21,23,23,22,21,21,22,23,23,53,0,3,20,1,0,3,0,No,,,,,,,,,,,,,57,44,33,49,11,26,8,8,11,12,9,11,21,80,80,No,Routine Medical Appointments,Shopping,Social Events,Yes,115,14,,12,,4,,0,,1,,1,,2,,1,,0,,0,,2,4,2,5,7,7,2,3,0,0,1,0,1,0,0,1,,1,,0,,0,,0,,0,,0,0,,0,,0,,Yes,Yes,Yes,No,No,No,Yes,5675,7695,15215,17000,7/18/2024,One bedroom- traditional,3,0.75,8000,January,studio,3,1.5,9000
Carmel Terrace,933 Central Street,Framingham,1701,508-788-8000,wschuberth@carmelterrace.org,Executive Director,Not-for-profit,No,2,2,69,0,,,,,,Yes,,0,0,0,0,,0,0,0,0,,0,0,0,0,,0,0,0,0,,0,0,,0,0,0,0,,0,0,0,0,,0,0,0,0,72,1,1,0,0,96,1,1,0,0,96,1,1,0,0,96,1,1,0,0,0,0,0,0,0,0,0,0,0,0,2,0,7,23,0,8,26,0,1,1,0,68,,,,,,,,,,,,,,,,,,,,,,,73,72,73,73,76,76,76,73,70,70,68,68,66,67,67,66,67,68,68,66,63,64,62,62,0,,0,0,0,0,68,0,0,68,68,1,67,0,0,7,,54,57,0,0,,,,,0,,0,,0,,0,,0,,0,,0,,No,,,,,,,,,,,,,12,,0,,0,,56,,No,,,,,,,,,,,,,17,10,3,1,0,2,48,13,3,2,2,0,0,68,68,No,Routine Medical Appointments,Shopping,Social Events,No,95,7,,9,,0,,0,,4,,2,,0,,0,,0,,0,,1,2,1,1,2,3,3,3,2,1,1,1,0,0,0,0,,0,,0,,0,,0,,0,,0,0,,0,,0,,Yes,No,Yes,Yes,No,No,Yes,3200,,8948,,January,Traditional,3,0.45,6000,,,,,
Wingate Residence at Melbourne Place,140 Melbourne Rd,Pittsfield,1201,4134991992,rphelps@wingatehealthcare.com,Executive Director,For-profit,No,1,1,88,30,1,Alzheimer's / Dementia,,,,Yes,,0,0,0,0,,0,0,0,0,,0,0,0,0,,0,0,0,0,,0,0,,0,0,0,0,,0,0,0,0,,0,0,0,0,,0,0,0,0,,0,0,0,0,50,1,0,1,0,8,1,0,0,0,0,0,0,0,0,0,1,1,0,4,5,0,6,30,0,4,24,0,0,1,0,76,0,0,0,0,0,0,0,1,0,1,6,0,2,9,0,4,9,0,0,2,0,34,111,109,111,112,112,115,116,114,119,115,116,110,113,112,113,115,114,114,113,114,115,110,112,108,0,6,0,0,1,0,109,0,0,110,110,1,109,0,0,1,28,62,53,0,1,31,27,0,1,2,11,0,0,0,0,0,0,0,0,0,0,0,0,Yes,13,12,16,15,15,16,19,17,18,17,17,17,44,20,2,9,1,5,29,0,No,,,,,,,,,,,,,76,51,40,27,6,28,30,22,15,11,20,6,6,110,110,No,Routine Medical Appointments,Shopping,Social Events,Yes,,14,,31,,2,,0,,0,,3,,4,,0,,0,,0,,5,6,3,1,14,14,6,1,0,2,2,0,0,0,0,0,,5,,0,,0,,0,,0,,0,0,,0,,0,,No,,,,,,Yes,3132,1659,7750,9789,April,Single,3,1.5,7550,January,Single,3,3,9185
The Falls at Cordingly Dam,2300 Washington Street,Newton,2462,617-928-0007,dfoster@benchmarkquality.com,Executive Director,For-profit,Yes,1,1,64,27,1,Alzheimer's / Dementia,,,,Yes,49,1,1,0,0,52,0,1,0,0,45,1,1,0,0,8,0,1,0,0,17,0,0,43,1,1,0,0,65,1,1,0,0,57,1,1,0,0,54,1,1,0,0,26,0,1,0,0,50,1,1,0,0,167,1,1,0,0,0,0,0,0,0,0,0,0,0,6,3,0,9,26,0,7,14,0,1,2,0,68,0,0,0,0,1,0,0,1,0,0,1,0,7,8,0,2,8,0,0,0,0,28,100,98,100,100,97,96,99,97,98,99,100,96,91,89,90,90,88,87,90,88,89,90,91,88,0,0,0,0,1,0,95,0,0,96,96,0,96,0,0,29,26,65,27,0,1,28,19,0,0,0,0,0,0,0,0,0,0,0,0,0,0,0,0,Yes,27,25,24,26,26,22,27,26,27,27,27,24,37,0,2,25,0,0,26,2,No,,,,,,,,,,,,,61,69,24,33,9,40,25,10,17,10,17,8,9,96,96,No,Routine Medical Appointments,Shopping,Social Events,Yes,133,19,,2,,5,,0,,9,,0,,2,,0,,0,,0,,3,0,2,3,6,3,1,0,1,0,1,1,0,0,0,2,,0,,0,,0,,0,,0,,1,0,,0,,0,,No,,,,,,Yes,5190,13200,19110,20850,June,Standard - Riverview,3,0,395,,,,,
Scandinavian Living Center,206 Waltham St,West Newton,2465,6175276566,joe@slcenter.org,Business Manager or General Manager,Not-for-profit,No,1,1,40,0,,,,,,Yes,0,0,0,0,0,0,0,0,0,0,8,0,0,1,0,48,0,0,1,0,8,0,0,0,0,0,0,0,144,0,0,1,0,15,0,0,1,0,0,0,0,0,0,7,0,0,1,0,0,0,0,0,0,23,0,0,1,0,0,0,0,1,0,0,0,1,0,3,1,0,4,16,0,2,11,0,0,0,0,39,,,,,,,,,,,,,,,,,,,,,,,38,38,40,40,37,33,32,34,36,37,37,39,37,37,39,39,36,32,31,33,35,36,36,38,0,0,0,1,0,0,38,0,0,39,39,0,39,0,0,8,0,17,6,0,0,0,0,0,0,0,0,0,0,0,0,2,0,0,0,0,,0,,No,,,,,,,,,,,,,17,0,0,0,0,0,22,0,No,,,,,,,,,,,,,16,11,7,7,0,7,22,6,2,2,2,5,0,39,39,No,Routine Medical Appointments,Shopping,Social Events,Yes,57,6,,5,,0,,8,,1,,0,,5,,0,,0,,0,,8,0,1,0,0,2,0,2,2,0,2,1,1,1,1,0,,0,,0,,8,,1,,0,,7,0,,0,,0,,Yes,No,Yes,Yes,No,No,Yes,3305,,7800,,January,Traditional,3,1,7800,,,,,
Sunrise of Gardner Park,73 Margin Street,Peabody,1960,978/532-3200,gardnerpark.ed@sunriseseniorliving.com,Executive Director,For-profit,No,1,1,35,20,1,Alzheimer's / Dementia,,,,No,,0,0,0,0,,0,0,0,0,,0,0,0,0,,0,0,0,0,,0,0,,0,0,0,0,,0,0,0,0,,0,0,0,0,,0,0,0,0,,0,0,0,0,,0,0,0,0,,0,0,0,0,0,0,0,0,1,0,0,1,0,0,2,0,4,12,0,2,11,0,0,0,0,33,0,0,0,0,0,0,1,0,0,0,2,0,2,10,0,0,5,0,0,0,0,20,53,51,50,52,56,55,56,55,53,55,53,53,51,51,49,51,54,54,54,54,52,54,54,51,0,1,0,0,0,0,53,0,0,53,53,0,0,0,53,3,16,23,24,0,0,19,16,0,0,0,13,0,0,0,0,0,0,0,0,0,0,0,0,Yes,19,18,19,18,20,17,19,21,20,21,23,21,18,1,5,16,0,0,10,3,No,,,,,,,,,,,,,43,35,33,25,2,34,9,9,0,2,11,21,1,53,53,No,,Shopping,Social Events,Yes,80,13,,2,,1,,3,,1,,1,,3,,1,,0,,0,,8,4,1,4,3,3,0,2,0,0,0,0,0,0,0,2,,0,,1,,2,,0,,0,,1,1,,0,,0,,Yes,Yes,Yes,Yes,No,No,No,112,322,425,453,,,,,,,,,,
The Current South Shore,1435 Main Street,Weymouth,2190,339-499-1008,pataide@thecurrentsouthshore.com,Executive Director,For-profit,No,2,2,48,26,1,Alzheimer's / Dementia,,,,No,,0,0,0,0,,0,0,0,0,,0,0,0,0,,0,0,0,0,,0,0,,0,0,0,0,,0,0,0,0,,0,0,0,0,,0,0,0,0,,0,0,0,0,,0,0,0,0,,0,0,0,0,0,0,0,0,0,0,0,0,0,0,0,0,0,0,0,0,0,0,0,0,0,,,,,,,,,,,,,,,,,,,,,,,,,,,,,,,,,,,,,,,,,,,,,,,,,,,,,,,,,0,0,0,0,0,0,2,15,22,18,0,0,15,15,0,0,0,15,0,0,0,0,0,0,0,0,0,0,0,0,Yes,6,8,9,7,7,12,13,13,13,16,17,20,4,0,4,15,0,0,14,0,No,,,,,,,,,,,,,20,18,19,10,2,16,7,9,9,6,4,2,2,39,0,No,Routine Medical Appointments,Shopping,Social Events,Yes,49,10,,2,,0,,0,,2,,0,,0,,0,,0,,0,,2,2,8,2,0,0,0,0,0,0,0,0,0,0,0,2,,0,,0,,0,,0,,0,,0,0,,0,,0,,Yes,Yes,Yes,Yes,No,No,Yes,6000,8550,12380,12150,January,Standard One Bedroom,3,0,7000,n/a,n/a,0,7,6000
Bertram House of Swampscott,565 Humphrey Street,Swampscott,1907,781-595-1991,swampscott.ed@sunriseseniorliving.com,Resident Care Director,Not-for-profit,Yes,2,1,37,22,1,Alzheimer's / Dementia,,,,No,,0,0,0,0,,0,0,0,0,,0,0,0,0,,0,0,0,0,,0,0,,0,0,0,0,,0,0,0,0,,0,0,0,0,,0,0,0,0,,0,0,0,0,,0,0,0,0,,0,0,0,0,0,1,0,0,0,0,2,0,0,0,0,0,7,9,0,4,7,0,0,0,0,30,0,0,0,0,0,0,0,0,0,0,3,0,1,6,0,1,6,0,0,1,0,18,56,54,56,54,54,54,55,54,54,50,50,48,50,48,50,50,48,48,49,47,47,43,43,42,0,2,0,0,0,0,48,0,0,48,48,0,48,0,0,6,18,30,13,0,2,18,14,0,0,4,11,0,0,0,0,0,2,0,0,0,0,0,0,Yes,11,11,10,11,12,11,10,9,10,7,7,13,19,7,1,10,1,1,9,0,Yes,10,9,11,8,8,7,9,8,8,7,7,9,39,26,26,12,2,14,9,13,0,10,2,12,2,48,48,No,,Shopping,Social Events,No,70,16,13 to Hospice House,3,,0,,0,,0,,2,,1,,0,,0,,0,,1,0,1,4,4,4,5,0,2,0,1,0,0,0,0,0,,1,,0,,0,,0,,0,,0,0,,0,,0,,Yes,Yes,Yes,Yes,Yes,Yes,Yes,3390.16,6091.5,11337.63,13485,June,Standard,3,0,7905,,,,,
The Current Beverly,1 Essex Street,Beverly,1915,978-927-4227,Marisa Waters,Executive Director,For-profit,No,1,1,68,15,4,Alzheimer's / Dementia,Alzheimer's / Dementia,Alzheimer's / Dementia,Alzheimer's / Dementia,No,,0,0,0,0,,0,0,0,0,,0,0,0,0,,0,0,0,0,,0,0,,0,0,0,0,,0,0,0,0,,0,0,0,0,,0,0,0,0,,0,0,0,0,,0,0,0,0,,0,0,0,0,0,0,0,0,1,0,2,0,0,3,2,0,3,1,0,1,4,0,1,0,0,18,0,0,0,0,0,0,1,0,0,1,3,0,0,1,0,0,3,0,0,0,0,9,3,7,9,12,11,10,19,21,21,24,25,29,2,5,7,9,9,9,14,15,18,20,22,26,0,0,0,0,0,0,27,0,0,27,27,0,27,0,0,3,9,10,4,2,0,9,9,0,0,3,9,0,0,0,0,0,0,0,0,0,0,0,0,Yes,1,0,3,5,3,3,7,9,8,9,8,9,7,0,0,9,0,0,11,0,No,,,,,,,,,,,,,18,13,11,9,3,8,9,4,2,1,6,3,2,27,27,No,Routine Medical Appointments,Shopping,Social Events,Yes,35,0,,0,,1,,2,,4,,2,,0,,0,,0,,0,,9,1,0,0,0,0,0,0,0,0,0,0,0,0,0,0,,0,,1,,2,,4,,2,,0,0,,0,,0,,Yes,Yes,Yes,Yes,No,No,Yes,5500,7460,10815,13200,February,Single,3,0,8900,January,Companion Suite,3,0,6000
Harriett and Ralph Kaplan Estates,240 Lynnfield Street,Peabody,1960,978-532-4411,ahillel@chelseajewish.org,Executive Director,Not-for-profit,No,1,1,92,40,2,Alzheimer's / Dementia,Alzheimer's / Dementia,,,No,,0,0,0,0,,0,0,0,0,,0,0,0,0,,0,0,0,0,,0,0,,0,0,0,0,,0,0,0,0,,0,0,0,0,,0,0,0,0,,0,0,0,0,,0,0,0,0,,0,0,0,0,0,0,0,0,0,0,1,1,0,2,9,0,8,30,0,4,35,0,0,7,0,97,0,0,0,0,0,0,0,1,0,3,0,0,6,16,0,1,17,0,0,0,0,44,127,128,130,135,144,144,144,141,142,140,141,141,118,119,120,125,132,132,132,130,131,129,131,130,0,4,0,1,0,0,140,0,0,141,141,0,141,0,0,26,44,75,36,0,0,44,33,0,5,0,16,0,0,0,0,0,0,0,0,0,0,0,0,Yes,17,16,14,19,18,20,21,17,18,19,17,17,44,14,0,7,0,23,53,0,No,,,,,,,,,,,,,94,70,36,24,6,54,32,32,24,23,13,10,7,141,141,No,,Shopping,Social Events,No,202,25,,25,,0,,6,,1,,0,,3,,1,,0,,0,,14,7,6,5,14,8,3,1,1,0,1,0,1,0,0,2,,4,,0,,5,,0,,0,,3,0,,0,,0,,Yes,Yes,Yes,Yes,No,No,Yes,3870,3970,8180,9740,January,Standard,3,,6620,,,,,
The Atrium at Veronica Drive,1 veronica drive,Danvers,1923,978-620-0338,mbrophy@benchmarkquality.com,Executive Director,For-profit,No,6,2,0,62,2,Alzheimer's / Dementia,Alzheimer's / Dementia,,,No,,0,0,0,0,,0,0,0,0,,0,0,0,0,,0,0,0,0,,0,0,,0,0,0,0,,0,0,0,0,,0,0,0,0,,0,0,0,0,,0,0,0,0,,0,0,0,0,,0,0,0,0,,,,,,,,,,,,,,,,,,,,,,,0,0,0,2,0,0,2,1,0,6,1,0,7,11,0,7,4,0,1,1,0,43,52,53,50,49,47,45,46,47,47,45,42,43,47,47,45,43,42,40,41,43,43,42,39,40,0,0,0,0,0,0,0,0,43,43,43,0,0,0,43,0,43,0,0,0,0,43,22,0,0,0,43,0,0,0,0,0,0,0,0,0,0,0,0,Yes,52,53,50,49,47,45,46,47,47,45,42,43,0,0,0,43,0,0,0,0,No,,,,,,,,,,,,,41,41,41,25,16,33,1,0,1,7,7,14,13,43,43,No,Routine Medical Appointments,,Social Events,No,12,12,,4,,9,,0,,4,,0,,1,,0,,0,,0,,2,5,4,4,3,6,0,1,2,0,1,0,0,0,0,0,,0,,1,,0,,1,,0,,0,0,,0,,0,,No,,,,,,Yes,0,4800,0,6750,,,,,,,,,,
Benchmark at Tatnuck Park,340 May Street,Worcester,1602,508-755-7277,lcashman@benchmarkquality.com,Executive Director,For-profit,Yes,2,2,57,19,1,Alzheimer's / Dementia,,,,No,,0,0,0,0,,0,0,0,0,,0,0,0,0,,0,0,0,0,,0,0,,0,0,0,0,,0,0,0,0,,0,0,0,0,,0,0,0,0,,0,0,0,0,,0,0,0,0,,0,0,0,0,0,0,0,0,0,0,0,1,0,1,4,0,14,18,0,9,12,0,2,1,0,62,0,0,0,0,0,0,1,0,0,0,1,0,0,12,0,0,5,0,0,0,0,19,81,80,80,76,78,76,80,81,81,81,81,82,76,76,76,72,74,72,74,75,75,74,74,75,0,0,0,0,0,0,0,0,81,81,81,0,0,0,81,30,18,56,42,0,0,28,18,0,0,3,0,0,0,0,0,0,0,0,0,0,0,0,0,Yes,8,10,10,7,7,7,6,6,5,5,5,6,25,0,6,18,13,0,16,0,Yes,4,4,4,3,3,3,5,5,5,5,3,5,59,60,52,47,5,62,5,8,31,24,7,4,2,81,81,No,Routine Medical Appointments,Shopping,Social Events,No,121,15,,13,,7,,0,,0,,0,,4,,0,,0,,0,,3,6,3,2,11,5,5,1,2,0,0,0,0,1,0,1,,1,,0,,0,,0,,0,,1,0,,0,,0,,No,,,,,,Yes,1178,11430,15682,12892,January 2024,Regular 1 BR,3,0,7595,,,,,
The Atrium at Faxon Woods,2003 Falls Blvd,Quincy,2169,8572718367,clapointe@benchmarkquality.com,Executive Director,For-profit,No,2,1,0,54,2,Alzheimer's / Dementia,Alzheimer's / Dementia,,,No,,0,0,0,0,,0,0,0,0,,0,0,0,0,,0,0,0,0,,0,0,,0,0,0,0,,0,0,0,0,,0,0,0,0,,0,0,0,0,,0,0,0,0,,0,0,0,0,,0,0,0,0,,,,,,,,,,,,,,,,,,,,,,,0,0,0,0,0,0,0,1,0,2,4,0,8,13,0,1,5,0,0,0,0,34,34,32,31,31,34,35,34,33,36,33,29,34,30,28,28,29,32,33,33,32,35,32,28,32,0,0,0,0,0,0,0,0,34,34,34,0,0,0,34,0,34,0,0,0,0,34,34,0,0,0,34,0,0,0,0,0,0,0,0,0,0,0,0,Yes,34,32,31,31,34,35,34,33,36,33,29,34,0,0,0,34,0,0,0,0,No,,,,,,,,,,,,,25,25,20,13,13,22,8,1,3,2,6,4,10,34,34,No,Routine Medical Appointments,,,No,77,22,,6,,6,,3,,1,,0,,5,,0,,0,,0,,18,1,2,2,5,10,3,1,1,0,0,0,0,0,0,7,,2,,2,,3,,1,,0,,3,0,,0,,0,,No,,,,,,Yes,0,7740,0,14100,,,,,,January,Studio Deluxe,3,2.38,6600
Harbor Point at Centerville,22 Richardson Rd,Centerville,2537,5087782311,kfontana@benchmarkquality.com,Executive Director,For-profit,No,1,1,0,65,2,Alzheimer's / Dementia,Alzheimer's / Dementia,,,No,,0,0,0,0,,0,0,0,0,,0,0,0,0,,0,0,0,0,,0,0,,0,0,0,0,,0,0,0,0,,0,0,0,0,,0,0,0,0,,0,0,0,0,,0,0,0,0,,0,0,0,0,,,,,,,,,,,,,,,,,,,,,,,0,0,0,0,0,0,0,0,0,8,9,0,12,25,0,0,3,0,0,1,0,58,61,59,56,58,66,64,62,66,65,65,65,62,60,58,55,57,65,63,61,65,65,65,65,62,0,0,0,0,0,0,58,0,0,58,58,0,58,0,0,0,58,0,0,0,0,57,58,0,1,0,107,0,0,0,0,0,0,0,0,0,0,0,0,No,,,,,,,,,,,,,0,57,0,0,0,0,0,1,No,,,,,,,,,,,,,58,58,58,36,7,56,0,5,5,21,13,9,5,58,58,Yes,Routine Medical Appointments,Shopping,Social Events,Yes,107,37,,1,,2,,1,,2,,0,,2,,0,,0,,0,,11,5,5,6,9,3,3,2,1,0,0,0,0,0,0,7,,0,,0,,1,,2,,0,,1,0,,0,,0,,No,,,,,,Yes,0,393,0,620.5,0,0,0,0,0,February,Studio,3,2,355
Benchmark Senior Living at Woburn,1 Cedar St,Woburn,1801,7814606360,ddemiles@benchmarkquality.com,Executive Director,For-profit,No,3,1,67,20,1,Alzheimer's / Dementia,,,,No,,0,0,0,0,,0,0,0,0,,0,0,0,0,,0,0,0,0,,0,0,,0,0,0,0,,0,0,0,0,,0,0,0,0,,0,0,0,0,,0,0,0,0,,0,0,0,0,,0,0,0,0,0,0,0,0,0,0,1,0,0,2,2,1,4,11,1,6,17,1,4,7,6,63,0,0,0,0,0,0,0,0,0,1,3,0,3,5,0,0,8,0,3,1,2,26,98,94,96,93,92,91,93,96,98,97,90,89,85,81,83,82,81,81,83,85,86,85,78,77,0,0,0,0,0,0,0,0,89,89,89,0,0,0,89,8,26,56,28,0,0,26,13,0,1,7,0,0,0,0,0,0,0,0,0,0,0,0,0,Yes,19,21,21,20,22,23,24,21,20,20,19,20,18,0,24,27,10,12,25,0,No,,,,,,,,,,,,,64,71,47,49,6,36,11,9,14,17,17,12,9,89,89,No,Routine Medical Appointments,Shopping,Social Events,Yes,141,20,,12,,4,,3,,9,,3,,4,,0,,0,,0,,11,2,0,0,6,7,5,2,3,2,0,1,0,0,0,2,,1,,0,,3,,3,,0,,2,0,,0,,0,,Yes,Yes,No,Yes,No,No,Yes,5200,5250,10200,8400,January,regular,3,0,7800,,,,,
Loomis Village,20 Bayon Dirve,South Hadley,1075,413-532-5325,motoole@loomiscommunities.org,Executive Director,Not-for-profit,No,1,1,21,0,,,,,,No,,0,0,0,0,,0,0,0,0,,0,0,0,0,,0,0,0,0,,0,0,,0,0,0,0,,0,0,0,0,,0,0,0,0,,0,0,0,0,,0,0,0,0,,0,0,0,0,,0,0,0,0,0,0,0,0,0,0,0,0,0,0,0,0,1,3,0,2,2,0,0,2,0,10,,,,,,,,,,,,,,,,,,,,,,,13,11,11,11,11,11,11,10,10,10,10,10,12,10,10,10,10,10,10,9,9,9,9,9,0,0,0,0,0,0,0,0,10,10,10,0,0,0,10,,,,,,,,,,,,,0,,0,,0,,0,,0,,0,,No,,,,,,,,,,,,,8,0,0,0,0,0,2,0,No,,,,,,,,,,,,,9,3,5,1,0,2,0,2,5,1,2,0,0,10,10,No,Routine Medical Appointments,Shopping,Social Events,No,13,1,,1,,0,,1,,0,,0,,0,,0,,0,,9,,1,0,0,0,0,0,1,1,0,0,0,0,0,0,0,0,,0,,0,,1,,0,,0,,0,0,,0,,0,,Yes,Yes,Yes,Yes,No,No,Yes,6310,0,6560,0,Janaury,Hanover,3,1,6310,0,0,0,0,0
Herrick House,89 Herrick Street,Beverly,1915,978-922-1999,paul.rapazzo@lahey.org,Business Manager or General Manager,Not-for-profit,No,1,1,69,16,1,Alzheimer's / Dementia,,,,Yes,290,1,0,1,0,643,1,0,1,0,457,1,0,1,0,579,1,0,1,0,657,1,0,421,1,0,1,0,824,1,0,1,0,672,1,0,1,0,493,1,0,1,0,509,1,0,1,0,483,1,0,1,0,534,1,0,1,0,0,0,0,0,0,0,0,1,0,1,3,0,5,18,0,5,15,0,1,0,0,49,0,0,0,0,0,0,0,0,0,1,2,0,1,6,0,0,5,0,0,0,0,15,62,64,64,62,62,66,69,65,67,65,61,66,56,58,59,57,57,61,64,60,62,61,58,62,0,0,0,0,0,0,64,0,0,64,64,0,64,0,0,11,11,49,35,0,0,15,11,0,1,2,0,0,0,0,0,0,2,0,0,0,0,0,0,Yes,20,20,21,20,20,20,20,20,20,19,17,19,19,0,1,15,24,0,5,0,Yes,6,5,5,5,4,4,9,9,10,10,10,6,53,44,30,30,8,27,8,10,8,11,6,16,5,64,64,No,Routine Medical Appointments,Shopping,Social Events,Yes,97,18,,4,,2,,7,,1,,1,,0,,0,,0,,0,,9,5,1,2,6,4,2,1,2,1,0,0,0,0,0,2,,0,,0,,8,,0,,0,,0,0,,0,,0,,Yes,No,Yes,Yes,Yes,Yes,Yes,2232,11346,11594,11873,February,Deluxe,3,0.86,8497,March,Studio,3,3,10974
Bridges by EPOCH at Westford,108 Littleton Road,Westford,1886,978-902-9869,alaushine@bridgesbyepoch.com,Executive Director,For-profit,No,1,1,0,54,1,Alzheimer's / Dementia,,,,Yes,392,1,1,0,1,406,1,1,0,1,197,1,1,0,1,309,1,1,0,1,313,1,1,494,1,1,0,1,433,1,1,0,1,284,1,1,0,1,341,1,1,0,1,170,1,1,0,1,108,1,1,0,1,155,1,1,0,1,,,,,,,,,,,,,,,,,,,,,,,0,0,0,0,0,0,3,0,0,3,7,0,4,19,0,3,13,0,0,0,0,52,54,52,54,55,54,51,52,53,54,55,54,52,54,51,52,54,54,49,52,51,53,52,52,51,0,0,0,0,0,0,52,0,0,52,52,0,52,0,0,0,52,0,0,0,0,52,50,1,0,0,52,0,0,0,0,0,0,0,0,0,0,0,0,Yes,54,51,53,55,54,48,52,51,54,52,53,52,0,0,0,52,0,0,0,0,No,,,,,,,,,,,,,48,37,44,22,6,41,0,4,7,12,23,6,0,52,52,No,,,Social Events,No,52,23,,7,Hospice House,0,,0,,5,,0,,1,,0,,0,,0,,6,4,5,2,4,2,6,1,4,2,0,0,0,0,0,2,,3,,0,,0,,1,,0,,0,0,,0,,0,,No,,,,,,Yes,,18260,,8977,0,0,0,0,0,February,private Suite,3,2.5,13260
Neville Place,650 Concord Ave,Cambridge,2138,6174978700,fmei@nevilleplace.org,Executive Director,Not-for-profit,Yes,2,1,58,13,1,Alzheimer's / Dementia,,,,Yes,,0,0,0,0,7,0,0,1,0,,0,0,0,0,,0,0,0,0,,0,0,,0,0,0,0,,0,0,0,0,,0,0,0,0,,0,0,0,0,,0,0,0,0,,0,0,0,0,,0,0,0,0,0,0,0,1,0,0,2,7,0,6,7,0,5,14,0,3,13,0,0,0,0,58,0,0,0,0,0,0,0,2,0,1,0,0,1,6,0,0,5,0,0,0,0,15,73,72,73,74,73,74,75,75,76,75,73,74,69,68,70,70,70,71,71,71,71,71,70,71,0,2,0,0,0,0,0,0,73,73,73,0,0,0,73,19,10,57,28,,1,15,5,,3,0,0,,,,,10,2,,,15,3,,,No,,,,,,,,,,,,,42,15,0,0,0,0,16,0,No,,,,,,,,,,,,,49,42,30,21,6,25,20,10,5,17,8,8,5,73,73,No,,Shopping,Social Events,Yes,95,3,,11,,2,,2,,2,,0,,2,,0,,0,,0,,6,4,2,0,2,1,3,3,1,0,0,0,0,0,0,0,,1,,1,,2,,0,,0,,1,0,,0,,0,,Yes,Yes,Yes,Yes,Yes,No,Yes,1885,2963,13491,12381,January,Standard,0,0,5600,,,,,
Traditions of Dedham,735 Washington Street,Dedham,2026,781 251-9330,tdavies-verzino@traditionsofdedham.com,Executive Director,For-profit,Yes,1,1,81,14,1,Alzheimer's / Dementia,,,,No,,0,0,0,0,,0,0,0,0,,0,0,0,0,,0,0,0,0,,0,0,,0,0,0,0,,0,0,0,0,,0,0,0,0,,0,0,0,0,,0,0,0,0,,0,0,0,0,,0,0,0,0,0,0,0,0,0,0,2,0,0,12,6,0,7,17,0,6,28,0,0,2,0,80,0,0,0,0,0,0,0,0,0,1,2,0,5,2,0,1,4,0,0,0,0,15,90,90,92,93,92,94,92,90,87,88,88,95,88,88,90,91,89,89,89,85,82,83,83,90,0,1,0,2,2,0,91,0,0,95,95,0,95,0,0,4,15,56,37,0,0,14,,0,1,1,15,0,0,0,0,0,0,0,0,0,0,0,0,Yes,14,14,15,15,15,15,15,15,15,15,15,15,30,0,0,15,0,0,24,0,No,,,,,,,,,,,,,60,51,47,23,0,27,34,9,6,16,11,19,0,95,95,No,Routine Medical Appointments,Shopping,Social Events,Yes,125,17,,8,,4,,0,,0,,0,,0,,0,,1,Hospice,0,,4,2,2,2,7,6,0,0,2,0,2,2,0,1,0,3,,1,,0,,0,,0,,0,,0,0,,0,,0,,Yes,Yes,Yes,No,No,Yes,Yes,2575,7000,10835,11725,February,AL,3,0.75,8630,,,3,,
Putnam Farms at Danvers,9 Summer Street,Danvers,1923,978-774-5959,svinciguerra@benchmarkquality.com,Executive Director,For-profit,Yes,1,1,60,20,1,Alzheimer's / Dementia,,,,No,,0,0,0,0,,0,0,0,0,,0,0,0,0,,0,0,0,0,,0,0,,0,0,0,0,,0,0,0,0,,0,0,0,0,,0,0,0,0,,0,0,0,0,,0,0,0,0,,0,0,0,0,0,0,0,0,0,0,2,1,0,0,4,0,4,15,2,7,13,0,1,3,1,53,0,0,0,0,0,0,0,0,0,0,3,0,2,6,0,2,2,0,0,0,0,15,75,75,76,73,75,70,64,70,69,73,69,68,74,74,75,72,73,69,63,68,67,71,67,67,0,0,0,0,0,0,68,0,0,68,68,0,68,0,0,11,15,45,15,0,0,15,6,0,0,3,15,0,0,0,0,0,0,0,0,0,0,0,0,Yes,32,32,30,33,30,29,25,24,22,21,21,16,15,0,0,15,3,0,35,0,No,,,,,,,,,,,,,30,22,14,18,3,17,36,8,4,4,0,13,3,68,68,No,Routine Medical Appointments,Shopping,Social Events,Yes,114,24,,7,,6,,4,,4,,0,,1,,0,,0,,0,,9,3,0,2,5,7,1,0,1,0,0,0,0,0,0,2,,1,,0,,4,,1,,0,,1,0,,0,,0,,Yes,Yes,Yes,Yes,No,No,Yes,2070.49,12710,14415,20925,Januay,one bedroom,3,0,275,June,Studio,3,0,320
The Residence at Great Woods,190 Mansfield Ave,Norton,2766,508-285-3355,tmichalski@residencegreatwoods.com,Executive Director,For-profit,No,1,2,64,28,1,Alzheimer's / Dementia,,,,No,,0,0,0,0,,0,0,0,0,,0,0,0,0,,0,0,0,0,,0,0,,0,0,0,0,,0,0,0,0,,0,0,0,0,,0,0,0,0,,0,0,0,0,,0,0,0,0,,0,0,0,0,0,0,0,0,0,0,3,0,0,3,7,0,6,22,0,5,9,0,0,2,0,57,0,0,0,0,0,0,0,0,0,4,3,0,4,15,0,1,4,0,0,0,0,31,80,77,80,84,85,81,81,80,79,83,84,90,76,73,75,78,79,77,78,77,76,80,81,85,0,0,0,0,0,0,0,0,88,88,88,0,0,0,88,13,31,42,10,0,0,31,23,0,0,0,31,0,0,0,0,0,0,0,0,0,0,0,0,Yes,26,27,27,25,28,28,29,31,32,32,32,31,38,0,0,31,0,0,21,0,No,,,,,,,,,,,,,34,47,34,35,5,25,29,10,7,10,15,15,2,88,88,No,Routine Medical Appointments,Shopping,Social Events,Yes,47,23,,7,,1,,0,,4,,1,,1,,0,,0,,0,,4,6,1,6,11,5,1,0,0,1,0,1,0,0,1,4,,2,,0,,0,,0,,0,,0,0,,0,,0,,Yes,Yes,Yes,Yes,Yes,Yes,Yes,1550,7710,9315,10550,March,AL,3,0.75,7715,May,ALZ,3,2,10865
Allerton House at Harbor Park,15 Condito Rd.,Hingham,2043,7817493322,kward@welchhrg.com,Executive Director,For-profit,No,1,1,56,13,1,Alzheimer's / Dementia,,,,No,,0,0,0,0,,0,0,0,0,,0,0,0,0,,0,0,0,0,,0,0,,0,0,0,0,,0,0,0,0,,0,0,0,0,,0,0,0,0,,0,0,0,0,,0,0,0,0,,0,0,0,0,0,0,0,0,0,0,0,0,0,2,1,0,10,22,0,4,9,0,0,1,0,49,0,0,0,0,0,0,0,1,0,0,1,0,1,7,0,2,4,0,0,0,0,16,55,53,54,56,57,61,62,67,68,68,68,68,53,52,53,55,56,59,60,63,64,64,64,61,3,0,0,0,0,0,65,0,0,65,65,0,65,0,0,31,16,27,22,0,0,16,14,0,0,22,0,0,0,0,0,0,0,0,0,0,0,0,0,Yes,0,0,0,0,0,0,0,0,0,0,0,0,22,16,0,0,0,0,24,0,No,,,,,,,,,,,,,27,36,27,7,0,1,16,9,12,19,7,2,0,65,65,No,Routine Medical Appointments,Shopping,Social Events,No,91,5,,11,,1,,4,,3,,1,,1,,0,,0,,0,,8,2,3,0,2,3,1,2,2,0,3,0,0,0,0,1,,0,,0,,4,,2,,0,,1,0,,0,,0,,Yes,Yes,Yes,Yes,Yes,Yes,Yes,8500,10725,10500,11960,January,1st Floor 1 BR,3,1,9750,March,Studio 1 BR,3,3,11960
Keystone Commons,460 West Street,Ludlow,1056,4135836611,dnadeau@keystonesenior.com,Executive Director,For-profit,Yes,2,1,66,25,2,Alzheimer's / Dementia,Alzheimer's / Dementia,,,Yes,,0,0,0,0,,0,0,0,0,,0,0,0,0,,0,0,0,0,,0,0,,0,0,0,0,,0,0,0,0,,0,0,0,0,,0,0,0,0,64,0,0,1,0,34,0,0,1,0,56,0,0,1,0,0,0,0,0,0,0,1,0,0,3,3,0,3,8,0,3,15,0,0,0,0,36,0,0,0,0,0,0,0,0,0,0,3,0,0,14,0,3,12,0,0,1,0,33,68,66,64,64,68,67,70,69,68,69,68,69,69,67,66,66,70,69,73,71,70,71,69,76,3,8,0,0,0,0,66,1,2,69,69,1,68,0,0,4,31,33,20,0,1,31,19,0,0,0,0,0,0,0,0,2,15,0,0,0,0,0,0,Yes,4,3,3,3,3,3,4,4,4,4,4,4,22,27,0,4,0,0,16,0,Yes,10,8,6,8,4,5,3,4,7,9,9,12,52,49,47,46,0,42,14,7,2,1,5,40,0,69,69,No,Routine Medical Appointments,Shopping,Social Events,Yes,1,13,,15,,0,,1,,1,,2,,0,,0,,0,,0,,3,0,0,5,11,9,4,0,0,0,0,0,0,0,0,2,,1,,0,,0,,0,,0,,0,0,,0,,0,,Yes,Yes,Yes,Yes,Yes,No,No,5225,5460,7860,7960,January,Traditional,3,1.5,7310,February,Memory Care,3,1.5,5460
The Gardens at Newbury Court,80 Deaconess Road,Concord Ma 01742,1742,9784028223,edirks@newburycourt.org,Executive Director,Not-for-profit,No,1,1,0,27,1,Alzheimer's / Dementia,,,,No,,0,0,0,0,,0,0,0,0,,0,0,0,0,,0,0,0,0,,0,0,,0,0,0,0,,0,0,0,0,,0,0,0,0,,0,0,0,0,,0,0,0,0,,0,0,0,0,,0,0,0,0,,,,,,,,,,,,,,,,,,,,,,,0,0,0,0,0,0,0,0,0,0,2,0,8,8,0,2,6,0,0,0,0,26,28,28,26,28,28,27,28,28,26,25,25,26,27,27,25,27,27,26,27,27,25,24,25,26,0,0,0,1,0,0,25,0,0,26,26,0,26,0,0,,26,,,,,26,24,,,,26,,0,,0,,0,,0,,0,,0,Yes,27,27,25,26,26,26,27,27,25,24,24,25,,0,,25,,0,,1,Yes,5,5,7,5,5,6,6,5,6,7,6,6,26,25,25,12,10,24,0,1,0,1,9,8,7,26,26,No,Routine Medical Appointments,,Social Events,No,38,7,,4,,0,,0,,1,,0,,0,,0,,0,,0,,0,0,0,1,2,2,5,1,1,0,0,0,0,0,0,,,,,,,,,,,,,,,,,,,,Yes,No,Yes,Yes,No,No,Yes,,18133.18,,9501.24,,,,,,,,,,
All American Assisted Living at Wrentham,30 Ledgeview Way,Wrentham,2093,774-210-8108,tfarrar@allamericanatwrentham.com,Executive Director,For-profit,No,2,3,88,24,1,Alzheimer's / Dementia,,,,Yes,76,1,1,1,0,0,0,0,0,0,0,0,0,0,0,21,1,0,0,0,175,1,0,151,1,1,1,0,65,1,1,0,0,86,1,1,0,0,0,0,0,0,0,0,0,0,0,0,0,0,0,0,0,0,0,0,0,0,0,0,0,0,0,0,2,1,0,3,5,0,11,14,0,6,17,0,2,0,0,61,0,0,0,0,0,0,2,1,0,0,4,0,2,7,0,2,5,0,0,0,0,23,84,85,88,90,87,83,82,81,80,78,81,84,44,44,46,48,45,43,43,42,41,41,40,44,17,11,1,1,1,0,78,0,3,84,84,1,78,5,0,10,23,48,42,0,3,23,21,0,0,0,0,0,0,0,0,0,0,0,0,0,0,0,0,Yes,23,25,24,26,25,23,25,27,26,24,28,27,47,1,5,18,4,0,9,0,No,,,,,,,,,,,,,51,42,36,14,7,42,7,24,19,8,11,8,7,84,84,No,Routine Medical Appointments,Shopping,Social Events,No,126,19,,12,,6,,10,,4,,3,,0,,0,,0,,0,,29,9,7,2,10,3,0,0,0,0,0,0,0,0,0,8,,8,,3,,8,,1,,1,,0,0,,0,,0,,Yes,Yes,Yes,Yes,Yes,Yes,Yes,3410,6480,8553,8690,,,,,,June,Studio,3,1,7900
Bayberry at Emerald Court,2000 Emerald Court,Tewksbury,1876,9786400194,bmartel@bayberryatemeraldcourt.com,Executive Director,For-profit,No,1,1,73,21,2,Alzheimer's / Dementia,Alzheimer's / Dementia,,,Yes,917,0,0,1,0,516,0,0,1,0,860,0,0,1,0,652,0,0,1,0,759,0,0,344,0,0,1,0,156,0,0,1,0,24,0,0,1,0,0,0,0,0,0,6,0,0,1,0,14,1,1,0,0,29,0,0,0,0,0,0,0,0,0,0,4,1,0,2,5,0,11,21,0,3,21,0,0,0,0,68,0,0,0,0,0,0,1,1,0,0,2,0,2,13,0,3,5,0,0,0,0,27,87,88,91,92,92,91,92,93,95,94,94,95,74,74,73,75,75,73,71,76,77,76,76,77,7,7,0,0,0,0,0,0,95,95,95,1,0,0,94,1,4,67,42,0,1,27,20,0,0,12,36,0,0,0,0,21,5,0,0,0,0,0,0,Yes,12,13,13,12,12,16,14,15,18,18,20,21,45,11,0,2,5,14,18,0,No,,,,,,,,,,,,,66,51,41,27,4,32,24,13,12,19,8,15,4,95,95,No,Routine Medical Appointments,Shopping,Social Events,Yes,133,8,,20,,2,,5,,0,,1,,2,,0,,0,,0,,8,9,1,0,6,6,3,0,1,1,1,2,0,0,0,1,,6,,1,,0,,0,,0,,0,0,,0,,0,,Yes,No,Yes,No,Yes,Yes,Yes,1800,1500,2200,3750,February,traditional,3,0.45,8710,April,SCR,3,1,9600
Benchmark Senior Living at Hanover,1143 Washington St.,Hanover,2339,781-265-2597,plord@benchmarkquality.com,Other,For-profit,No,1,1,77,20,1,Alzheimer's / Dementia,,,,No,,0,0,0,0,,0,0,0,0,,0,0,0,0,,0,0,0,0,,0,0,,0,0,0,0,,0,0,0,0,,0,0,0,0,,0,0,0,0,,0,0,0,0,,0,0,0,0,,0,0,0,0,0,0,0,0,0,0,0,2,0,3,4,0,11,22,0,8,18,0,2,9,10,89,0,0,0,0,0,0,0,0,0,3,5,0,1,9,0,3,0,0,1,0,3,25,100,103,109,107,112,109,113,115,115,114,114,114,84,88,90,88,92,90,93,96,95,94,96,97,0,0,0,1,0,0,113,0,0,114,114,0,114,0,0,25,25,24,31,0,0,25,25,0,0,24,25,0,0,0,0,0,0,0,0,0,0,0,0,Yes,26,25,26,27,26,27,29,29,27,29,28,29,34,0,5,25,1,0,46,2,No,,,,,,,,,,,,,60,53,25,36,11,31,36,13,22,10,5,11,17,114,114,No,Routine Medical Appointments,Shopping,Social Events,Yes,164,39,,3,,3,,2,,3,,0,,0,,0,,0,,0,,7,2,2,2,15,0,0,0,0,0,0,0,0,0,0,3,,1,,1,,2,,0,,0,,0,0,,0,,0,,No,,,,,,Yes,3750,7050,11700,15150,January,Standard,3,0,3750,,N/A,,,
Advinia Care The Woodlands,120 WOODLANDS WAY,BREWSTER,2631,5082401990,woodlandsed@adviniacare.com,Business Manager or General Manager,For-profit,No,1,1,59,0,,,,,,No,,0,0,0,0,,0,0,0,0,,0,0,0,0,,0,0,0,0,,0,0,,0,0,0,0,,0,0,0,0,,0,0,0,0,,0,0,0,0,,0,0,0,0,,0,0,0,0,,0,0,0,0,0,0,0,0,0,0,0,0,0,0,0,0,0,20,5,0,3,0,0,0,0,28,,,,,,,,,,,,,,,,,,,,,,,32,34,33,32,33,34,29,29,29,29,25,28,32,34,33,32,33,34,29,29,29,29,25,28,0,0,0,0,0,0,27,1,0,28,28,1,27,0,0,11,0,28,18,0,0,0,0,0,0,28,0,0,0,0,0,0,0,0,0,0,0,0,0,No,,,,,,,,,,,,,12,0,0,0,0,0,0,0,No,,,,,,,,,,,,,14,4,3,2,0,0,3,3,2,9,11,0,0,28,28,No,Routine Medical Appointments,Shopping,Social Events,Yes,37,4,,0,,0,,0,,0,,0,,20,,0,,0,,0,,0,4,0,20,0,0,0,0,0,0,0,0,0,0,0,0,,2,,0,,0,,0,,0,,0,0,,0,,0,,Yes,Yes,Yes,Yes,No,Yes,Yes,4300,,8431.5,,,,,,,,,,,
Notre Dame du Lac Assisted Living,555 Plantation St,Worcester,1605,508-852-5800,jbrigham@notredamehealthcare.org,Executive Director,Not-for-profit,No,1,2,86,24,1,Alzheimer's / Dementia,,,,No,,0,0,0,0,,0,0,0,0,,0,0,0,0,,0,0,0,0,,0,0,,0,0,0,0,,0,0,0,0,,0,0,0,0,,0,0,0,0,,0,0,0,0,,0,0,0,0,,0,0,0,0,0,0,0,0,0,0,0,0,0,1,4,0,10,42,0,7,33,0,0,2,0,99,0,0,0,0,0,0,0,1,0,0,3,0,0,13,0,2,3,0,0,0,0,22,112,111,112,110,108,111,113,111,108,111,120,121,5,4,6,8,9,6,6,8,10,7,2,2,0,2,0,0,0,0,121,0,0,121,121,0,121,0,0,18,22,81,52,0,0,22,10,0,0,3,12,0,0,0,0,0,0,0,0,0,0,0,0,No,,,,,,,,,,,,,30,22,0,0,0,0,0,0,No,,,,,,,,,,,,,46,52,29,15,1,17,35,18,15,19,16,7,11,121,121,No,,Shopping,Social Events,No,157,12,,18,,0,,0,,2,,0,,2,,0,,0,,0,,1,0,5,4,9,5,4,1,0,1,0,0,2,0,0,1,,0,,0,,0,,0,,0,,0,0,,0,,0,,No,,,,,,Yes,5900,10500,9500,10500,3,1,3,1,6900,2,studio,3,2,10500
Heights Crossing,35 Christy Place,Brockton,2301,5085804300,pmcconnell@heightscrossing.com,Executive Director,For-profit,No,1,1,83,37,1,Alzheimer's / Dementia,,,,Yes,37,0,0,1,0,36,0,0,1,0,18,0,0,1,0,6,0,0,1,0,18,0,0,24,0,0,1,0,26,0,0,1,0,12,0,0,1,0,,0,0,0,0,,0,0,0,0,,0,0,0,0,,0,0,0,0,0,0,0,0,0,0,0,2,0,4,7,0,10,24,0,9,20,0,0,2,0,78,0,0,0,0,0,0,0,1,0,3,6,0,0,10,1,2,4,1,0,0,0,28,102,101,108,105,107,106,108,106,106,107,108,106,95,94,99,97,98,97,99,97,98,100,101,100,4,7,0,0,1,0,105,0,0,106,106,0,106,0,0,8,28,71,3,0,0,28,3,0,0,0,28,0,0,0,0,0,0,0,0,0,0,0,0,Yes,8,8,10,10,10,9,7,9,9,8,9,10,36,16,0,10,1,0,41,2,No,,,,,,,,,,,,,77,65,41,28,10,34,27,14,15,14,16,15,5,106,106,No,Routine Medical Appointments,Shopping,Social Events,Yes,160,20,,12,,2,,8,,0,,0,,3,,0,,0,,0,,16,9,3,3,3,5,2,2,0,0,1,0,0,1,0,0,,0,,0,,16,,0,,0,,0,0,,0,,0,,Yes,Yes,Yes,Yes,Yes,Yes,Yes,4450,9450,9250,11550,janury,standard,3,0,7950,,,,,
DuCharme Estates Ltd.,25 Federal Street,Blackstone,1504,5088832066,cheriraemc@msn.com,Owner,For-profit,No,1,1,12,0,,,,,,No,,0,0,0,0,,0,0,0,0,,0,0,0,0,,0,0,0,0,,0,0,,0,0,0,0,,0,0,0,0,,0,0,0,0,,0,0,0,0,,0,0,0,0,,0,0,0,0,,0,0,0,0,1,1,0,3,0,0,2,3,0,1,1,0,0,2,0,0,1,0,0,0,0,15,,,,,,,,,,,,,,,,,,,,,,,15,15,15,15,15,14,14,14,14,15,15,15,10,10,10,10,9,9,9,9,9,10,10,10,3,0,0,0,0,0,0,0,15,15,15,0,0,0,15,0,0,6,7,,4,,,,,1,0,6,0,0,0,0,0,2,0,0,0,0,0,No,,,,,,,,,,,,,15,0,0,0,0,0,0,0,No,,,,,,,,,,,,,13,10,13,8,8,9,0,2,1,2,0,6,4,15,15,No,,,,No,18,1,0,2,0,0,0,0,0,0,0,0,0,0,0,0,0,0,0,0,0,0,0,0,1,1,0,0,0,0,0,0,0,0,1,0,,,,,,,,,,,,,,,,,,,,Yes,No,Yes,Yes,No,Yes,Yes,2271,0,3800,0,0,0,0,0,0,0,0,0,0,0
Youville Place,10 Pelham Road,Lexington,2421,781-861-3535,scwieka@covh.org,Other,Not-for-profit,No,1,2,71,26,1,Alzheimer's / Dementia,,,,No,,0,0,0,0,,0,0,0,0,,0,0,0,0,,0,0,0,0,,0,0,,0,0,0,0,,0,0,0,0,,0,0,0,0,,0,0,0,0,,0,0,0,0,,0,0,0,0,,0,0,0,0,0,0,0,0,1,0,0,1,0,4,8,0,5,22,0,2,14,0,0,1,0,58,0,0,0,0,0,0,1,0,0,0,3,0,3,11,0,0,3,0,0,0,0,21,72,76,76,77,82,81,84,80,80,85,84,82,69,73,71,73,78,77,77,77,77,80,78,77,0,0,0,1,0,0,78,0,0,79,79,2,77,0,0,7,21,41,20,0,0,14,11,0,0,0,1,0,0,0,0,3,2,0,0,0,0,0,0,Yes,2,4,2,4,4,2,5,6,3,5,6,6,29,18,0,0,3,3,26,0,No,,,,,,,,,,,,,48,48,33,18,20,27,26,9,10,5,9,12,8,79,79,No,,Shopping,Social Events,Yes,79,18,,9,,0,,1,,4,,0,,1,,0,,0,,0,,4,9,0,5,5,3,0,0,4,2,0,0,0,0,1,3,,0,,0,,0,,0,,0,,1,0,,0,,0,,Yes,Yes,Yes,Yes,Yes,Yes,Yes,1000,1129,11155,13351,January,one bedroom,3,1,8041,January,one bedroom,3,2,13300
The Mariner at Marblehead,265 Pleasant Street,Marblehead,1945,781-990-1624,agillis@marinermarblehead.com,Executive Director,For-profit,No,3,1,61,26,1,Alzheimer's / Dementia,,,,Yes,44,0,1,1,0,192,0,1,1,0,159,0,0,1,0,244,0,0,1,0,340,0,0,380,0,0,1,0,296,1,1,1,0,494,1,1,1,0,370,1,1,1,0,110,0,0,1,0,173,0,0,1,0,137,0,0,1,0,0,0,0,0,1,0,0,0,0,2,0,0,11,26,0,11,9,0,0,0,0,60,0,0,0,0,0,0,0,0,0,1,6,0,5,9,0,4,3,0,0,0,0,28,81,80,82,85,86,89,91,92,93,91,90,88,67,67,66,72,75,77,89,89,81,81,80,79,0,2,0,0,0,0,88,0,0,88,88,0,0,0,88,15,26,56,14,1,1,26,17,1,0,15,26,0,0,0,0,0,0,0,0,0,0,0,0,Yes,4,4,3,4,5,6,6,6,7,7,8,8,19,19,2,4,0,2,39,3,Yes,0,0,0,0,1,0,37,37,27,4,2,1,47,48,29,23,15,28,37,3,9,12,8,13,6,88,88,No,Routine Medical Appointments,Shopping,Social Events,Yes,112,11,,7,,1,,0,,0,,4,,1,,0,,0,,0,,0,2,5,3,14,0,0,0,0,0,0,0,0,0,0,,,,,,,,,,,,,,,,,,,,Yes,Yes,Yes,Yes,Yes,Yes,Yes,8200,9425,12820,18705,April,One Bedroom,3,0.75,10735,,,,,
Benchmark Senior Living at Clapboardtree,40 Clapboardtree Street,Norwood,2062,9785022024,phardy@benchmarkquality.com,Executive Director,For-profit,No,1,1,69,21,1,Alzheimer's / Dementia,,,,No,,0,0,0,0,,0,0,0,0,,0,0,0,0,,0,0,0,0,,0,0,,0,0,0,0,,0,0,0,0,,0,0,0,0,,0,0,0,0,,0,0,0,0,,0,0,0,0,,0,0,0,0,0,0,0,0,0,0,1,2,0,1,5,0,11,21,0,9,18,0,3,3,0,74,0,0,0,0,0,0,0,0,0,0,0,0,4,9,0,3,8,0,1,0,0,25,98,98,95,94,98,98,98,99,96,100,102,98,82,82,79,79,80,79,79,81,79,82,83,79,0,3,0,0,0,0,98,1,0,99,99,0,98,1,0,10,25,26,16,,0,25,10,,1,12,25,0,0,0,0,0,0,0,0,0,0,0,0,Yes,25,25,25,26,27,28,28,29,29,29,29,29,19,0,5,25,0,0,55,0,No,,,,,,,,,,,,,45,40,30,26,12,29,45,6,6,8,9,14,11,99,99,No,Routine Medical Appointments,Shopping,Social Events,Yes,141,23,,5,,10,,0,,1,,0,,4,,0,,0,,0,,7,2,4,1,6,3,2,1,0,0,3,0,0,0,0,4,,0,,1,,0,,0,,0,,2,0,,0,,0,,Yes,Yes,Yes,Yes,No,No,Yes,4495,7700,13795,19530,January,Traditional,3,0,8400,,,,,
Artis Senior Living of Lexington,430 Concord Ave,Lexington,2421,781-538-4534,jathanas@artismgmt.com,Executive Director,For-profit,No,1,2,0,72,1,Alzheimer's / Dementia,,,,Yes,549,1,0,1,0,630,1,0,1,0,598,1,0,1,0,1120,1,0,1,0,776,1,0,603,1,0,1,0,384,1,0,0,0,72,1,0,0,0,60,1,0,0,0,48,1,0,0,0,48,1,0,0,0,88,1,0,0,0,,,,,,,,,,,,,,,,,,,,,,,0,0,0,0,0,0,1,4,0,12,10,0,8,17,0,1,9,0,0,0,0,62,66,68,65,65,66,67,65,63,67,66,63,62,66,68,65,65,66,67,65,63,67,66,63,62,0,0,0,2,1,1,58,0,0,62,62,0,62,0,0,0,62,0,0,0,0,58,0,0,4,0,72,0,0,0,0,0,0,0,0,0,0,0,0,Yes,48,49,47,48,48,50,49,48,50,50,48,49,0,3,0,41,0,18,0,0,No,,,,,,,,,,,,,57,57,56,14,5,58,0,0,0,1,42,14,5,62,62,No,,,Social Events,No,97,22,,5,,3,,0,,4,,0,,1,,1,,0,,0,,9,1,4,3,6,7,2,3,1,0,0,0,0,0,0,8,,0,,0,,0,,0,,0,,1,0,,0,,0,,Yes,Yes,Yes,Yes,No,No,Yes,0,9550,0,12152,,,,,,January,SCR Studio units only,3,3,9800
Artisan at Hudson,253 Washington Street,Hudson,1749,7707227385,artisan.ed@sagelife.com,Executive Director,For-profit,No,1,2,65,23,1,Alzheimer's / Dementia,,,,Yes,746,1,0,1,0,554,1,0,1,0,245,0,0,1,0,49,1,0,0,0,107,1,0,108,1,0,1,0,64,1,0,1,0,20,0,0,1,0,0,0,0,0,0,0,0,0,0,0,0,0,0,0,0,0,0,0,0,0,0,0,0,0,0,0,0,0,0,2,11,0,13,15,0,5,22,0,0,0,0,68,0,0,0,0,0,0,0,0,0,0,2,0,2,6,0,2,5,0,0,0,0,17,82,81,79,79,81,76,76,76,85,84,86,85,73,60,70,70,73,68,68,68,76,75,79,79,6,15,0,1,1,0,83,0,0,85,85,0,0,2,83,6,15,42,15,0,0,20,20,0,1,5,8,0,0,0,0,0,0,0,0,0,0,0,0,Yes,6,6,6,6,6,6,6,6,6,6,6,7,20,15,2,5,0,1,40,2,No,,,,,,,,,,,,,49,40,25,22,12,34,17,16,12,11,8,16,5,85,85,No,Routine Medical Appointments,Shopping,Social Events,Yes,87,25,,2,,0,,1,,0,,0,,17,,0,,0,,0,,9,3,1,8,5,7,10,2,0,0,0,0,0,0,0,3,,0,,0,,0,,6,,0,,0,0,,0,,0,,Yes,Yes,Yes,Yes,No,No,Yes,5995,8125,8345,9447,August,Jr. 1 Bedroom,3,0,7560,April,Jr. 1 Bedroom,3,0,8475
The Residence at Watertown Square,20 Summer Street,Watertown,2472,6179248100,zwilkins@residencewatertown.com,Executive Director,For-profit,No,1,2,65,25,1,Alzheimer's / Dementia,,,,Yes,,0,0,0,0,,0,0,0,0,223,1,0,0,0,221,1,0,0,0,33,1,0,,0,0,0,0,,0,0,0,0,,0,0,0,0,,0,0,0,0,,0,0,0,0,,0,0,0,0,,0,0,0,0,0,0,0,2,1,0,2,1,0,7,5,0,10,21,0,4,10,0,0,0,0,63,0,0,0,0,0,0,0,0,0,1,5,0,2,7,0,3,7,0,0,2,0,27,86,87,85,86,88,87,87,89,87,87,86,89,85,86,84,85,87,86,86,88,86,86,85,88,0,2,1,2,0,0,87,0,0,90,90,1,88,1,0,7,22,45,13,0,0,24,11,0,3,0,0,0,0,0,0,0,0,0,0,0,0,0,0,Yes,31,30,30,31,32,31,31,31,32,32,31,32,25,0,5,27,0,0,0,0,No,,,,,,,,,,,,,48,41,34,17,0,25,20,20,6,31,9,1,3,90,90,No,Routine Medical Appointments,Shopping,Social Events,Yes,124,8,,13,,3,,0,,2,,4,,4,,0,,0,,0,,4,3,5,5,4,7,0,2,1,0,1,1,1,0,0,0,,2,,0,,0,,0,,0,,2,0,,0,,0,,Yes,Yes,Yes,Yes,No,No,Yes,4625,5805,11290,12250,January,1 Bedroom,3,0.75,7834,January,Studio,3,2,10090
Heritage Woods,462 Main Street,Agawam,01001-1833,4137898361,nadine.curtin@genesishcc.com,Executive Director,For-profit,No,1,1,91,18,1,Alzheimer's / Dementia,,,,No,,0,0,0,0,,0,0,0,0,,0,0,0,0,,0,0,0,0,,0,0,,0,0,0,0,,0,0,0,0,,0,0,0,0,,0,0,0,0,,0,0,0,0,,0,0,0,0,,0,0,0,0,0,0,0,0,0,0,1,3,0,9,14,0,8,21,0,4,24,0,0,3,0,87,0,0,0,0,0,0,0,0,0,1,6,0,1,8,0,0,6,0,0,0,0,22,104,105,103,105,102,97,95,95,95,97,93,92,119,122,118,120,114,111,109,110,109,111,108,106,8,5,0,1,2,0,106,0,0,109,109,0,0,0,109,20,22,89,,0,2,16,,0,0,89,16,0,0,0,0,27,9,0,0,0,0,0,0,No,,,,,,,,,,,,,54,22,0,0,0,0,51,0,No,,,,,,,,,,,,,61,42,10,4,0,6,14,32,32,27,4,0,0,109,109,No,Routine Medical Appointments,Shopping,Social Events,No,158,15,,22,,0,,6,,5,,1,,2,,1,group home,0,,0,,6,5,3,2,14,10,5,3,1,2,0,1,0,0,0,0,,0,,0,,6,,0,,0,,0,0,,0,,0,,Yes,Yes,Yes,Yes,No,No,Yes,2023.01,3153,5645,7212,February 2024,Traditional 1 - bedroom,3,1,5481,,,,,
Blaire House of Tewksbury Assisted Living,10 B Erlin Terrace,Tewksbury,1876,978-851-8807,cdonahue@egmcare.com,Executive Director,For-profit,No,2,2,23,12,1,Alzheimer's / Dementia,,,,Yes,87,0,0,1,0,0,0,0,0,0,0,0,0,0,0,0,0,0,0,0,0,0,0,47,0,0,1,0,70,0,0,1,0,24,0,0,1,0,16,0,0,1,0,74,0,0,1,0,56,0,0,1,0,8,0,0,1,0,0,0,0,0,0,0,0,0,0,1,2,0,4,4,0,2,2,0,0,1,0,16,0,0,0,0,0,0,0,0,0,1,2,0,3,3,0,0,2,0,0,0,0,11,25,27,29,29,28,28,27,29,30,29,27,27,25,27,29,29,28,28,27,29,30,29,27,27,0,0,0,0,1,0,26,0,0,27,27,0,27,0,0,3,11,12,5,0,0,11,5,0,0,1,3,0,0,0,0,0,0,0,0,0,0,0,0,No,,,,,,,,,,,,,15,11,0,0,0,0,1,0,Yes,5,5,3,4,5,4,4,3,5,5,4,5,22,18,18,5,0,11,5,4,2,5,6,5,0,27,27,No,,Shopping,Social Events,No,36,2,,5,,0,,0,,1,,0,,0,,0,,1,Transferred to Hospital,0,,0,0,1,1,4,0,2,0,1,0,0,0,0,0,0,,,,,,,,,,,,,,,,,,,,Yes,Yes,Yes,No,Yes,Yes,Yes,5951,6248,7595,7169,August,Basic,3,2,5951,,,,,
The Elms at Briarwood,70 Briarwood Circle,Worcester,1606,5088529065,emurphy@briarwoodsl.com,Executive Director,Not-for-profit,No,1,1,40,0,,,,,,Yes,30,0,0,1,0,44,0,0,1,0,8,0,0,1,0,38,0,0,1,0,8,0,0,15,0,0,1,0,67,0,0,1,0,10,0,0,1,0,0,0,0,0,0,16,0,0,1,0,22,0,0,1,0,55,0,0,1,0,0,0,0,0,0,0,0,0,0,2,2,0,6,7,0,2,11,0,0,1,0,31,,,,,,,,,,,,,,,,,,,,,,,27,30,30,29,29,31,31,30,29,29,32,31,26,29,29,28,28,30,30,30,29,29,31,30,0,0,0,0,0,0,31,0,0,31,31,0,31,0,0,9,0,30,26,0,0,0,0,0,0,1,0,0,0,0,0,0,0,0,0,0,0,0,0,No,,,,,,,,,,,,,26,0,0,0,0,0,5,0,No,,,,,,,,,,,,,25,20,14,2,1,11,5,4,7,6,4,4,1,31,31,No,Routine Medical Appointments,Shopping,Social Events,No,46,3,,8,,0,,1,,2,,0,,1,,0,,0,,0,,5,2,1,1,2,1,2,1,0,0,0,0,0,0,0,1,,2,,0,,1,,0,,0,,1,0,,0,,0,,Yes,Yes,Yes,Yes,No,No,Yes,5069,0,9456,0,January,1-BR,3,0.75,8054,,,,,
Shrewsbury Crossings,"311 Main St Shrewsbury, Ma",Shrewsbury,1545,5088452100,bambrose@benchmarkquality.com,Executive Director,For-profit,No,1,2,46,17,1,Alzheimer's / Dementia,,,,No,,0,0,0,0,,0,0,0,0,,0,0,0,0,,0,0,0,0,,0,0,,0,0,0,0,,0,0,0,0,,0,0,0,0,,0,0,0,0,,0,0,0,0,,0,0,0,0,,0,0,0,0,0,0,0,0,0,0,0,2,0,2,3,0,4,14,0,9,9,0,0,2,0,45,0,0,0,0,0,0,0,0,0,0,1,0,4,6,0,0,8,0,0,0,0,19,65,66,64,64,65,63,63,60,62,61,61,64,63,63,61,61,62,60,60,57,59,58,58,59,0,2,0,1,2,0,61,0,0,64,64,0,61,0,3,8,17,41,21,0,1,19,15,0,0,2,19,0,0,0,0,0,0,0,0,0,0,0,0,Yes,30,28,26,26,28,29,29,27,29,35,29,28,34,0,2,18,9,0,9,1,No,,,,,,,,,,,,,38,36,26,12,2,30,20,3,4,10,17,8,2,64,64,No,Routine Medical Appointments,Shopping,Social Events,Yes,100,18,0,8,0,5,0,0,0,4,0,0,0,1,0,0,0,0,0,0,0,5,1,3,4,4,4,0,1,0,0,0,0,0,0,0,4,0,1,0,0,0,0,0,0,0,0,0,0,0,0,0,0,0,0,No,,,,,,Yes,125,290,431,545,January,Standard,3,0,190,,,,,
Benchmark Senior Living at Robbins Brook,10 Devon Drive,Acton,1742,978-264-4666,thetzelconti@benchmarkquality.com,Executive Director,For-profit,Yes,1,1,64,15,1,Alzheimer's / Dementia,,,,No,,0,0,0,0,,0,0,0,0,,0,0,0,0,,0,0,0,0,,0,0,,0,0,0,0,,0,0,0,0,,0,0,0,0,,0,0,0,0,,0,0,0,0,,0,0,0,0,,0,0,0,0,0,0,0,1,0,0,0,0,0,3,4,0,10,23,0,7,20,0,0,1,0,69,0,0,0,0,0,0,0,0,0,1,2,0,3,9,0,4,3,0,0,2,0,24,82,86,87,90,91,91,91,93,92,91,94,93,69,71,71,75,74,75,74,76,76,76,79,79,0,9,0,0,0,0,0,0,93,93,93,0,0,0,93,4,24,59,35,0,0,22,11,0,0,0,0,0,0,0,0,0,0,0,0,0,0,0,0,Yes,16,21,21,22,25,24,23,25,24,22,24,25,29,0,2,23,2,0,36,1,Yes,0,0,0,0,0,0,0,0,0,0,0,0,48,38,30,26,2,31,37,13,13,6,6,16,2,93,93,No,Routine Medical Appointments,Shopping,Social Events,Yes,132,17,,7,,5,,7,,1,,0,,2,,0,,0,,0,,9,2,2,0,5,6,0,0,0,0,0,0,0,1,1,0,,1,,1,,5,,0,,0,,2,0,,0,,0,,No,,,,,,Yes,701.22,7247,15195,16275,January,1 Bedroom,3,0,8060,December,One Bedroom,3,0,10540
All American Assisted Living at Hanson,1074 West Washington Street,Hanson,2341,7814474100,ecalderwood@allamericanal.com,Executive Director,For-profit,No,1,2,40,8,1,Alzheimer's / Dementia,,,,No,,0,0,0,0,,0,0,0,0,,0,0,0,0,,0,0,0,0,,0,0,,0,0,0,0,,0,0,0,0,,0,0,0,0,,0,0,0,0,,0,0,0,0,,0,0,0,0,,0,0,0,0,0,0,0,0,0,0,1,1,0,4,8,0,12,21,0,5,19,0,2,2,0,75,0,0,0,0,0,0,0,0,0,0,3,0,2,8,0,0,3,0,0,0,0,16,92,90,93,94,94,94,95,94,95,96,94,96,46,45,46,47,47,47,47,47,47,48,47,48,41,8,0,0,0,0,91,0,0,91,91,0,91,0,0,19,16,61,27,0,0,15,10,0,1,2,5,0,0,0,0,0,0,0,0,0,0,0,0,Yes,17,17,17,17,17,17,17,17,17,17,18,18,64,0,1,16,0,0,10,0,No,,,,,,,,,,,,,52,65,52,33,7,22,5,8,24,28,15,11,0,91,91,No,Routine Medical Appointments,Shopping,Social Events,Yes,136,15,,22,,2,,0,,0,,4,,2,,0,,0,,0,,12,7,2,4,10,8,0,1,1,0,0,0,0,0,0,3,,9,,0,,0,,0,,0,,0,0,,0,,0,,Yes,Yes,Yes,Yes,Yes,Yes,Yes,4227.5,7200,9780,9202.04,,,,,,,,,,
The Newbury at Brookline,123 Fisher Ave,Brookline,2445,6179068486,frances.bates@kiscosl.com,Other,For-profit,No,1,1,38,40,1,Alzheimer's / Dementia,,,,No,,0,0,0,0,,0,0,0,0,,0,0,0,0,,0,0,0,0,,0,0,,0,0,0,0,,0,0,0,0,,0,0,0,0,,0,0,0,0,,0,0,0,0,,0,0,0,0,,0,0,0,0,0,0,0,0,0,0,0,0,0,0,1,0,1,4,0,1,1,0,0,0,0,8,0,0,0,0,0,0,0,0,0,0,0,0,0,0,0,0,0,0,0,0,0,,0,0,0,0,0,0,0,0,0,0,0,8,0,0,0,0,0,0,0,0,0,0,0,8,2,0,0,0,0,0,8,0,0,8,8,0,8,0,0,3,0,5,1,0,0,0,0,0,0,0,0,0,0,0,0,0,0,0,0,0,0,0,0,Yes,0,0,0,0,0,0,0,0,0,0,0,1,0,0,0,0,1,0,0,0,Yes,0,0,0,0,0,0,0,0,0,0,0,1,5,2,2,5,0,4,2,1,1,0,1,2,1,8,8,No,Routine Medical Appointments,Shopping,Social Events,Yes,8,0,,0,,0,,0,,0,,0,,0,,0,,0,,0,,0,0,0,0,0,0,0,0,0,0,0,0,0,0,0,,,,,,,,,,,,,,,,,,,,Yes,Yes,Yes,No,No,No,Yes,11300,0,13300,0,December,one bed,3,0,11300,0,0,0,0,0
Bridges by EPOCH at Hingham,1 Sgt William B Terry Drive,Hingham,2043,17817497114,kdefayette@bridgesbyepoch.com,Executive Director,For-profit,No,1,1,0,54,1,Alzheimer's / Dementia,,,,Yes,216,1,1,1,0,182,1,1,1,0,211,1,1,1,0,82,1,1,1,0,84,0,0,106,0,1,1,0,273,0,1,1,0,390,1,1,1,0,139,0,1,1,0,0,0,0,0,0,0,0,0,0,0,0,0,0,0,0,,,,,,,,,,,,,,,,,,,,,,,0,0,0,0,0,0,3,2,0,1,12,0,10,13,0,3,4,0,0,0,0,48,48,44,47,46,46,50,51,53,51,51,48,48,48,44,47,46,46,50,51,53,51,51,48,48,,0,0,0,1,0,47,0,0,48,48,0,0,0,48,,48,,,,,46,48,,2,,48,,0,,0,,0,,0,,0,,0,Yes,38,36,34,33,32,32,33,33,30,31,32,32,,14,,21,,11,,2,No,,,,,,,,,,,,,32,34,41,25,2,0,2,4,5,13,20,4,0,48,48,No,Routine Medical Appointments,Shopping,Social Events,No,33,20,,2,,0,,0,,3,,0,,3,,1,,0,,0,,1,5,0,0,2,1,1,0,0,0,0,0,0,0,0,1,,1,,0,,0,,2,,0,,1,1,,0,,0,,No,,,,,,Yes,,10315,,12150,,,,,,January,Private Suite,3,4.5,11550
New Horizons at Marlborough,400 Hemenway Street,Marlborough,1752,508-460-5200,bec@cummings.com,Executive Director,Not-for-profit,No,1,2,85,35,1,Alzheimer's / Dementia,,,,No,,0,0,0,0,,0,0,0,0,,0,0,0,0,,0,0,0,0,,0,0,,0,0,0,0,,0,0,0,0,,0,0,0,0,,0,0,0,0,,0,0,0,0,,0,0,0,0,,0,0,0,0,0,0,0,0,0,0,1,0,0,9,6,0,12,20,0,4,13,0,0,0,0,65,0,0,0,0,0,0,0,0,0,1,2,0,2,21,0,0,9,0,0,0,0,35,95,95,94,95,94,94,96,95,96,96,98,100,98,98,98,98,98,98,98,98,99,99,99,99,0,0,0,0,1,0,99,0,0,100,100,2,96,2,0,26,35,65,22,0,0,35,29,0,1,4,19,0,0,0,0,0,0,0,0,0,0,0,0,Yes,44,46,46,45,44,46,46,44,45,45,46,45,24,6,11,8,8,21,22,0,Yes,14,16,17,17,16,15,15,14,16,16,17,17,80,79,80,37,8,53,0,22,25,21,16,10,6,100,100,No,Routine Medical Appointments,Shopping,Social Events,Yes,126,19,,2,,2,,0,,3,,0,,0,,0,,0,,0,,0,0,0,1,1,4,3,5,6,3,1,2,0,1,0,,,,,,,,,,,,,,,,,,,,Yes,Yes,Yes,Yes,Yes,Yes,Yes,1800,8300,9600,11800,January,496 sq ft,3,0,1800,January,Suite,3,2,9300
Whitney Place at Natick,3 Vision Drive,Natick,1760,508-655-5000,jhammond@salmonhealth.com,Executive Director,For-profit,No,1,2,39,50,1,Alzheimer's / Dementia,,,,Yes,,0,0,0,0,24,1,1,0,0,,0,0,0,0,24,0,1,0,0,40,0,0,48,0,1,0,0,8,0,1,0,0,8,1,0,0,0,32,1,0,0,0,16,1,0,0,0,16,1,1,0,0,32,0,1,0,0,0,0,0,0,0,0,0,0,0,2,2,0,3,10,0,2,7,0,0,0,0,26,0,0,0,0,0,0,1,0,0,2,2,0,5,11,0,2,13,0,0,1,0,37,62,60,59,62,62,59,57,60,61,63,61,63,62,60,59,62,62,59,57,60,61,63,61,63,0,0,0,0,0,0,63,0,0,63,63,0,0,0,63,39,50,25,15,0,0,50,33,0,0,0,0,0,0,0,0,0,0,0,0,0,0,0,0,Yes,12,11,10,14,12,12,14,13,12,8,11,9,24,45,0,9,0,0,0,0,No,,,,,,,,,,,,,10,9,9,9,3,10,36,0,8,9,6,4,0,63,63,No,Routine Medical Appointments,Shopping,Social Events,Yes,98,14,0,2,0,6,0,2,0,0,0,12,0,0,0,0,0,0,0,0,0,4,4,4,4,2,5,3,5,1,2,0,0,0,0,0,0,0,0,0,2,0,2,0,0,0,0,0,0,0,0,0,0,0,0,Yes,Yes,Yes,Yes,Yes,No,Yes,4995,7200,7200,10300,February,1 bedroom,3,45,7200,January,Studio,3,2,7200
Sugar Hill,45 Main St,"Dalton, MA",1226,4136840100,cmanrique@banecare.com,Executive Director,For-profit,No,1,1,29,13,1,Alzheimer's / Dementia,,,,No,,0,0,0,0,,0,0,0,0,,0,0,0,0,,0,0,0,0,,0,0,,0,0,0,0,,0,0,0,0,,0,0,0,0,,0,0,0,0,,0,0,0,0,,0,0,0,0,,0,0,0,0,0,0,0,0,0,0,0,0,0,1,2,0,7,9,0,3,6,0,0,0,0,28,0,0,0,0,0,0,0,0,0,2,3,0,1,7,0,1,3,0,0,0,0,17,22,24,23,22,20,22,24,21,22,23,22,27,17,17,18,18,14,15,16,17,17,17,17,18,2,7,0,0,0,0,45,0,0,45,45,0,45,0,0,5,16,27,27,,,18,18,,18,0,0,2,2,,,,,,,,,,,No,,,,,,,,,,,,,27,18,0,0,0,0,0,0,No,,,,,,,,,,,,,30,35,35,18,0,25,2,5,10,12,10,4,2,45,45,No,Routine Medical Appointments,Shopping,Social Events,No,75,2,,27,,0,,1,,0,,0,,0,,0,,0,,0,,6,4,2,3,9,1,1,0,3,0,0,0,0,1,0,0,,0,,0,,6,,0,,0,,0,0,,0,,0,,No,,,,,,Yes,3500,4500,7000,9500,January,Studio,3,0.75,5500,February,Studio Shared,3,24,5500
Birch Grove at Fox Hill Village,8 Longwood Drive,Westwood,2090,7814936837,ahernandez@foxhillvillage.com,Other,For-profit,No,3,2,24,0,,,,,,Yes,32,1,0,0,1,24,1,0,0,1,40,0,0,0,1,96,0,0,0,1,128,1,1,128,1,0,0,1,24,1,0,0,1,80,1,0,0,1,72,0,0,0,1,104,1,0,0,1,64,0,0,0,1,72,1,0,0,1,0,0,0,0,0,0,0,0,0,0,3,0,2,5,0,4,10,0,0,0,0,24,,,,,,,,,,,,,,,,,,,,,,,22,23,22,24,21,22,21,22,24,23,23,22,22,23,23,24,22,22,22,23,24,24,23,23,0,0,0,0,0,0,24,0,0,24,24,0,24,0,0,2,0,23,18,0,0,0,0,0,0,8,0,0,0,0,0,0,0,0,0,0,0,0,0,Yes,15,15,14,14,15,17,17,17,17,17,17,18,0,0,16,0,3,0,9,0,Yes,3,3,4,4,4,4,4,4,4,4,7,8,24,22,20,15,0,19,3,2,1,2,5,11,0,24,24,No,Routine Medical Appointments,Shopping,Social Events,Yes,30,5,,1,,0,,0,,0,,0,,1,,0,,0,,0,,0,1,1,1,4,0,0,0,0,0,0,0,0,0,0,,,,,,,,,,,,,,,,,,,,Yes,Yes,Yes,Yes,Yes,Yes,Yes,12200,0,12200,0,February,Traditional One Bedroom,3,24,12200,0,0,0,0,0
Southgate at Shrewsbury � Hampton Suites,30 Julio Dr,Shrewsbury,1545,508 842 8331,Lbishop@southgaterc.com,Resident Care Director,For-profit,No,1,1,70,0,,,,,,No,,0,0,0,0,,0,0,0,0,,0,0,0,0,,0,0,0,0,,0,0,,0,0,0,0,,0,0,0,0,,0,0,0,0,,0,0,0,0,,0,0,0,0,,0,0,0,0,,0,0,0,0,0,0,0,0,0,0,1,0,0,4,4,0,6,15,0,11,19,0,1,2,0,63,,,,,,,,,,,,,,,,,,,,,,,65,61,61,61,61,63,61,60,63,63,62,62,57,57,57,54,54,54,53,53,56,56,55,55,0,0,0,0,0,0,0,0,63,63,63,0,0,0,63,12,0,21,12,1,0,0,0,0,0,2,0,0,0,0,0,0,0,0,0,0,0,0,0,No,,,,,,,,,,,,,39,0,0,0,0,0,0,0,No,,,,,,,,,,,,,25,21,6,0,0,11,9,12,19,16,7,0,0,63,63,No,Routine Medical Appointments,Shopping,,No,5,5,,4,,0,,0,,0,,0,,1,,1,,0,,0,,0,0,0,0,0,1,2,1,0,0,0,0,0,0,0,,,,,,,,,,,,,,,,,,,,Yes,Yes,Yes,Yes,Yes,Yes,Yes,6636,0,8495,0,February,One Bedroom F,3,1,6997,0,0,0,0,0
All American Assisted Living at Raynham,1084 Broadway street,Raynham,2767,5088229400,srodrigues@allamericanatraynham.com,Executive Director,For-profit,No,1,3,88,24,1,Alzheimer's / Dementia,,,,Yes,24,1,0,0,0,0,1,0,0,0,48,1,0,0,0,16,1,0,0,0,16,1,0,160,1,0,0,0,120,1,0,0,0,64,1,0,0,0,48,1,0,0,0,80,1,0,0,0,72,1,0,0,0,64,1,0,0,0,0,0,0,2,0,0,2,1,0,4,15,0,10,23,0,4,13,0,0,1,0,75,0,0,0,0,0,0,1,0,0,2,1,0,4,8,0,1,8,0,0,0,0,25,90,89,91,96,97,98,101,105,109,102,96,108,45,46,47,44,44,48,49,58,53,52,54,55,60,24,0,1,0,0,40,0,59,100,100,0,1,0,99,20,24,58,18,0,0,19,16,0,0,6,2,0,0,0,0,0,0,0,0,0,0,0,0,Yes,13,13,13,13,14,14,14,13,13,14,13,22,69,,15,,12,,12,,Yes,3,2,3,3,3,3,3,3,3,3,3,3,81,73,71,45,26,56,16,6,6,8,12,36,16,100,100,No,Routine Medical Appointments,Shopping,Social Events,Yes,161,31,,2,,9,,0,,4,,0,,1,,0,,2,Down sized units,0,,4,11,3,0,4,6,8,2,2,0,0,0,0,0,0,6,,2,,0,,0,,0,,0,,0,0,,0,,0,,Yes,Yes,Yes,Yes,Yes,Yes,Yes,3900,6500,4450,6850,September,studio,3,1,5200,December and January,Studio,3,1,6850
Bridges by EPOCH at Lexington,56 Watertown St,"Lexington, MA",2421,7815150536,llouis@bridgesbyepoch.com,Executive Director,For-profit,No,1,1,0,54,1,Alzheimer's / Dementia,,,,Yes,120,1,0,0,0,150,1,0,0,0,140,1,0,0,0,80,1,0,0,0,60,1,0,80,1,0,0,0,150,1,0,0,0,110,1,0,0,0,80,1,0,0,0,80,1,0,0,0,90,1,0,0,0,160,1,0,0,0,,,,,,,,,,,,,,,,,,,,,,,0,0,0,0,0,0,0,1,0,5,10,0,5,19,0,0,14,0,0,1,0,55,55,55,55,55,55,55,55,55,54,54,54,54,54,54,54,54,54,54,54,54,54,54,54,55,0,0,0,0,0,0,55,0,0,55,55,0,55,0,0,0,55,0,0,0,0,55,38,0,2,0,15,0,0,0,0,0,0,0,0,0,0,0,0,Yes,44,44,45,45,43,43,44,44,42,41,41,40,0,9,0,37,0,6,0,3,No,,,,,,,,,,,,,52,50,50,30,15,28,3,2,7,14,20,5,4,55,55,No,,,Social Events,No,55,17,,1,,0,,0,,1,,1,,2,,0,,0,,0,,2,2,2,4,8,4,0,0,0,0,0,0,0,0,0,1,,0,,0,,0,,0,,0,,1,0,,0,,0,,Yes,Yes,Yes,Yes,Yes,Yes,Yes,0,12175,0,13950,,,,,,January,Deluxe Private Suite,3,24,14784
Sunrise of Plymouth Beach,97 Warren Avenue,Plymouth,2360,5087469733,plymouth.ed@sunriseseniorliving.com,Executive Director,For-profit,No,1,2,58,29,1,Alzheimer's / Dementia,,,,Yes,600,1,0,1,0,850,1,0,1,0,416,1,0,1,0,0,0,0,0,0,0,0,0,0,0,0,0,0,0,0,0,0,0,0,0,0,0,0,0,0,0,0,0,0,0,0,0,0,0,0,0,0,0,0,0,0,0,0,0,0,0,0,0,0,1,1,0,2,10,0,6,10,0,5,6,0,0,1,0,42,0,0,0,0,0,0,1,0,0,3,4,0,6,8,0,2,2,0,0,0,0,26,51,55,56,56,58,60,62,66,71,66,74,75,51,55,56,56,58,60,62,66,71,66,74,75,1,1,0,0,1,0,43,0,24,68,68,0,0,0,68,9,12,36,8,8,0,21,8,6,0,5,15,0,0,0,0,0,0,0,0,0,0,0,0,Yes,24,27,33,34,35,34,33,30,31,30,34,35,20,0,4,30,0,0,21,0,No,,,,,,,,,,,,,30,25,23,24,10,25,25,8,8,5,6,6,10,68,68,No,Routine Medical Appointments,Shopping,Social Events,Yes,,21,,10,,0,,3,,0,,0,,1,,1,,2,family/location,0,,12,5,4,4,3,3,2,2,2,1,0,0,0,0,0,3,,3,,1,,2,,0,,0,,0,1,,2,family relocation,0,,Yes,Yes,Yes,Yes,No,No,Yes,92,115,225,200,Feb,standard one bedroom,3,0,200,May,standard one bedroom,3,0,193
CareOne at Sharon,675 S Main Street,Sharon,2067,781-784-0111,sryan@care-one.com,Executive Director,For-profit,No,2,2,44,44,2,Alzheimer's / Dementia,Alzheimer's / Dementia,,,No,,0,0,0,0,,0,0,0,0,,0,0,0,0,,0,0,0,0,,0,0,,0,0,0,0,,0,0,0,0,,0,0,0,0,,0,0,0,0,,0,0,0,0,,0,0,0,0,,0,0,0,0,0,0,0,0,0,0,0,1,0,2,6,0,5,16,0,4,17,0,0,0,0,51,0,0,0,0,0,0,0,0,0,0,6,0,7,16,0,1,14,0,0,0,0,44,77,89,90,92,95,92,94,99,98,100,97,95,71,77,79,81,83,83,82,87,85,87,85,81,4,1,0,0,0,0,26,0,69,95,95,0,0,0,95,9,24,42,17,0,0,46,15,0,0,0,,0,0,0,0,0,0,0,0,0,0,0,0,Yes,5,6,8,7,6,6,7,8,7,7,7,7,32,37,0,8,0,1,16,1,Yes,3,6,6,3,63,4,5,3,85,61,2,5,69,61,54,28,0,35,13,9,6,27,18,12,10,95,95,No,Routine Medical Appointments,Shopping,Social Events,Yes,123,24,,4,,0,,2,,8,,0,,0,,0,,0,,0,,9,9,7,3,10,0,0,0,0,0,0,0,0,0,0,4,,3,,0,,2,,0,,0,,0,0,,0,,0,,Yes,Yes,Yes,Yes,No,Yes,Yes,5000,7719.13,10460,10877.9,February,Private One-Bedroom,3,0.75,9800,February,Private One-Bedroom,3,2,8000
The Branches of Framingham,518 Pleasant Street,Framingham,1701,7745057040,smattscheck@benchmarkquality.com,Executive Director,For-profit,No,1,1,44,14,1,Alzheimer's / Dementia,,,,No,,0,0,0,0,,0,0,0,0,,0,0,0,0,,0,0,0,0,,0,0,,0,0,0,0,,0,0,0,0,,0,0,0,0,,0,0,0,0,,0,0,0,0,,0,0,0,0,,0,0,0,0,0,0,0,0,0,0,1,1,0,5,6,0,6,17,0,4,12,0,0,0,0,52,0,0,0,0,0,0,0,0,0,2,5,0,3,12,0,2,3,0,0,0,0,27,73,78,78,85,78,75,77,80,80,77,80,79,50,55,55,57,54,54,55,53,53,53,53,53,11,13,0,1,0,0,78,0,0,79,79,1,78,0,0,2,27,48,36,0,0,27,24,0,1,10,14,0,0,0,0,0,0,0,0,0,0,0,0,Yes,29,29,27,29,28,25,26,29,29,26,28,29,29,1,1,26,2,0,15,0,No,,,,,,,,,,,,,53,38,38,20,5,36,22,9,9,3,13,6,17,79,79,No,Routine Medical Appointments,Shopping,Social Events,Yes,121,21,,8,,2,,2,,6,,2,,0,,1,,0,,0,,12,1,6,4,8,5,4,2,0,0,0,0,0,0,0,5,,4,,0,,2,,0,,0,,0,1,,0,,0,,Yes,Yes,Yes,Yes,No,No,Yes,4350,9390,16650,15540,November,1 bedroom 1 bathroom,3,0,8250,December,private bedroom and private bathroom,3,0,7050
Brookdale Quincy Bay,99 Brackett Street,Quincy,MA,6174724457,e000807648@brookdale.com,Executive Director,For-profit,No,1,1,150,0,,,,,,Yes,120,0,0,1,0,120,0,0,1,0,120,0,0,1,0,80,0,0,1,0,40,0,0,40,0,0,1,0,12,0,0,1,0,0,0,0,0,0,0,0,0,0,0,0,0,0,0,0,0,0,0,0,0,0,0,0,0,0,0,0,0,0,0,0,4,4,0,18,28,0,12,26,0,9,18,0,0,2,0,121,,,,,,,,,,,,,,,,,,,,,,,104,106,107,107,109,110,114,118,119,118,118,121,104,106,107,107,109,110,114,118,119,118,118,121,0,0,0,1,7,0,113,0,0,121,121,4,7,0,110,80,0,100,40,0,1,0,0,0,0,0,0,0,0,0,0,10,0,0,0,0,0,0,0,Yes,3,3,3,3,3,2,2,2,2,2,2,2,32,0,2,0,0,0,87,0,No,,,,,,,,,,,,,51,27,27,26,0,19,22,40,23,15,10,6,5,121,121,No,Routine Medical Appointments,Shopping,Social Events,Yes,212,43,,22,,12,,0,,8,,3,,3,,0,,0,,0,,4,6,20,12,15,16,6,1,0,5,2,0,1,1,2,2,,0,,1,,0,,1,,0,,0,0,,0,,0,,Yes,Yes,Yes,Yes,No,No,Yes,2075,0,6550,0,January,Traditional,3,0,4580,,,,,
The Atrium at Cardinal Drive,153 Cardinal Dr,Agawam,1001,4138219911,eskerryhastings@benchmarkquality.com,Executive Director,For-profit,No,2,2,0,44,1,Alzheimer's / Dementia,,,,Yes,170,1,0,1,0,45,1,0,1,0,0,0,0,0,0,12,1,0,0,0,192,1,0,36,1,0,0,0,15,1,0,0,0,164,1,0,0,0,140,1,0,1,0,215,1,0,1,0,218,0,0,1,0,197,0,0,1,0,,,,,,,,,,,,,,,,,,,,,,,0,0,0,0,0,0,0,0,0,1,11,0,6,13,0,16,8,0,0,0,0,55,51,48,46,49,51,53,52,53,54,54,54,55,41,39,38,41,43,44,43,44,44,44,44,44,,6,0,0,0,0,55,0,0,55,55,0,55,0,0,,55,,,,,42,,,3,,0,,0,,0,,0,,0,,0,,0,Yes,51,48,46,49,50,52,50,53,53,52,55,55,0,0,0,55,0,0,0,0,Yes,4,4,4,4,4,4,4,5,53,5,5,5,54,54,54,54,54,54,1,0,0,42,12,0,0,55,55,No,,Shopping,Social Events,No,104,27,,3,,10,,2,,2,,0,,5,,0,,0,,0,,16,5,5,5,7,6,3,2,0,0,0,0,0,0,0,7,,2,,1,,2,,1,,0,,3,0,,0,,0,,No,,,,,,Yes,,8990,,17515,,,,,,,,,,
Manor on the Hill,450 North Main Street,Leominster,1453,9785371661,mali@manoronthehill.com,Executive Director,For-profit,No,1,1,57,24,1,Alzheimer's / Dementia,,,,Yes,1124,0,0,1,1,952,0,0,1,1,1020,0,0,1,1,1189,0,0,1,1,1035,0,1,900,0,0,1,1,1661,0,0,1,1,971,0,0,1,1,1016,0,0,1,1,1033,0,0,1,1,1020,0,0,1,1,1263,0,0,1,1,0,0,0,0,0,0,0,0,0,4,4,0,3,19,0,10,16,0,2,1,0,59,0,0,0,0,1,0,0,0,0,0,1,0,1,8,0,1,8,0,0,0,0,20,70,75,76,76,77,80,81,83,84,84,82,81,65,71,71,71,71,74,75,77,78,78,76,73,1,4,0,0,0,0,79,0,0,79,79,0,79,0,0,19,18,61,47,0,1,17,11,0,1,6,4,0,0,0,0,16,8,0,0,0,0,0,0,Yes,8,8,7,7,7,7,7,7,6,6,6,5,35,16,0,2,0,2,24,1,No,,,,,,,,,,,,,58,46,39,12,0,25,16,19,3,12,19,10,0,79,79,No,,,,Yes,106,9,,9,,0,,3,,3,,1,,0,,0,,0,,0,,4,6,2,3,2,4,1,3,0,0,0,0,0,0,0,0,,1,,0,,3,,0,,0,,0,0,,0,,0,,Yes,Yes,Yes,Yes,Yes,Yes,No,1425,1675,9300,10450,,,,,,,,,,
The Delaney at The Vale,300 Began Way,Worburn,1801,781-782-2100,lamirandejohn@delaneyatthevale.com,Executive Director,For-profit,No,2,1,84,36,1,Alzheimer's / Dementia,,,,Yes,,0,0,0,0,,0,0,0,0,,0,0,0,0,,0,0,0,0,,0,0,,0,0,0,0,,0,0,0,0,,0,0,0,0,,0,0,0,0,,0,0,0,0,,0,0,0,0,24,1,1,0,0,0,0,0,0,0,0,0,1,0,5,3,0,2,2,0,1,1,0,0,0,0,15,0,0,0,0,0,0,0,0,0,0,3,0,0,4,0,1,5,0,0,0,0,13,0,0,0,3,8,11,15,16,22,23,22,24,0,0,0,3,8,11,15,16,22,23,22,24,0,0,0,0,0,0,27,1,0,28,28,0,27,1,0,3,11,11,6,0,1,11,11,0,0,0,11,0,0,0,0,0,0,0,0,0,0,0,0,Yes,0,0,0,2,5,8,10,10,14,15,14,15,0,0,3,10,2,0,0,0,Yes,0,0,0,0,0,0,0,0,1,2,2,2,16,13,6,8,2,11,3,5,2,7,0,9,2,28,28,No,Routine Medical Appointments,Shopping,Social Events,Yes,22,1,,1,,0,,0,,1,,0,,1,,0,,1,Hospital/Hospice,0,,3,2,0,0,0,0,0,0,0,0,0,0,0,0,0,0,,0,,0,,0,,1,,0,,1,0,,1,Hospital/Hospice,0,,Yes,Yes,Yes,Yes,Yes,Yes,Yes,8000,11000,12000,12250,April,Elm,3,30,9800,,,,,
Brookdale Cape Cod,790 Falmouth Rd,Hyannis,2601,5087907666,johdul@brookdale.com,Executive Director,For-profit,Yes,2,3,60,20,1,Alzheimer's / Dementia,,,,Yes,10,1,1,0,0,10,1,1,0,0,10,1,1,0,0,10,1,1,0,0,10,1,0,10,1,1,0,0,30,1,1,0,0,30,1,1,0,0,30,1,1,0,0,30,1,1,0,0,30,1,1,0,0,30,1,1,0,0,0,0,0,0,0,0,0,0,0,2,5,0,4,22,0,2,8,0,0,0,0,43,0,0,0,0,0,0,0,0,0,0,0,0,3,8,0,0,4,0,0,0,0,15,42,41,43,39,39,39,41,42,43,43,44,44,42,41,43,39,39,39,41,42,43,43,44,44,0,1,0,0,0,0,0,0,58,58,58,0,0,0,0,18,15,42,42,,,15,15,,,0,14,16,0,,,,,,,0,0,0,0,Yes,18,17,16,16,16,17,17,18,18,18,19,19,19,0,3,15,0,15,28,0,No,,,,,,,,,,,,,28,21,21,19,2,21,4,3,11,12,8,5,15,58,58,No,Routine Medical Appointments,Shopping,Social Events,No,81,7,,6,,3,,0,,2,,0,,0,,1,,0,,0,,0,0,3,11,5,0,0,0,0,0,0,0,0,0,0,0,,0,,0,,0,,0,,0,,0,0,,0,,0,,No,,,,,,Yes,4000,10000,9000,13000,"$4,000.00",,3,0,,"$10,000.00",,3,12,
The Residence at Paine Estates,10 Green Way,Wayland,1778,508-358-0700,apalmieri@lcbseniorliving.com,Executive Director,For-profit,No,2,2,65,10,1,Alzheimer's / Dementia,,,,No,,0,0,0,0,,0,0,0,0,,0,0,0,0,,0,0,0,0,,0,0,,0,0,0,0,,0,0,0,0,,0,0,0,0,,0,0,0,0,,0,0,0,0,,0,0,0,0,,0,0,0,0,0,0,0,0,0,0,0,0,0,0,2,0,8,20,0,9,15,0,1,1,0,56,0,0,0,0,0,0,0,0,0,1,0,0,2,4,0,4,3,0,0,1,0,15,65,66,67,66,65,65,68,69,66,68,72,71,57,59,61,59,61,61,59,60,57,57,61,60,0,5,0,0,0,0,71,0,0,71,71,0,71,0,0,9,15,30,30,0,0,14,10,0,0,0,1,0,0,0,0,0,0,0,0,0,0,0,0,Yes,14,14,13,13,14,14,15,15,15,15,15,15,21,0,0,15,0,0,35,0,Yes,65,66,67,66,65,65,68,69,66,68,72,71,42,39,27,4,27,25,27,6,9,4,4,18,3,71,71,No,Routine Medical Appointments,Shopping,Social Events,Yes,93,7,,3,,1,,0,,8,,1,,0,,1,,1,Dissatisfaction,0,,1,1,3,2,7,4,1,0,0,1,0,0,0,2,0,1,,0,,0,,0,,0,,0,,0,0,,0,,0,,Yes,Yes,Yes,Yes,No,No,Yes,5280,6180,10390,9995,January,Standard,3,0.75,8000,,,,,
Waltham Crossings,126 Smith Street,Waltham,2451,781-466-9912,jlacroix@benchmarkquality.com,Executive Director,For-profit,No,1,2,67,22,1,Alzheimer's / Dementia,,,,No,,0,0,0,0,,0,0,0,0,,0,0,0,0,,0,0,0,0,,0,0,,0,0,0,0,,0,0,0,0,,0,0,0,0,,0,0,0,0,,0,0,0,0,,0,0,0,0,,0,0,0,0,0,0,0,0,0,0,1,0,0,5,6,0,7,17,0,9,9,0,0,3,0,57,0,0,0,0,0,0,2,0,0,1,1,0,3,10,0,3,9,0,0,0,0,29,101,100,100,104,99,95,97,94,93,84,86,86,84,84,84,88,85,81,81,81,80,72,72,71,0,0,0,2,0,0,84,0,0,86,86,0,86,0,0,26,29,62,8,,,29,14,,,2,29,0,0,0,0,0,0,0,0,0,0,0,0,Yes,34,32,36,32,35,38,41,40,40,40,39,39,27,0,4,29,6,0,32,0,No,,,,,,,,,,,,,72,72,53,13,6,62,16,11,9,25,10,8,7,86,86,Yes,Routine Medical Appointments,Shopping,Social Events,No,144,27,,3,,8,,0,,12,,0,,8,,0,,0,,0,,6,3,3,5,17,1,0,0,1,0,2,0,0,0,0,0,,1,,0,,0,,2,,0,,3,0,,0,,0,,No,,,,,,Yes,95,195,275,330,1/2024,standard,3,0,225,3/2024,studio,3,0,280
East Village Place,50 Benton Dr,East Longmeadow,1028,413-525-8150,pcastelli@watermarkcommunities.com,Executive Director,For-profit,No,1,1,30,43,2,Alzheimer's / Dementia,Alzheimer's / Dementia,,,Yes,356,0,0,0,1,217,0,0,0,1,421,0,0,0,1,330,0,0,0,1,431,0,1,738,0,0,0,1,235,0,0,0,1,166,0,0,0,1,264,0,0,0,1,152,0,0,0,1,219,0,0,0,1,190,0,0,0,1,0,0,0,0,1,0,1,0,0,1,1,0,4,10,0,8,6,0,0,0,0,32,0,0,0,0,0,0,1,0,0,1,2,0,5,12,0,2,12,0,0,0,0,35,58,62,60,61,64,63,66,65,65,65,62,62,58,60,59,59,62,60,62,62,61,63,59,60,0,1,0,0,0,0,60,0,7,67,67,0,67,0,0,10,30,32,10,0,0,35,13,0,0,,2,0,0,0,0,0,0,0,0,0,0,0,0,No,,,,,,,,,,,,,20,33,0,0,0,0,12,2,No,,,,,,,,,,,,,50,41,40,8,2,28,8,9,15,12,10,8,5,67,67,No,Routine Medical Appointments,Shopping,Social Events,No,103,16,,12,,3,,3,,0,,1,,1,,3,,1,hospital hospice,0,,7,11,2,4,14,10,1,1,1,0,0,1,0,0,0,2,,1,,0,,3,,0,,0,,0,1,,0,,0,,Yes,Yes,Yes,Yes,,,Yes,5446.2,3765,8449.16,10191.9,MARCH,standard,3,0.75,5495,,,,,
The Branches of Marlboro,421 Bolton Street,Marlborough,1752,508-841-3923,jsacco@benchmarkquality.com,Executive Director,For-profit,No,1,1,44,14,1,Alzheimer's / Dementia,,,,No,,0,0,0,0,,0,0,0,0,,0,0,0,0,,0,0,0,0,,0,0,,0,0,0,0,,0,0,0,0,,0,0,0,0,,0,0,0,0,,0,0,0,0,,0,0,0,0,,0,0,0,0,0,0,0,0,0,0,0,0,0,5,3,0,13,20,0,2,17,0,1,2,0,63,0,0,0,0,2,0,0,0,0,1,3,0,6,7,0,2,6,0,0,1,0,28,81,86,81,86,87,88,91,91,89,88,90,92,51,53,50,53,53,54,56,56,55,54,55,55,17,14,0,1,0,0,90,0,0,91,91,0,0,0,91,17,28,19,56,0,0,28,28,0,1,19,27,0,0,0,0,0,0,0,0,0,0,0,0,Yes,23,28,29,36,35,34,35,37,34,34,38,37,28,0,7,26,7,0,21,3,No,,,,,,,,,,,,,72,58,50,24,9,48,19,9,9,14,17,14,9,91,91,No,Routine Medical Appointments,Shopping,Social Events,No,147,24,0,6,0,12,0,1,0,4,0,0,0,8,0,0,0,0,0,0,0,10,3,6,5,6,2,1,0,0,0,0,0,0,0,0,1,0,0,0,3,0,1,0,0,0,0,0,5,0,0,0,0,0,0,Yes,Yes,Yes,Yes,No,No,Yes,4800,8400,20850,17550,March,one bedroom,3,0,6900,0,0,0,0,0
Whitney Suites at Westborough,1 Lyman Street,Westborough,1581,5083669933,hhough@salmonhealth.com,Executive Director,For-profit,No,3,1,34,0,,,,,,No,,0,0,0,0,,0,0,0,0,,0,0,0,0,,0,0,0,0,,0,0,,0,0,0,0,,0,0,0,0,,0,0,0,0,,0,0,0,0,,0,0,0,0,,0,0,0,0,,0,0,0,0,0,0,0,0,0,0,0,0,0,1,3,0,6,2,0,5,6,0,0,1,0,24,,,,,,,,,,,,,,,,,,,,,,,28,26,24,26,26,27,28,30,26,25,24,24,27,25,23,25,25,26,27,28,24,23,23,24,0,0,0,0,0,0,20,0,4,24,24,0,0,0,24,3,0,24,17,0,0,0,0,0,0,2,0,0,0,0,0,0,0,0,0,0,0,0,0,No,,,,,,,,,,,,,18,0,0,0,0,0,6,0,No,,,,,,,,,,,,,20,10,11,8,0,6,2,4,6,3,4,0,5,24,24,No,Routine Medical Appointments,Shopping,Social Events,Yes,51,11,,10,,1,,5,,0,,0,,0,,0,,0,,0,,8,6,1,0,7,0,2,0,0,1,0,0,0,2,0,3,,4,,0,,1,,0,,0,,0,0,,0,,0,,No,,,,,,Yes,3100,,8360,,April,one bedroom,3,45,8360,,,,,
The Residence at Pearl Street,75 Pearl St,Reading,1867,781-944-9200,ckeough@residencepearl.com,Executive Director,For-profit,Yes,1,1,64,26,1,Alzheimer's / Dementia,,,,Yes,15,1,0,0,0,10,1,0,0,0,,0,0,0,0,,0,0,0,0,,0,0,,0,0,0,0,,0,0,0,0,,0,0,0,0,,0,0,0,0,,0,0,0,0,,0,0,0,0,,0,0,0,0,0,0,0,0,0,0,1,1,0,1,2,0,5,23,0,8,11,0,0,3,0,55,0,0,0,0,0,0,0,0,0,1,3,0,3,5,0,3,9,0,0,1,0,25,94,90,90,92,92,89,88,86,83,83,85,83,88,84,84,86,86,83,83,81,78,78,80,79,1,0,0,0,0,0,80,0,0,80,80,1,79,0,0,5,25,46,,,,24,14,,1,0,0,0,0,0,0,0,0,0,0,0,0,0,0,Yes,31,30,29,30,30,28,32,30,29,28,29,28,25,0,0,27,1,0,27,0,No,,,,,,,,,,,,,32,25,20,21,7,16,47,5,8,3,9,6,2,80,80,No,Routine Medical Appointments,Shopping,Social Events,Yes,101,13,,4,,1,,1,,4,,0,,3,,0,,0,,0,,8,0,1,4,8,1,7,3,1,1,1,0,0,0,0,2,,0,,0,,1,,0,,0,,3,0,,1,Hospice house,0,,Yes,Yes,Yes,Yes,No,No,Yes,8320,8365,13720,22215,2/2024,Traditional,3,0.75,9720,,,,,
The Assisted Living Residences at Hancock Park,164 Parkingway,"Quincy, MA",2169,781-314-8230,smacindewar@banecare.com,Executive Director,For-profit,No,2,1,42,0,,,,,,No,,0,0,0,0,,0,0,0,0,,0,0,0,0,,0,0,0,0,,0,0,,0,0,0,0,,0,0,0,0,,0,0,0,0,,0,0,0,0,,0,0,0,0,,0,0,0,0,,0,0,0,0,0,0,0,1,0,0,4,1,0,3,4,0,5,8,0,1,7,0,0,0,0,34,,,,,,,,,,,,,,,,,,,,,,,33,33,35,36,39,39,37,36,36,36,35,34,33,33,35,36,39,39,37,36,36,36,35,34,0,,0,2,3,0,29,0,0,34,0,0,0,0,0,4,,34,16,,,,,,,0,,0,,0,,13,,0,,0,,0,,No,,,,,,,,,,,,,24,,0,,0,,0,,No,,,,,,,,,,,,,19,5,3,3,0,0,4,7,11,1,0,5,1,29,0,No,,,,Yes,49,8,,4,,1,,0,,0,,1,,0,,0,,0,,0,,1,3,3,0,4,0,0,0,2,0,0,0,0,1,0,1,,0,,0,,0,,0,,0,,0,0,,0,,0,,No,,,,,,Yes,4000,,4900,,January 2024,standard one bedroom,3,1,4600,,,,,
Cedarbrook Village at Ware,73 South Street,Ware,1082,4137585377,krussell@cedarbrookvillage.com,Resident Care Director,For-profit,No,1,1,61,23,1,Alzheimer's / Dementia,,,,Yes,8,0,0,1,0,8,0,0,1,0,40,0,0,1,0,82,0,0,1,0,114,0,0,0,0,0,1,0,0,0,0,1,0,72,0,0,1,0,38,0,0,1,0,8,0,0,1,0,38,0,0,1,0,38,0,0,1,0,0,0,0,0,0,0,0,1,0,4,5,0,12,28,0,2,9,0,0,0,0,61,0,0,0,0,0,0,0,1,0,2,2,0,1,7,0,1,7,0,0,3,0,24,73,73,76,79,78,78,80,79,81,80,83,85,66,66,68,71,70,70,72,72,74,73,74,76,9,1,0,3,1,1,80,0,0,85,85,1,84,0,0,23,19,44,26,0,0,15,14,0,0,0,30,0,0,0,0,3,0,0,0,0,0,0,0,No,,,,,,,,,,,,,55,24,0,0,0,0,6,0,Yes,43,45,45,47,49,49,52,54,55,55,57,57,35,35,35,7,2,33,6,5,9,16,26,21,2,85,85,No,Routine Medical Appointments,Shopping,Social Events,Yes,85,21,0,8,0,2,0,2,0,0,0,0,0,1,0,0,0,0,0,0,0,4,2,5,2,12,8,1,0,0,0,0,0,0,0,0,1,,1,,0,,2,,0,,0,,0,0,,0,,0,,Yes,Yes,Yes,Yes,Yes,Yes,Yes,3425,4150,9080,8960,January,Traditional One Bedroom,3,1,7250,January,Studio,3,1,8375
The Residence at Boylston Place,615 Heath St,Chestnut Hill,2467,6182446400,emahoney@residenceboylstonplace.com,Executive Director,For-profit,No,2,2,81,18,1,,,,,Yes,1552,1,0,1,1,1064,1,0,1,1,1114,1,0,1,1,691,1,0,1,1,597,1,1,573,1,0,1,1,118,1,0,1,0,156,0,1,0,0,191,1,1,0,0,578,1,1,0,0,531,1,1,0,0,3438,1,1,0,0,0,0,0,0,0,0,0,1,0,8,6,0,6,11,0,6,4,0,0,0,0,42,0,0,0,1,1,0,0,1,0,0,2,0,3,4,0,3,2,0,0,0,0,17,61,62,64,64,66,67,72,72,76,80,81,83,61,62,64,64,66,67,72,72,76,80,81,83,8,1,0,0,0,0,0,0,59,59,59,0,0,0,59,6,17,39,19,,1,11,12,,,0,1,0,0,0,0,0,0,0,0,0,0,0,0,Yes,4,4,3,4,4,5,5,4,4,4,4,5,18,0,5,17,0,0,0,0,No,,,,,,,,,,,,,30,28,29,29,3,23,22,7,11,10,5,2,2,59,59,No,Routine Medical Appointments,Shopping,Social Events,Yes,81,6,,3,,1,,3,,1,,0,,0,,1,,0,,0,,6,2,2,1,3,2,1,0,0,0,0,0,0,0,0,1,,1,,1,,3,,0,,0,,0,0,,0,,0,,Yes,Yes,Yes,Yes,No,No,Yes,7062,6700,12390,11745,"9,620",1 bedroom,3,0.45,9620,"10,495",studio,3,2,10495
Prospect House,420 Reservior Ave.,Revere,2151,7818530005,nlevesque@hallkeen.com,Executive Director,For-profit,Yes,1,3,96,13,1,Alzheimer's / Dementia,,,,No,,0,0,0,0,,0,0,0,0,,0,0,0,0,,0,0,0,0,,0,0,,0,0,0,0,,0,0,0,0,,0,0,0,0,,0,0,0,0,,0,0,0,0,,0,0,0,0,,0,0,0,0,0,0,0,1,0,0,7,2,0,13,16,0,6,17,0,3,12,0,0,0,0,77,0,0,0,0,0,0,0,0,0,0,3,0,1,6,0,1,4,0,0,2,0,17,108,108,108,105,107,107,105,100,100,97,93,94,102,102,103,101,102,102,100,95,95,92,91,87,0,5,0,0,0,0,0,0,94,94,94,0,0,0,94,25,18,66,22,0,0,18,8,0,0,0,0,0,0,0,0,53,13,0,0,0,0,0,0,No,,,,,,,,,,,,,69,18,0,0,0,0,25,0,No,,,,,,,,,,,,,73,57,55,10,0,28,9,4,6,12,28,12,23,94,94,No,,Shopping,Social Events,No,94,12,,11,,0,,0,,1,,1,,2,,1,,0,,0,,2,2,1,0,3,6,4,3,3,0,0,0,2,0,2,1,,0,,0,,0,,0,,1,,0,0,,0,,0,,Yes,No,Yes,Yes,Yes,Yes,No,372,372,7600,7400,March,LIHTC,3,1,7600,,,,,
Windrose at Weymouth,670 Main Street,Weymouth,2190,781-331-5555,paraujo@hallkeen.com,Executive Director,For-profit,No,1,2,0,53,1,Alzheimer's / Dementia,,,,Yes,40,1,0,1,0,40,1,0,1,0,40,1,0,1,0,40,1,0,1,0,40,1,0,40,1,0,1,0,40,1,0,1,0,40,1,0,1,0,40,1,0,1,0,40,1,0,1,0,40,1,0,1,0,40,1,0,1,0,,,,,,,,,,,,,,,,,,,,,,,0,0,0,0,0,0,1,2,0,2,8,0,2,12,0,1,14,0,0,2,0,44,48,48,50,50,51,48,52,52,53,53,51,44,48,48,50,50,51,48,52,52,53,53,51,44,0,53,0,0,0,0,44,0,0,44,44,0,44,0,0,,44,0,0,0,0,42,28,0,2,0,0,0,0,0,0,0,19,0,0,0,0,0,0,Yes,48,48,50,50,51,48,52,52,53,53,51,44,0,0,0,44,0,0,0,0,No,,,,,,,,,,,,,44,44,44,42,6,44,0,0,2,10,27,5,0,44,44,No,,,Social Events,Yes,90,19,,18,,0,,0,,2,,0,,7,,0,,0,,0,,2,2,2,3,14,7,6,3,5,0,0,0,0,0,0,2,,0,,0,,0,,0,,0,,0,0,,0,,0,,Yes,Yes,Yes,Yes,Yes,Yes,Yes,0,6603,0,9603,0,0,0,0,0,January,studio,3,60,7995
River Court Assisted Living,"8 W Main St. Groton, Ma 01450",West Groton,1450,9784484122,kcossette@rivercourtresidences.com,Resident Care Director,For-profit,No,1,1,43,16,1,Alzheimer's / Dementia,,,,Yes,360,0,0,1,0,608,0,0,1,0,384,0,0,1,0,568,0,0,1,0,440,0,0,88,0,0,1,0,136,0,0,1,0,280,0,0,1,0,560,0,0,1,0,640,0,0,1,0,744,0,0,1,0,568,0,0,1,0,0,0,0,0,0,0,0,1,0,4,3,0,7,10,0,5,14,0,0,0,0,44,0,0,0,0,0,0,0,0,0,1,3,0,4,7,0,3,4,0,0,1,0,23,67,66,66,66,67,67,65,67,66,66,66,67,59,58,58,58,59,59,57,58,59,58,58,59,0,6,0,0,0,0,67,0,0,67,67,0,0,0,0,10,15,28,35,,1,23,23,,,0,0,0,0,0,0,0,0,0,0,0,0,0,0,Yes,5,5,6,6,6,8,8,8,8,7,12,25,27,0,0,23,2,0,15,0,No,,,,,,,,,,,,,51,39,17,16,7,18,16,9,6,15,8,8,5,67,67,No,Routine Medical Appointments,Shopping,Social Events,Yes,86,15,,3,,0,,1,,1,,0,,0,,0,,0,,0,,2,0,1,0,3,3,4,2,0,3,0,0,0,0,0,1,,0,,0,,1,,0,,0,,0,0,,0,,0,,No,,,,,,Yes,5900,9630,9400,12278,April,one bedroom,3,1,9150,,,,,
East Longmeadow Memory Care,305c Maple St.,East Longmeadow,1028,4135256362,alebeau@integritus1.org,Executive Director,Not-for-profit,No,1,1,0,20,1,Alzheimer's / Dementia,,,,No,,0,0,0,0,,0,0,0,0,,0,0,0,0,,0,0,0,0,,0,0,,0,0,0,0,,0,0,0,0,,0,0,0,0,,0,0,0,0,,0,0,0,0,,0,0,0,0,,0,0,0,0,,,,,,,,,,,,,,,,,,,,,,,0,0,0,0,0,0,0,0,0,0,2,0,0,10,0,0,8,0,0,0,0,20,19,20,20,19,20,20,19,19,19,19,20,20,19,20,20,19,20,20,19,19,19,19,20,20,0,0,0,0,0,0,20,0,0,20,20,0,20,0,0,0,20,0,0,0,0,20,20,0,0,0,20,0,0,0,0,0,0,0,0,0,0,0,0,Yes,5,5,5,6,5,6,5,5,4,4,4,5,0,15,0,0,0,5,0,0,No,,,,,,,,,,,,,20,20,20,16,3,16,0,0,0,16,0,1,3,20,20,No,Routine Medical Appointments,Shopping,Social Events,Yes,8,3,,3,,0,,0,,1,,1,,0,,0,,0,,0,,0,0,3,2,3,0,0,0,0,0,0,0,0,0,0,,,,,,,,,,,,,,,,,,,,No,,,,,,Yes,0,8300,0,9047,0,0,0,0,0,,,,,
Laurel Ridge Senior Living Residences,110 North Main Street,Lanesborough,1237,4134455959,jfhh@verizon.net,Executive Director,For-profit,No,1,1,8,0,,,,,,No,,0,0,0,0,,0,0,0,0,,0,0,0,0,,0,0,0,0,,0,0,,0,0,0,0,,0,0,0,0,,0,0,0,0,,0,0,0,0,,0,0,0,0,,0,0,0,0,,0,0,0,0,0,0,0,1,0,0,1,2,0,2,1,0,0,1,0,0,0,0,0,0,0,8,,,,,,,,,,,,,,,,,,,,,,,8,8,8,8,8,8,8,8,8,8,8,8,8,8,8,8,8,8,8,8,8,8,8,8,0,0,0,0,2,0,6,0,0,8,8,0,8,0,0,0,0,8,8,0,0,0,0,0,0,0,0,2,0,0,0,0,0,0,0,0,0,0,0,No,,,,,,,,,,,,,6,0,0,0,0,0,2,0,Yes,2,2,1,1,1,1,1,1,8,1,1,1,4,3,4,1,0,0,1,0,3,4,0,0,0,8,8,No,Routine Medical Appointments,Shopping,Social Events,No,8,0,,0,,0,,0,,0,,0,,0,,0,,0,,0,,0,0,0,0,0,0,0,0,0,0,0,0,0,0,0,,,,,,,,,,,,,,,,,,,,Yes,No,Yes,Yes,Yes,Yes,No,2400,0,3400,0,,,,,,,,,,
Atria Marina Place,4 Seaport Drive,North Quincy MA,2171,1-617-770-3264,gina.damorebrown@atriaseniorliving.com,Executive Director,Not-for-profit,No,1,1,89,21,1,Alzheimer's / Dementia,,,,No,,0,0,0,0,,0,0,0,0,,0,0,0,0,,0,0,0,0,,0,0,,0,0,0,0,,0,0,0,0,,0,0,0,0,,0,0,0,0,,0,0,0,0,,0,0,0,0,,0,0,0,0,0,0,0,0,0,0,0,1,0,0,0,0,0,0,0,0,0,0,0,2,0,3,0,0,0,0,0,0,0,1,0,0,3,0,2,15,0,0,0,0,0,0,0,21,82,82,84,86,86,88,90,88,84,84,83,81,74,74,76,78,78,80,81,80,76,76,75,73,0,0,0,0,0,0,0,0,0,0,24,0,0,0,0,3,20,35,5,,,20,,,,0,0,1,0,,,,,,,0,0,0,0,No,,,,,,,,,,,,,21,20,0,0,0,0,31,0,No,,,,,,,,,,,,,,,,,,,23,8,3,0,1,0,1,36,24,No,Routine Medical Appointments,Shopping,Social Events,No,79,18,,11,,3,,8,,1,,7,,0,,1,,0,,0,,14,9,0,0,9,0,7,7,0,0,0,0,0,0,1,0,,1,,0,,8,,0,,1,,0,0,,4,Move in Error's,0,,No,,,,,,Yes,4395,8995,8095,10895,january,Deluxe,3,2,6195,January,0,3,1.5,9895
The Inn at Silver Lake,21 Chipman Way,Kingston,2364,7815854101,cmele@wingateliving.com,Executive Director,For-profit,No,1,1,71,15,1,Alzheimer's / Dementia,,,,No,,0,0,0,0,,0,0,0,0,,0,0,0,0,,0,0,0,0,,0,0,,0,0,0,0,,0,0,0,0,,0,0,0,0,,0,0,0,0,,0,0,0,0,,0,0,0,0,,0,0,0,0,0,0,0,0,1,0,2,2,0,1,8,0,4,20,0,3,2,0,0,0,0,43,0,0,0,0,0,0,0,0,0,0,4,0,2,12,0,2,1,0,0,0,0,21,62,62,59,55,62,62,60,62,61,60,62,62,14,15,15,15,15,14,15,15,15,15,15,15,0,11,0,0,0,0,0,0,64,64,64,0,0,0,64,4,21,40,38,0,1,21,21,0,2,0,0,0,0,0,0,0,0,0,0,0,0,0,0,No,,,,,,,,,,,,,47,22,0,0,0,0,17,0,No,,,,,,,,,,,,,61,61,58,23,0,26,17,12,15,15,2,3,0,64,64,No,Routine Medical Appointments,Shopping,Social Events,Yes,42,13,,18,,2,,3,,0,,0,,0,,0,,0,,0,,4,7,7,2,3,6,5,1,0,0,0,0,0,0,0,3,,2,,0,,1,,0,,0,,0,0,,0,,0,,No,,,,,,Yes,5650,7350,7450,10250,1/4/2024,One Bedroom,3,0.45,7450,1/7/24,Shared,3,3,7650
Susan S. Bailis  Assisted Living Community,352 Massachusetts Ave,Boston,2115,617-247-1010,mstadler@hallkeen.com,Executive Director,For-profit,Yes,1,1,82,0,,,,,,Yes,122,0,0,1,0,21,0,0,1,0,24,0,0,1,0,133,0,0,1,0,0,0,0,14,0,0,1,0,8,0,0,1,0,0,0,0,0,0,50,0,0,1,0,8,0,0,1,0,0,0,0,0,0,0,0,0,0,0,0,0,0,0,0,0,1,3,0,10,20,0,9,17,0,4,11,0,1,0,0,76,,,,,,,,,,,,,,,,,,,,,,,78,78,79,75,76,75,74,74,75,79,77,76,76,76,77,74,74,73,72,72,72,76,74,73,0,0,0,4,12,0,59,1,0,76,76,1,75,0,0,19,0,31,8,0,4,0,0,0,0,0,0,5,0,0,0,20,0,0,0,0,0,0,0,No,,,,,,,,,,,,,38,0,0,0,0,0,33,0,No,,,,,,,,,,,,,44,34,2,7,0,8,21,13,23,10,9,0,0,76,76,No,,Shopping,Social Events,No,76,9,,12,,1,,2,,0,,5,,0,,0,,0,,0,,2,3,2,2,8,4,3,2,1,0,0,0,1,0,1,1,,1,,0,,0,,0,,0,,0,0,,0,,0,,Yes,Yes,Yes,Yes,Yes,Yes,Yes,281,0,7500,0,March,1,3,0.45,7500,0,0,0,0,0
Providence House Senior Living Community,180 Corey Road,Brigton,2135,6177310505,agilbert@coreypark.com,Clinical and Regulatory Director,Not-for-profit,Yes,3,2,90,12,1,Alzheimer's / Dementia,,,,Yes,254,0,0,1,0,230,0,0,1,0,260,0,0,1,0,64,0,0,1,0,36,0,0,136,0,0,1,0,56,1,0,1,0,328,1,1,1,0,672,1,1,1,1,186,1,0,1,0,230,0,0,1,0,249,1,0,1,1,0,0,0,0,0,0,3,7,0,14,17,0,13,16,0,3,6,0,0,0,0,79,0,0,0,0,0,0,0,0,0,0,3,0,2,9,0,0,0,0,0,0,0,14,94,92,93,95,96,92,90,91,93,93,93,93,91,89,90,93,92,89,87,89,91,94,91,91,0,2,0,0,8,0,84,0,1,93,93,1,0,0,92,26,13,72,37,0,0,13,13,0,3,0,13,0,0,0,0,48,11,0,0,2,0,0,0,No,,,,,,,,,,,,,50,13,0,0,0,0,30,0,Yes,94,92,93,60,60,60,60,91,93,93,93,93,38,50,9,18,9,15,35,10,22,11,9,3,3,93,93,No,Routine Medical Appointments,Shopping,Social Events,Yes,125,4,,16,,0,,3,,2,,0,,0,,0,,0,,0,,1,0,5,0,5,3,4,2,0,1,0,0,4,0,0,0,,0,,0,,1,,0,,0,,0,0,,0,,0,,No,,,,,,Yes,324,1290,9270,9795,January,standard,3,1,7750,May,Companion,3,1,3575
The Rubin Home Assisted Living,50 Houston Ave,Saugus,1906,781-558-1909,info@therubinhome.com,Other,For-profit,No,1,1,0,11,1,Alzheimer's / Dementia,,,,Yes,500,1,0,1,0,400,1,0,1,0,600,1,0,1,0,800,1,0,1,0,1000,1,0,800,1,0,1,0,800,1,0,1,0,1000,1,0,1,0,1200,1,0,1,0,1200,1,0,1,0,1200,1,0,1,0,1200,1,0,1,0,,,,,,,,,,,,,,,,,,,,,,,0,0,0,0,0,0,0,2,0,2,0,0,2,5,0,1,3,0,0,0,0,15,14,14,13,13,14,14,14,14,13,15,16,16,9,9,9,9,9,9,9,9,9,9,9,9,0,4,0,0,0,0,15,0,0,15,15,0,0,0,15,0,12,0,0,0,0,13,10,0,2,0,1,0,0,0,0,0,0,0,0,0,0,0,0,Yes,14,14,13,13,14,14,14,14,13,15,16,16,0,0,0,15,0,0,0,0,No,,,,,,,,,,,,,15,15,15,14,5,14,0,0,0,0,1,1,13,15,15,No,,,,No,21,5,,0,,1,,0,,0,,0,,0,,0,,0,,0,,0,0,0,0,0,2,1,1,0,1,0,1,0,0,0,,,,,,,,,,,,,,,,,,,,Yes,Yes,Yes,Yes,Yes,Yes,Yes,,4950,0,6550,,,,,,,,,,
Windrose at Woburn,857 Main Street,Woburn,1801,781-935-3333,cborthwick@hallkeen.com,Chief Operating Officer or Chief Financial Officer,For-profit,No,1,2,0,33,1,Alzheimer's / Dementia,,,,Yes,0,0,0,0,0,0,0,0,0,0,0,0,0,0,0,7,0,0,1,0,0,0,0,0,0,0,0,0,0,0,0,0,0,0,0,0,0,0,0,0,0,0,0,99,1,0,0,0,145,1,0,0,0,88,1,0,0,0,,,,,,,,,,,,,,,,,,,,,,,0,0,0,0,0,0,1,1,0,1,6,0,4,12,0,0,9,0,0,0,0,34,34,35,35,35,35,35,35,34,35,35,34,34,33,33,33,33,33,33,32,33,33,32,32,32,0,2,0,1,0,1,32,0,0,34,34,0,0,2,32,0,34,0,0,0,0,17,14,0,2,0,0,0,0,0,0,0,0,0,0,0,0,0,0,Yes,34,35,35,35,35,35,35,34,35,35,34,34,0,0,0,34,0,0,0,0,No,,,,,,,,,,,,,34,34,28,9,5,34,0,0,0,0,18,9,7,34,34,No,,,Social Events,No,69,26,,2,,1,,1,,0,,0,,1,,0,,4,moved to sister community,0,,12,2,3,2,11,1,1,3,0,0,0,0,0,0,0,8,,1,,0,,1,,0,,0,,1,0,,1,,0,,Yes,Yes,Yes,Yes,Yes,Yes,Yes,0,7950,0,9822.6,0,0,0,0,0,January,studio,3,1,8950
Charter Senior Living of Dedham,391 common st,Dedham,2026,7814077711,ed@charterofdedham.com,Resident Care Director,For-profit,No,2,2,85,25,1,Alzheimer's / Dementia,,,,Yes,,0,0,0,0,,0,0,0,0,,0,0,0,0,,0,0,0,0,,0,0,,0,0,0,0,,0,0,0,0,,0,0,0,0,,0,0,0,0,,0,0,0,0,,0,0,0,0,,0,0,0,0,0,0,0,0,0,0,1,0,0,4,5,0,3,18,0,9,2,0,0,0,0,42,0,0,0,0,0,0,0,0,0,2,0,0,4,5,0,3,5,0,0,0,0,19,,,,,,,,,,,,,,,,,,,,,,,,,0,1,2,0,3,0,56,0,0,61,61,0,61,0,0,8,19,10,7,1,1,19,6,0,0,10,18,,,,,6,,,,,,,,Yes,12,12,10,10,10,10,12,12,12,12,12,12,25,0,10,19,5,0,8,1,Yes,,,,,,,,,,,,12,40,37,29,10,2,20,8,8,8,8,16,10,3,61,61,No,Routine Medical Appointments,Shopping,Social Events,Yes,59,6,,2,,0,,6,,2,,0,,2,,0,,0,,0,,0,0,0,0,1,0,0,0,0,0,0,0,0,0,0,1,,0,,0,,0,,0,,0,,2,0,,0,,0,,No,,,,,,Yes,6000,8150,7000,8150,Jan,Traditional,3,80,6500,jan,studio,3,80,8100
Sunrise of Arlington,1395 Massachusetts Avenue,"Arlington, MA",2476,7816432100,Arlingtonma.ed@sunriseseniorliving.com,Executive Director,For-profit,No,1,2,61,34,1,Alzheimer's / Dementia,,,,No,,0,0,0,0,,0,0,0,0,,0,0,0,0,,0,0,0,0,,0,0,,0,0,0,0,,0,0,0,0,,0,0,0,0,,0,0,0,0,,0,0,0,0,,0,0,0,0,,0,0,0,0,0,0,0,0,0,0,3,1,0,4,4,0,5,21,0,8,19,0,1,1,0,67,0,0,0,0,0,0,0,1,0,2,4,0,3,7,0,0,5,0,0,0,0,22,77,79,79,79,81,80,83,85,86,88,88,89,68,68,71,75,74,73,76,72,77,80,79,80,1,4,0,3,0,0,86,0,0,89,89,1,80,8,0,5,22,65,25,0,0,21,13,0,0,5,12,0,0,0,0,0,0,0,0,0,0,0,0,Yes,40,41,40,43,42,42,42,42,43,45,44,45,12,0,30,22,0,0,25,0,No,,,,,,,,,,,,,51,45,35,39,10,41,29,11,8,6,8,6,21,89,89,No,,Shopping,Social Events,Yes,89,12,0,3,0,0,0,4,0,2,0,3,0,4,0,0,0,0,0,0,0,5,0,0,2,11,5,4,1,0,0,0,0,0,0,0,1,0,0,0,0,0,4,0,0,0,0,0,0,0,0,0,0,0,0,No,,,,,,Yes,5566,9641,12683,14233,January,One Bedroom Traditional,3,1,228,June,One Bedroom Traditional,3,1,275
Autumn Glen at Dartmouth,239 Cross Rd,Dartmouth Ma,2747,5089928880,erin@autumnglenatdartmouth.com,Executive Director,For-profit,No,1,3,48,37,1,Alzheimer's / Dementia,,,,Yes,16,0,0,1,0,0,0,0,1,0,0,0,0,1,0,0,0,0,1,0,29,0,0,80,0,0,1,0,0,0,0,1,0,9,0,0,1,0,19,0,0,1,0,6,0,0,1,0,0,0,0,1,0,20,0,0,1,0,0,0,0,0,0,0,1,1,0,2,2,0,7,17,0,3,11,0,0,0,0,44,0,0,0,0,0,0,0,0,0,4,7,0,7,9,0,2,8,0,0,0,0,37,75,75,74,75,75,76,75,76,76,77,79,81,66,66,67,66,71,68,68,66,68,70,71,72,0,4,0,0,0,0,0,0,81,81,81,0,0,0,81,0,37,44,20,0,1,37,32,0,1,2,37,0,0,0,0,0,0,0,0,0,0,0,0,Yes,1,2,2,1,2,2,3,3,3,6,6,5,21,34,2,3,0,0,6,0,No,,,,,,,,,,,,,58,51,41,10,4,36,18,10,10,14,21,4,4,81,81,No,Routine Medical Appointments,Shopping,Social Events,Yes,126,20,,14,,2,,4,,0,,3,,2,,0,,0,,0,,4,6,3,4,14,8,4,1,0,1,0,0,0,0,0,0,,1,,0,,3,,0,,0,,0,0,,0,,0,,Yes,No,Yes,Yes,Yes,Yes,Yes,3730,8005,10760,10490,February,1 bedroom,3,0.45,8125,November,1 bedroom,3,1,10760
White Oak Cottages at Fox Hill Village,6 Longwood Drive,Westwood,2090,7813201999,SCONNELL@WHITEOAKCOTTAGES.COM,Executive Director,For-profit,No,1,1,0,24,2,Alzheimer's / Dementia,Alzheimer's / Dementia,,,Yes,32,1,0,1,0,60,1,0,1,0,62,1,0,1,0,28,1,0,0,0,68,1,0,36,1,0,1,0,64,1,0,1,0,50,1,0,1,0,40,1,0,0,0,32,0,0,1,0,16,1,0,1,0,92,1,0,1,0,,,,,,,,,,,,,,,,,,,,,,,0,0,0,0,0,0,0,0,0,0,1,0,3,7,0,4,5,0,0,2,0,22,24,24,22,24,23,22,24,24,23,22,23,22,24,24,22,24,23,22,24,24,24,24,24,22,0,0,0,1,1,0,20,0,0,22,22,0,22,0,0,0,21,0,0,0,0,23,23,0,0,0,0,0,0,0,0,0,0,0,0,0,0,0,0,Yes,24,24,22,24,23,22,24,24,23,22,23,22,0,0,0,12,0,10,0,0,No,,,,,,,,,,,,,19,18,16,10,4,16,3,0,1,2,8,6,2,22,22,No,Routine Medical Appointments,,Social Events,Yes,29,6,,1,,0,,0,,0,,0,,0,,0,,0,,0,,0,0,0,1,0,1,0,1,2,0,1,0,1,0,0,0,,0,,0,,0,,0,,0,,0,0,,0,,0,,Yes,Yes,Yes,Yes,No,No,Yes,0,13000,0,13000,,,,,,MARCH,STANDARD,3,24,13000
The Woodlands Inn at Edgewood,575 Osgood Street,"North Andover, MA 01845",3865,9787254179,clinehan@edgewoodrc.com,Executive Director,Not-for-profit,No,1,1,10,30,1,Alzheimer's / Dementia,,,,Yes,0,0,0,0,0,0,0,0,0,0,0,0,0,0,0,0,0,0,0,0,0,0,0,0,0,0,0,0,0,0,0,0,0,317,0,0,1,0,397,1,1,1,0,651,1,1,1,0,836,1,1,1,0,623,1,1,1,0,0,0,0,0,0,0,0,0,0,1,0,0,1,3,0,0,2,0,0,0,0,7,0,0,0,0,0,0,0,0,0,0,1,0,0,10,0,3,11,0,0,3,0,28,39,38,39,37,37,38,38,37,37,36,36,35,39,38,39,37,37,38,38,37,37,36,36,35,0,0,0,1,0,0,34,0,0,35,35,0,35,0,0,4,22,9,5,0,0,28,25,0,0,3,25,0,0,0,0,0,0,0,0,0,0,0,0,Yes,0,0,0,0,0,0,0,0,0,0,18,21,3,3,0,6,4,17,0,0,Yes,1,1,1,1,1,1,1,1,1,1,1,1,27,23,22,11,4,14,3,10,9,9,4,0,0,35,35,No,,,Social Events,Yes,45,2,,9,,0,,0,,0,,0,,0,,0,,0,,0,,1,0,0,0,3,4,2,1,0,0,0,0,0,0,0,0,,1,,0,,0,,0,,0,,0,0,,0,,0,,Yes,No,Yes,No,No,No,Yes,4879,4879,9225,10000,January,Single occupancy,3,1,9225,May,Single Occupancy,3,1,10000
New Pond Village,180 Main Street,Walpole MA,2081,5086601555,amanchester@benchmarkquality.com,Executive Director,For-profit,No,1,1,49,15,1,Alzheimer's / Dementia,,,,No,,0,0,0,0,,0,0,0,0,,0,0,0,0,,0,0,0,0,,0,0,,0,0,0,0,,0,0,0,0,,0,0,0,0,,0,0,0,0,,0,0,0,0,,0,0,0,0,,0,0,0,0,0,0,0,0,0,0,0,0,0,0,4,0,10,9,0,15,12,0,0,0,0,50,0,0,0,0,0,0,0,1,0,1,6,0,7,5,0,0,7,0,0,0,0,27,74,75,78,78,77,75,75,78,79,81,75,77,58,60,62,62,63,61,62,62,63,64,61,61,0,12,0,1,0,0,76,0,0,77,77,0,0,0,77,12,27,50,35,0,0,25,22,0,2,36,25,0,0,0,0,0,0,0,0,0,0,0,0,Yes,30,31,31,32,32,32,33,33,34,34,30,31,31,0,5,26,0,0,14,1,Yes,8,8,8,7,7,6,7,7,8,6,6,6,45,32,31,22,11,47,6,15,19,24,6,3,4,77,77,No,Routine Medical Appointments,Shopping,Social Events,No,102,20,,2,,3,,0,,0,,0,,0,,0,,0,,0,,2,1,1,1,3,4,4,2,1,1,0,0,0,5,0,2,,0,,0,,0,,0,,0,,0,0,,0,,0,,Yes,Yes,Yes,No,No,No,Yes,4100,4392,8680,10912,January,Standard,3,0,7285,,,,,
Benchmark Senior Living at The Commons in Lincoln,2 Harvest Circle,Lincoln,1773,7814306705,lroberto@benchmarkquality.com,Executive Director,Not-for-profit,No,2,1,64,32,1,Alzheimer's / Dementia,,,,Yes,153,1,0,0,0,209,1,1,0,0,111,1,0,0,0,52,1,0,0,0,0,0,0,0,0,0,0,0,94,1,0,0,0,87,1,0,0,0,0,0,0,0,0,0,0,0,0,0,0,0,0,0,0,0,0,0,0,0,0,0,0,1,0,0,0,0,0,0,0,0,3,14,0,6,9,0,4,3,0,40,0,0,0,0,0,0,0,0,0,0,0,0,2,8,0,3,10,0,0,2,0,25,67,68,65,69,68,71,69,68,66,66,66,65,61,62,61,62,62,63,61,59,58,59,60,61,0,3,0,0,0,0,0,0,65,65,65,0,0,0,65,6,25,40,40,0,0,,,,0,2,25,0,0,0,0,0,0,0,0,0,0,0,0,Yes,35,34,34,33,35,36,36,36,34,33,34,34,22,0,4,25,4,0,10,0,No,,,,,,,,,,,,,58,53,52,33,12,38,9,4,4,14,11,11,12,65,65,No,Routine Medical Appointments,Shopping,Social Events,Yes,87,17,,3,,1,,0,,1,,0,,0,,0,,0,,0,,0,0,1,1,3,3,4,0,0,6,1,2,0,1,0,,,,,,,,,,,,,,,,,,,,No,,,,,,Yes,5185.68,6057.09,15287.34,19077.09,5/31/2024,Standard,3,,8100,N/A,N/A,,,
Brightview Danvers,50 Endicott Street,Danvers,1923,9787506111,dlawrence@bvsl.net,Executive Director,For-profit,No,1,1,53,24,1,Alzheimer's / Dementia,,,,No,,0,0,0,0,,0,0,0,0,,0,0,0,0,,0,0,0,0,,0,0,,0,0,0,0,,0,0,0,0,,0,0,0,0,,0,0,0,0,,0,0,0,0,,0,0,0,0,,0,0,0,0,0,0,0,0,0,0,0,0,0,1,6,0,7,20,0,5,17,0,0,0,0,56,0,0,0,0,0,0,0,0,0,0,3,0,1,5,0,6,7,0,0,0,0,22,73,70,66,69,71,73,71,72,77,78,76,78,72,69,65,67,69,71,70,71,75,76,74,75,0,0,0,0,0,0,78,0,0,78,78,0,78,0,0,14,22,53,47,,0,22,22,,0,3,22,0,0,0,0,0,0,0,0,0,0,0,0,Yes,13,13,13,14,15,14,15,15,16,16,14,12,26,10,1,12,10,5,9,0,No,,,,,,,,,,,,,56,51,30,23,19,35,9,15,13,8,11,11,11,78,78,No,Routine Medical Appointments,Shopping,Social Events,Yes,106,29,,10,,3,,3,,3,,2,,6,,1,,1,Dissatisfaction,0,,15,10,5,2,7,4,5,4,2,1,1,0,1,1,0,6,,1,,0,,3,,2,,0,,2,1,,0,,0,,Yes,Yes,Yes,Yes,No,No,Yes,5900,9995,11475,12515,February,Traditional AL,3,0.75,10300,January,Studio,3,2.9,11805
Compass on the Bay,1380 Columbia Road,South Boston,2127,6172685450,ccarlson@compassonthebay.com,Business Manager or General Manager,For-profit,No,1,1,0,55,1,Alzheimer's / Dementia,,,,Yes,752,0,0,1,1,784,0,0,1,1,880,0,0,1,0,280,0,0,1,0,761,0,1,608,0,0,1,0,464,0,0,1,0,512,0,0,1,0,440,0,0,1,0,448,0,0,1,0,184,0,0,1,0,312,0,0,1,0,,,,,,,,,,,,,,,,,,,,,,,0,0,0,0,0,0,1,0,0,15,5,0,20,2,0,5,1,0,2,0,0,51,50,53,52,52,52,52,53,53,50,51,51,51,47,51,48,49,50,50,51,52,49,50,50,50,0,34,0,0,0,0,0,0,51,51,51,0,0,0,51,0,51,0,0,0,0,51,51,0,0,0,0,0,0,0,0,0,15,0,0,0,0,0,0,No,,,,,,,,,,,,,0,51,0,0,0,0,0,0,No,,,,,,,,,,,,,46,42,41,24,7,32,4,3,2,9,14,12,7,51,51,No,,Shopping,Social Events,Yes,51,3,,9,,3,,11,,1,,0,,5,,0,,0,,0,,15,4,1,2,2,1,2,1,1,2,1,0,0,0,0,3,,4,,0,,8,,0,,0,,0,0,,0,,0,,Yes,Yes,Yes,Yes,Yes,Yes,Yes,,9450,,10850,,,,,,,,,,
Benchmark at Haverhill,254 Amesbury Rd,Haverhill,1830,978-556-1600,apervier@benchmarkquality.com,Executive Director,For-profit,No,1,1,65,20,1,Alzheimer's / Dementia,,,,Yes,220,0,0,1,0,50,0,0,1,0,0,0,0,0,0,0,0,0,0,0,0,0,0,0,0,0,0,0,0,0,0,0,0,0,0,0,0,0,0,0,0,0,0,0,0,0,0,0,0,0,0,0,0,0,0,0,0,0,0,0,0,0,0,0,3,3,0,2,6,0,8,18,0,12,13,0,0,3,0,68,0,0,0,0,0,0,0,0,0,0,3,0,0,10,0,4,7,0,0,0,0,24,94,95,95,92,92,92,92,91,90,91,91,92,85,86,86,83,84,83,83,82,81,82,82,83,3,1,0,0,0,0,0,0,92,92,92,0,0,0,92,9,23,58,3,3,1,24,2,2,0,4,5,0,0,0,0,0,0,0,0,0,0,0,0,Yes,32,32,33,32,33,35,37,36,38,37,37,39,17,0,15,24,12,0,36,0,Yes,5,5,5,5,5,5,6,6,6,6,7,8,77,54,52,40,12,53,23,6,6,13,14,23,7,92,92,No,Routine Medical Appointments,Shopping,Social Events,Yes,123,18,,5,,4,,0,,0,,0,,0,,0,,0,,0,,4,0,1,2,8,1,0,1,1,0,1,0,0,0,0,1,,1,,0,,0,,0,,0,,2,0,,0,,0,,Yes,Yes,Yes,Yes,No,No,Yes,3930,7800,13290,14400,October,Standard 1 bedroom,3,0.5,7800,October,Standard 1 bedroom,3,1.5,10650
All American Assisted Living at Wareham,300 Rosebrook Way,Wareham,2571,7746780513,scosta@allamericanatwareham.com,Executive Director,For-profit,No,3,2,88,24,1,Alzheimer's / Dementia,,,,Yes,157,1,0,1,0,145,1,1,1,0,231,1,1,1,0,380,1,1,1,0,398,1,0,147,0,0,1,0,164,0,0,1,0,171,1,1,1,0,131,1,1,1,0,22,0,0,1,0,154,1,1,1,0,172,1,1,1,0,0,2,0,0,0,0,3,0,0,9,8,0,11,18,0,8,28,0,0,1,0,88,0,0,0,0,0,0,0,0,0,1,1,0,2,9,0,3,8,0,0,0,0,24,101,106,106,103,101,103,99,107,109,112,112,112,54,56,58,57,58,56,54,55,57,58,58,58,18,9,0,1,1,0,110,0,0,112,112,1,110,1,0,8,23,45,32,,3,24,13,,,0,0,0,0,0,0,0,0,0,0,0,0,0,0,Yes,16,16,13,11,9,8,8,7,7,5,5,5,58,17,3,2,1,3,6,1,No,,,,,,,,,,,,,72,53,40,17,0,44,7,25,33,22,12,13,0,112,112,No,Routine Medical Appointments,Shopping,Social Events,No,112,16,,19,,7,,0,,3,,1,,1,,0,,0,,0,,11,10,9,11,1,4,0,0,0,0,0,0,0,0,0,4,,6,,1,,0,,0,,0,,0,0,,0,,0,,Yes,Yes,Yes,Yes,Yes,Yes,Yes,2841.77,6800,7400,8307,April,Studio,3,1,6500,,,,,
Windsor Place of Wilmington,92 West St,Wilmington,1887,9789882300,klove@windsorplaceofwilmington.com,Business Manager or General Manager,For-profit,No,1,1,57,30,2,Alzheimer's / Dementia,Alzheimer's / Dementia,,,No,,0,0,0,0,,0,0,0,0,,0,0,0,0,,0,0,0,0,,0,0,,0,0,0,0,,0,0,0,0,,0,0,0,0,,0,0,0,0,,0,0,0,0,,0,0,0,0,,0,0,0,0,0,0,0,1,0,0,0,3,0,0,3,0,3,25,0,6,14,0,0,1,0,56,0,0,0,0,0,0,0,2,0,2,3,0,5,13,0,3,15,0,0,1,0,44,95,97,97,94,99,99,100,98,96,101,98,100,77,80,80,78,82,82,83,81,80,87,87,87,0,8,0,0,0,0,0,0,100,100,100,0,0,0,100,25,41,54,34,,1,44,33,,1,2,6,0,0,0,0,0,0,0,0,0,0,0,0,Yes,5,6,5,5,5,6,5,4,4,3,5,5,44,39,1,4,0,1,11,1,No,,,,,,,,,,,,,62,50,54,25,3,58,11,27,29,20,13,0,0,100,100,No,Routine Medical Appointments,Shopping,Social Events,No,141,15,,16,,0,,1,,4,,3,,1,,0,,0,,0,,6,5,3,1,11,5,2,1,4,0,1,0,1,0,0,1,,1,,0,,4,,0,,0,,0,0,,0,,0,,Yes,Yes,Yes,Yes,Yes,Yes,Yes,6075,8200,7975,10200,May,1 bedroom,3,0,6475,Feb,1 bedroom,3,2,9500
The Gables at Winchester,299 Cambridge Street,Winchester,1890,7817561026,rwainhaus@5ssl.com,Executive Director,For-profit,No,1,5,123,0,,,,,,No,,0,0,0,0,,0,0,0,0,,0,0,0,0,,0,0,0,0,,0,0,,0,0,0,0,,0,0,0,0,,0,0,0,0,,0,0,0,0,,0,0,0,0,,0,0,0,0,,0,0,0,0,0,0,0,0,0,0,1,1,0,3,7,0,19,38,0,10,47,0,1,4,0,131,,,,,,,,,,,,,,,,,,,,,,,135,137,135,134,132,134,129,128,129,132,128,131,116,117,116,114,115,114,112,112,111,110,109,108,0,0,0,1,1,0,129,0,0,131,131,1,130,0,0,35,0,68,63,0,0,0,0,0,0,0,0,0,0,0,0,0,0,0,0,0,0,0,0,Yes,11,11,11,12,12,12,12,13,13,13,13,13,39,0,13,0,0,0,79,0,No,,,,,,,,,,,,,81,62,11,21,0,20,60,48,17,5,1,0,0,131,131,No,Routine Medical Appointments,Shopping,Social Events,No,154,24,,4,,0,,10,,3,,0,,0,,0,,1,went to memory care,0,,0,12,2,0,3,7,1,3,6,0,1,2,0,1,0,,,,,,,,,,,,,,,,,,,,Yes,Yes,Yes,Yes,No,No,Yes,6400,0,10900,0,January,Deluxe,3,0,8400,0,0,0,0,0
Sunrise of Burlington,24 Burlington Mall Road,Burlington,1803,781-229-8100,Irene.Andujar@sunriseseniorliving.com,Executive Director,For-profit,Yes,1,1,48,30,1,Alzheimer's / Dementia,,,,No,,0,0,0,0,,0,0,0,0,,0,0,0,0,,0,0,0,0,,0,0,,0,0,0,0,,0,0,0,0,,0,0,0,0,,0,0,0,0,,0,0,0,0,,0,0,0,0,,0,0,0,0,0,0,0,0,0,0,2,2,0,3,5,0,8,11,0,3,13,0,0,2,0,49,0,0,0,0,0,0,0,0,0,2,5,0,4,13,0,0,12,0,0,0,0,36,75,76,73,75,74,73,74,77,83,79,81,85,66,66,64,68,65,63,63,65,71,70,72,74,1,5,0,0,0,0,0,0,85,85,85,0,0,0,85,6,26,31,23,0,0,22,20,0,1,0,0,0,0,0,0,0,0,0,0,0,0,0,0,Yes,22,23,27,27,28,29,32,35,40,41,48,50,19,0,22,32,0,0,14,3,No,,,,,,,,,,,,,67,64,51,56,49,56,19,2,2,2,6,7,47,85,85,No,,Shopping,Social Events,Yes,118,17,,14,,0,,2,,5,,0,,5,,0,,0,,0,,10,8,2,3,5,5,7,11,0,0,1,0,0,0,0,2,,4,,0,,0,,1,,0,,3,0,,0,,0,,Yes,Yes,Yes,Yes,No,No,Yes,4075.84,8790.42,12105.84,12501.25,January,Large Denver unit,3,0,7482.5,February,Small Denver unit,3,0,6570
The Cottages of Dartmouth Village,274 Slocum Road,North Dartmouth,2747,508-999-0404,ed@cottagesofdartmouth.com,Executive Director,For-profit,No,2,3,44,44,3,Alzheimer's / Dementia,Alzheimer's / Dementia,Alzheimer's / Dementia,,Yes,0,0,0,0,0,0,0,0,0,0,0,0,0,0,0,0,0,0,0,0,0,0,0,0,0,0,0,0,0,0,0,0,0,0,0,0,0,0,0,0,0,0,0,0,0,0,0,0,527,1,0,0,0,1054,1,0,0,0,0,0,0,0,0,0,0,1,0,1,5,0,3,8,0,2,5,0,0,1,0,26,0,0,0,0,0,0,0,0,0,1,6,0,8,14,0,1,6,0,0,0,0,36,61,59,61,62,59,58,58,60,64,68,68,62,65,63,62,66,63,62,62,64,68,72,72,66,0,0,0,1,2,0,57,2,0,62,62,0,57,5,0,1,36,20,13,,2,36,18,,,16,36,0,0,0,0,0,0,0,0,0,0,0,0,Yes,45,43,45,46,43,42,42,43,44,50,50,46,10,0,10,36,0,0,6,0,No,,,,,,,,,,,,,52,55,47,16,6,35,4,35,2,2,6,6,7,62,62,No,Routine Medical Appointments,,Social Events,Yes,68,14,,7,,3,,3,,1,,0,,0,,0,,0,,0,,6,5,1,2,5,3,3,2,1,0,0,0,0,0,0,0,,3,,0,,3,,0,,0,,0,0,,0,,0,,No,,,,,,Yes,6845,9545,12545,13645,December 2024,1 Bedroom apartment,3,850,7950,December 2024,Studio,3,1150,11045
Grace Morgan House,489 PROSPECT ST,METHUEN,1844,6034588998,rsitar.grace@gmail.com,Business Manager or General Manager,For-profit,No,1,1,26,0,,,,,,No,,0,0,0,0,,0,0,0,0,,0,0,0,0,,0,0,0,0,,0,0,,0,0,0,0,,0,0,0,0,,0,0,0,0,,0,0,0,0,,0,0,0,0,,0,0,0,0,,0,0,0,0,0,0,0,0,0,0,1,0,0,0,2,0,4,10,0,1,6,0,0,0,0,24,,,,,,,,,,,,,,,,,,,,,,,10,26,26,25,26,25,25,25,25,26,25,24,16,16,16,16,16,16,16,16,16,16,16,16,8,0,0,0,0,0,0,0,24,24,24,0,0,0,24,23,0,22,0,0,2,0,0,0,0,13,0,0,0,0,0,13,0,0,0,0,0,0,0,No,,,,,,,,,,,,,24,0,0,0,0,0,0,0,Yes,4,4,4,4,4,4,4,4,4,4,4,4,24,24,24,1,0,24,0,0,0,0,0,0,24,24,24,No,,,,No,24,1,,5,,0,,0,,1,,0,,0,,0,,0,,0,,1,0,1,0,4,0,1,0,0,0,0,0,0,0,0,0,,0,,0,,0,,1,Other,0,,0,0,,0,,0,,No,,,,,,Yes,1005,0,5400,0,April,Single,3,24,5400,0,0,0,0,0
The Wellington at Springfield,942 Grayson Drive,Springfield,1119,413-426-9868,edmoore@sonidaliving.com,Executive Director,For-profit,No,1,1,72,18,1,Alzheimer's / Dementia,,,,Yes,109,0,0,0,1,0,0,0,0,0,0,0,0,0,0,0,0,0,0,0,0,0,0,218,0,0,0,1,248,0,0,0,1,0,0,0,0,0,0,0,0,0,0,0,0,0,0,0,0,0,0,0,0,0,0,0,0,0,0,0,0,3,0,0,5,7,0,11,13,0,9,14,0,1,5,0,0,1,0,69,0,0,0,0,0,0,1,1,0,2,4,0,2,5,0,1,4,0,0,0,0,20,82,83,98,88,92,90,87,89,88,93,89,93,91,92,96,86,90,88,86,87,86,91,88,92,12,8,0,1,10,0,75,3,0,89,89,3,85,1,0,16,20,32,31,0,0,13,11,0,0,0,4,0,0,0,0,28,11,0,0,0,0,0,0,Yes,9,9,11,11,12,12,13,14,14,12,13,14,43,11,2,7,2,4,12,0,No,,,,,,,,,,,,,58,41,37,11,1,33,22,18,10,8,21,9,1,89,89,No,Routine Medical Appointments,Shopping,Social Events,Yes,187,16,0,28,0,1,0,0,0,0,0,0,0,2,0,0,0,6,Relocation,0,0,12,5,6,4,2,5,9,0,3,3,0,2,2,1,0,2,,6,,1,,0,,0,,0,,1,0,,2,,0,,Yes,Yes,Yes,Yes,No,No,No,3300,3950,6625,6150,February,regular,3,1,3300,March,regular,3,2,4495
Cohen Florence Levine Estates,201  Captains Row,Chelsea,2150,617-887-0826,Kdonnelly@chelseajewish.,Executive Director,Not-for-profit,Yes,1,1,69,0,,,,,,No,,0,0,0,0,,0,0,0,0,,0,0,0,0,,0,0,0,0,,0,0,,0,0,0,0,,0,0,0,0,,0,0,0,0,,0,0,0,0,,0,0,0,0,,0,0,0,0,,0,0,0,0,0,0,0,0,0,0,2,2,0,8,9,0,6,14,0,3,19,0,1,2,0,66,,,,,,,,,,,,,,,,,,,,,,,65,65,68,66,69,69,68,66,65,65,65,66,64,64,67,65,68,68,67,65,64,64,64,65,0,0,0,1,2,0,63,0,0,66,66,1,65,0,0,4,0,42,21,0,1,0,0,0,0,0,0,0,0,0,0,41,0,0,0,0,0,0,0,Yes,8,8,6,7,10,9,9,9,5,7,8,7,26,0,1,0,7,0,32,0,No,,,,,,,,,,,,,56,57,59,0,0,4,4,3,7,38,14,0,0,66,66,No,,Shopping,Social Events,Yes,80,0,,13,,0,,0,,1,moved closer to family,0,,0,,0,,0,,0,,0,1,0,0,1,0,4,2,2,1,2,0,0,2,0,,,,,,,,,,,,,,,,,,,,Yes,Yes,Yes,Yes,Yes,No,No,182,,7165,,January,Studio,3,45,2556,,,,,
Elizabeth Calsey House at Lions Mouth Road,286 Lions Mouth rd,Amesbury,1913,978-388-3752,elizcalsey@comcast.net,Owner,For-profit,No,1,1,26,0,,,,,,No,,0,0,0,0,,0,0,0,0,,0,0,0,0,,0,0,0,0,,0,0,,0,0,0,0,,0,0,0,0,,0,0,0,0,,0,0,0,0,,0,0,0,0,,0,0,0,0,,0,0,0,0,0,0,0,0,0,0,0,0,0,0,6,0,1,10,0,1,4,0,0,1,0,23,,,,,,,,,,,,,,,,,,,,,,,25,23,26,26,24,23,22,21,21,21,21,23,25,23,26,26,24,23,22,21,21,21,21,23,23,,0,0,0,0,0,0,23,23,23,0,0,0,23,8,,20,15,,,,,,,0,,,,,,3,,,,0,,0,,No,,,,,,,,,,,,,20,,0,,0,,0,,No,,,,,,,,,,,,,21,16,6,2,0,2,0,0,0,15,4,4,0,23,23,No,,,,No,29,1,hospice,2,,0,,0,,0,,0,,0,,0,,0,,0,,0,0,0,0,1,2,0,0,0,0,0,0,0,0,0,,,,,,,,,,,,,,,,,,,,Yes,Yes,Yes,,,Yes,Yes,3000,,6700,,,,3,1.5,6200,,,,,
The Reserve at East Longmeadow,741 Parker Street,East Longmeadow,1028,413-224-2200,tferri@reserveateastlongmeadow.com,Other,For-profit,No,2,2,71,32,1,Alzheimer's / Dementia,,,,Yes,52,0,0,1,0,64,0,0,1,0,71,0,0,1,0,0,0,0,0,0,0,0,0,0,0,0,0,0,0,0,0,0,0,0,0,0,0,0,0,0,0,0,0,0,0,0,0,0,0,0,0,0,0,0,0,0,0,0,0,0,0,0,0,0,0,0,0,0,2,0,12,9,0,4,14,0,0,0,0,41,0,0,0,1,0,0,0,1,0,3,6,0,3,10,0,6,8,0,0,0,0,38,72,77,80,81,81,83,86,80,80,79,82,79,69,74,77,78,78,80,84,78,78,78,80,79,0,7,0,0,2,0,77,0,0,79,79,0,79,0,0,3,22,8,6,0,0,23,23,0,0,1,5,0,0,0,0,0,0,0,0,0,0,0,0,Yes,20,21,22,22,23,19,22,22,23,25,28,27,10,0,2,25,0,0,23,0,No,,,,,,,,,,,,,34,37,28,22,5,31,42,6,8,4,10,4,5,79,79,No,Routine Medical Appointments,Shopping,Social Events,Yes,112,20,,7,,3,,0,,1,,1,,0,,0,,1,Care concerns,0,,9,5,1,6,7,0,2,1,1,0,1,0,0,0,0,6,,1,,0,,0,,0,,1,,0,0,,1,Care Concerns,0,,No,,,,,,Yes,3825,5116,6975,7938,May 2024,Traditional,3,0.75,6975,,,,,
Side by Side Assisted Living Residence Veterans Annex,43 West Union Street,Pittsfield,1201,413-443-4274,sidebyside120@yahoo.com,Executive Director,For-profit,No,1,1,20,0,,,,,,No,,0,0,0,0,,0,0,0,0,,0,0,0,0,,0,0,0,0,,0,0,,0,0,0,0,,0,0,0,0,,0,0,0,0,,0,0,0,0,,0,0,0,0,,0,0,0,0,,0,0,0,0,0,0,0,0,0,0,2,0,0,11,0,0,5,0,0,0,0,0,0,0,0,18,,,,,,,,,,,,,,,,,,,,,,,20,20,20,19,20,20,20,20,20,19,19,18,20,20,20,19,20,20,20,20,20,19,19,18,0,0,0,0,0,0,0,0,0,0,18,0,0,0,0,1,0,6,12,0,0,0,0,0,0,0,0,4,,0,,0,,0,,0,,0,,No,,,,,,,,,,,,,15,,0,,0,,3,,No,,,,,,,,,,,,,9,7,15,0,0,1,0,6,8,3,1,0,0,18,18,No,,,,No,20,0,,1,,0,,0,,0,,2,,0,,0,,0,,0,,0,0,0,1,2,0,0,0,0,0,0,0,0,0,0,,,,,,,,,,,,,,,,,,,,Yes,Yes,Yes,Yes,Yes,Yes,Yes,1341,,3800,,January,Traditional,3,2,1341,,,,,
Side By Side Assisted Living,120 Onota Street,Pittsfield,1201,413-443-4274,sidebyside120@yahoo.com,Executive Director,For-profit,No,1,1,43,0,,,,,,No,,0,0,0,0,,0,0,0,0,,0,0,0,0,,0,0,0,0,,0,0,,0,0,0,0,,0,0,0,0,,0,0,0,0,,0,0,0,0,,0,0,0,0,,0,0,0,0,,0,0,0,0,0,0,0,2,3,0,10,12,0,5,4,0,3,3,0,0,1,0,0,0,0,43,,,,,,,,,,,,,,,,,,,,,,,43,43,43,43,42,43,43,43,43,43,42,43,43,43,43,43,42,43,43,43,43,43,42,43,0,0,0,0,0,0,0,0,0,0,43,0,0,0,0,1,0,21,16,0,0,0,0,0,0,0,0,38,,,,,,,,0,,0,,No,,,,,,,,,,,,,41,,0,,0,,2,,No,,,,,,,,,,,,,34,23,36,0,0,2,0,20,11,12,0,0,0,43,43,No,,,,No,43,0,,2,,0,,0,,0,,0,,0,,0,,0,,0,,0,0,0,0,1,0,0,0,0,0,0,0,0,1,0,,,,,,,,,,,,,,,,,,,,Yes,Yes,Yes,Yes,Yes,Yes,Yes,1341,0,3400,0,January,Traditional,3,2,1341,,,,,
The Evergreens,68 Briarwood Circle,Worcester,1606,5088529065,emurphy@briarwoodsl.com,Executive Director,Not-for-profit,No,1,1,0,12,1,Alzheimer's / Dementia,,,,Yes,59,0,0,1,0,44,0,0,1,0,53,0,0,1,0,136,0,0,1,0,61,0,0,38,0,0,1,0,24,0,0,1,0,23,0,0,1,0,0,0,0,0,0,0,0,0,0,0,0,0,0,0,0,17,0,0,1,0,,,,,,,,,,,,,,,,,,,,,,,0,0,0,0,0,0,0,0,0,0,1,0,0,4,0,2,4,0,0,0,0,11,12,12,12,11,12,11,11,12,12,12,11,11,12,12,12,11,12,11,11,12,12,12,11,11,0,0,0,0,0,0,11,0,0,11,11,0,11,0,0,0,11,0,0,0,0,11,10,0,0,0,11,0,0,0,0,0,0,0,0,0,0,0,0,No,,,,,,,,,,,,,0,11,0,0,0,0,0,0,No,,,,,,,,,,,,,10,10,10,0,0,2,1,0,0,8,2,0,0,11,11,No,Routine Medical Appointments,,Social Events,No,17,0,,5,,0,,0,,1,,0,,0,,0,,0,,0,,0,0,1,1,4,0,0,0,0,0,0,0,0,0,0,0,,0,,0,,0,,0,,0,,0,0,,0,,0,,Yes,Yes,Yes,Yes,Yes,Yes,Yes,0,7549,0,9150,,,,,,,,,,
Nashoba Park,15 Winthrop Ave,Ayer,1432,978-772-0707,jbagdonas@nashobapark.com,Executive Director,For-profit,Yes,1,2,73,0,,,,,,Yes,196,0,0,0,0,384,0,0,0,0,383,0,0,0,0,257,0,0,0,0,48,0,0,120,0,0,0,0,136,0,0,0,0,225,0,0,0,0,240,0,0,0,0,169,0,0,0,0,200,0,0,0,0,210,0,0,0,0,0,0,0,0,1,0,0,2,0,2,12,0,6,25,1,5,16,1,0,2,0,73,,,,,,,,,,,,,,,,,,,,,,,64,62,61,63,65,71,71,70,71,73,74,73,63,61,60,63,64,69,69,68,69,71,72,71,0,,0,0,0,0,73,0,0,73,73,0,0,0,73,8,,25,22,,0,,,,,0,,9,,0,,0,,0,,0,,0,,No,,,,,,,,,,,,,51,,0,,0,,22,,No,,,,,,,,,,,,,43,41,25,17,4,24,26,8,9,8,9,10,3,73,73,No,Routine Medical Appointments,Shopping,Social Events,Yes,,7,,13,,1,,8,,0,,0,,3,,1,,0,,0,,16,3,4,1,4,3,6,1,0,0,1,0,0,0,0,0,,0,,0,,16,,0,,0,,0,0,,0,,0,,Yes,Yes,Yes,Yes,No,No,Yes,1341,,9891,,3/15/2024,traditional,2,1,8350,0,0,0,,0
Glen at Grove Manor,180 Grove St,Braintree,2184,(781) 843-3700,dfranchifederico@franchihc.com,Executive Director,For-profit,No,1,1,20,0,,,,,,Yes,12,1,0,0,1,11,1,0,0,1,7,1,0,0,1,5,1,0,0,1,6,1,1,7,1,0,0,1,8,1,0,0,1,4,1,0,0,1,10,1,0,0,1,11,1,0,0,1,8,1,0,0,1,6,1,0,0,1,1,0,0,0,0,0,0,1,0,2,1,0,4,6,0,0,1,0,0,0,0,16,,,,,,,,,,,,,,,,,,,,,,,8,8,8,11,11,11,10,10,10,11,16,16,7,7,8,10,10,10,9,9,9,10,14,14,0,0,0,0,0,0,0,0,16,16,16,0,0,0,16,0,0,3,1,0,0,0,0,0,0,0,0,0,0,0,0,0,0,0,0,0,0,0,0,Yes,0,0,0,0,0,0,0,0,0,0,0,0,6,0,0,0,0,0,10,0,No,,,,,,,,,,,,,10,10,7,2,5,7,5,0,3,0,2,3,3,16,16,No,Routine Medical Appointments,Shopping,Social Events,Yes,17,0,,0,,0,,0,,0,,0,,1,,0,,0,,0,,0,0,0,0,0,1,0,0,0,0,0,0,0,0,0,,,,,,,,,,,,,,,,,,,,Yes,Yes,Yes,Yes,Yes,Yes,Yes,4903,,6657,,March,Independant,3,1,5724,,,,,
The Arbors at Westfield,40 Court Street,Westfield,1085,4135620001,jbennett@arborsassistedliving.com,Executive Director,For-profit,Yes,3,1,80,10,1,Alzheimer's / Dementia,,,,Yes,96,0,0,1,0,32,0,0,1,0,0,0,0,0,0,0,0,0,0,0,0,0,0,0,0,0,0,0,0,0,0,0,0,0,0,0,0,0,0,0,0,0,0,0,0,0,0,0,0,0,0,0,0,0,0,0,0,0,0,0,0,0,0,0,0,1,0,4,7,0,6,22,0,5,19,0,1,1,0,66,0,0,0,0,0,0,0,0,0,0,2,0,0,3,0,1,5,0,0,0,0,11,76,79,78,77,76,77,79,81,82,83,83,81,74,76,75,74,73,74,75,77,78,79,80,78,1,1,0,0,0,0,0,0,77,77,77,0,0,0,77,30,11,63,37,0,0,11,11,0,0,0,1,9,2,0,0,4,0,0,0,0,0,0,0,No,,,,,,,,,,,,,48,11,0,0,0,0,22,0,No,,,,,,,,,,,,,67,59,22,0,0,14,0,21,31,11,14,0,0,77,77,No,,Shopping,Social Events,Yes,106,10,,10,,0,,4,,2,,0,,2,,0,,0,,0,,6,5,1,2,4,3,3,1,1,1,0,1,0,0,0,1,,0,,0,,3,,0,,0,,2,0,,0,,0,,Yes,Yes,Yes,Yes,Yes,Yes,Yes,1075,6800,8950,9400,February,Tax Credit,3,1,5300,January,Market,3,2,9400
The Arbors at Chicopee,929 Memorial Drive,Chicopee,1020,4135930088,rwaugh@arborsassistedliving.com,Executive Director,For-profit,Yes,3,3,80,10,1,Alzheimer's / Dementia,,,,Yes,314,0,0,1,0,374,0,0,1,0,389,0,0,1,0,232,0,0,1,0,208,0,0,128,0,0,1,0,104,0,0,1,0,168,0,0,1,0,181,0,0,1,0,154,0,0,1,0,108,0,0,1,0,24,0,0,1,0,0,0,0,0,0,0,0,0,0,2,10,0,4,22,0,4,20,0,1,2,0,65,0,0,0,0,0,0,0,0,0,1,3,0,3,6,0,0,0,0,0,0,0,13,79,80,82,83,82,81,74,78,83,82,79,80,77,78,79,80,79,78,72,76,81,80,77,77,2,1,0,0,0,0,0,0,78,78,78,0,0,0,78,32,13,57,50,0,0,13,13,0,0,0,0,5,2,0,0,3,0,0,0,0,0,0,0,No,,,,,,,,,,,,,51,13,0,0,0,0,14,0,No,,,,,,,,,,,,,51,45,24,0,0,9,15,22,25,7,9,0,0,78,78,No,,Shopping,Social Events,Yes,121,5,,14,,0,,6,,1,,1,,1,,0,,3,Moved to Hospice House,0,,6,3,1,2,1,4,2,2,1,2,1,1,0,0,0,0,,1,,0,,5,,0,,0,,0,0,,0,,0,,Yes,Yes,Yes,Yes,Yes,Yes,Yes,1033,2673,9390,8030,January,Tax credit,3,1,4600,January,Market,3,2,8000
Monastery Heights Senior Living and Memory Care,110 Monastery Heights,West Springfield,1089,4137811282,,Executive Director,For-profit,Yes,1,1,105,18,1,Alzheimer's / Dementia,,,,No,,0,0,0,0,,0,0,0,0,,0,0,0,0,,0,0,0,0,,0,0,,0,0,0,0,,0,0,0,0,,0,0,0,0,,0,0,0,0,,0,0,0,0,,0,0,0,0,,0,0,0,0,0,0,0,0,1,0,4,4,0,9,14,0,9,14,0,2,7,0,0,2,0,66,0,0,0,0,0,0,0,0,0,1,6,0,1,10,0,0,3,0,0,1,0,22,94,90,95,94,94,94,90,87,88,85,86,88,80,82,83,84,85,83,81,79,81,76,77,68,3,4,0,1,1,1,65,3,17,88,88,1,67,3,17,5,13,39,32,0,1,13,10,0,3,39,13,0,0,0,0,45,10,0,0,0,0,0,0,No,,,,,,,,,,,,,50,19,0,0,0,0,19,0,No,,,,,,,,,,,,,71,48,25,0,0,22,15,22,23,14,14,0,0,88,88,No,Routine Medical Appointments,Shopping,Social Events,Yes,,0,,24,,1,,4,,6,,0,,2,,0,,0,,0,,4,7,6,3,15,24,14,4,0,2,3,3,9,0,0,0,,0,,0,,4,,0,,0,,0,0,,0,,0,,No,,,,,,Yes,3000,2225,5145,3735,04/02/2019,private pay,3,0,5145,0,0,0,0,0
The Arbors at Stoneham,140 Franklin Street,Stoneham,2180,7814351958,aharding@arborsassistedliving.com,Chief Operating Officer or Chief Financial Officer,For-profit,No,3,1,58,26,1,Alzheimer's / Dementia,,,,Yes,124,1,0,0,0,73,1,0,0,0,19,1,0,0,0,0,0,0,0,0,0,0,0,0,0,0,0,0,0,0,0,0,0,0,0,0,0,0,0,0,0,0,0,0,0,0,0,0,0,0,0,0,0,0,0,0,0,0,0,0,0,0,0,0,1,0,0,3,5,0,2,15,0,1,8,0,0,4,0,39,0,0,0,0,0,0,0,0,0,2,5,0,1,8,0,2,6,0,0,1,0,25,73,68,63,63,60,59,60,60,58,63,63,64,68,65,60,60,58,57,58,59,57,61,61,62,0,1,0,0,0,0,0,0,64,64,64,0,0,0,64,19,24,29,19,0,0,25,17,0,0,0,0,0,0,0,0,0,0,0,0,0,0,0,0,Yes,5,5,5,5,5,5,66,6,6,7,7,7,19,18,1,6,0,0,19,1,No,,,,,,,,,,,,,48,40,37,0,1,19,15,12,7,10,19,1,0,64,64,No,,Shopping,Social Events,Yes,95,12,,8,,3,,3,,2,,2,,0,,0,,0,,0,,8,1,2,3,9,5,0,1,0,1,0,0,0,0,0,3,,1,,1,,3,,0,,0,,0,0,,0,,0,,Yes,Yes,Yes,Yes,Yes,No,Yes,6125,5545,10695,11954,January,Market,3,1,8050,February,Market,3,2,9674
Allerton House at Proprietors Green,10 Village Green Way,Marshfield,2050,781-834-7885,tbell@proprietorsgreen.com,Clinical and Regulatory Director,For-profit,No,1,1,46,24,1,Alzheimer's / Dementia,,,,Yes,128,0,0,1,0,176,0,0,1,0,136,0,0,1,0,56,0,0,1,0,16,0,0,8,0,0,1,0,64,0,0,1,0,128,0,0,1,0,32,0,0,1,0,32,0,0,1,0,16,0,0,1,0,40,0,0,1,0,0,0,0,0,0,0,0,0,0,0,10,0,6,18,0,3,7,0,0,0,0,44,0,0,0,0,0,0,0,0,0,2,4,0,3,8,0,0,7,0,0,0,0,24,73,68,68,67,63,63,65,63,63,71,72,71,68,64,64,63,60,61,63,61,61,69,70,69,0,0,0,0,0,0,57,2,9,68,68,0,0,0,68,28,24,48,28,0,0,24,18,0,0,5,3,0,0,0,0,0,0,0,0,0,0,0,0,Yes,14,13,12,14,13,13,12,9,10,10,9,9,33,18,3,6,0,0,11,0,No,,,,,,,,,,,,,53,56,50,37,0,46,6,8,3,8,10,33,0,68,68,No,Routine Medical Appointments,Shopping,Social Events,Yes,108,22,,7,,1,,0,,2,,1,,2,,0,,0,,0,,2,3,4,5,7,6,3,1,4,0,0,0,0,0,0,0,,0,,0,,0,,1,,0,,1,0,,0,,0,,Yes,No,Yes,Yes,Yes,Yes,Yes,8430,11555,9600,11555,January,1 bedroom,3,1,9485,,,,,
Allerton House at The Village at Duxbury,290 Kingstown Way,Duxbury,2332,781-585-2334,lkramer@villageatduxbury.com,Clinical and Regulatory Director,For-profit,No,1,1,34,0,,,,,,Yes,443,0,0,1,1,499,0,0,1,1,448,0,0,1,1,416,0,0,1,1,486,0,1,418,0,0,1,1,342,0,0,1,1,260,0,0,1,0,208,0,0,1,0,233,0,0,1,0,338,0,0,1,0,370,0,0,1,0,0,0,0,0,0,0,0,0,0,0,1,0,5,13,0,5,7,0,0,1,0,32,,,,,,,,,,,,,,,,,,,,,,,30,31,31,27,27,28,27,30,32,32,32,32,29,30,30,25,25,25,24,26,29,29,29,29,0,0,0,0,0,0,32,0,0,32,32,0,0,0,32,5,0,49,40,0,0,0,0,0,0,0,0,0,0,0,0,0,0,0,0,0,0,0,0,No,,,,,,,,,,,,,16,0,0,0,0,0,16,0,Yes,3,2,2,3,2,1,3,6,3,4,4,6,15,14,10,0,0,3,11,6,7,6,2,0,0,32,32,No,Routine Medical Appointments,Shopping,Social Events,Yes,55,6,,10,,0,,0,,0,,0,,1,,0,,0,,0,,1,0,0,1,1,7,2,1,1,0,1,0,1,1,0,1,,0,,0,,0,,0,,0,,0,0,,0,,0,,Yes,Yes,Yes,Yes,Yes,Yes,Yes,10177,0,10177,0,February,Deluxe,3,1,10177,,,,,
Allerton House at Central Park,43 School House Road,Weymouth,2188,781-335-8886,tnolan@welchhrg.com,Clinical and Regulatory Director,For-profit,No,1,1,80,16,1,Alzheimer's / Dementia,,,,No,,0,0,0,0,,0,0,0,0,,0,0,0,0,,0,0,0,0,,0,0,,0,0,0,0,,0,0,0,0,,0,0,0,0,,0,0,0,0,,0,0,0,0,,0,0,0,0,,0,0,0,0,0,0,0,0,0,0,0,1,0,2,13,0,14,21,0,9,13,0,0,1,0,74,0,0,0,0,0,0,0,1,0,0,1,0,2,7,0,0,5,0,0,0,0,16,95,93,96,95,97,92,92,89,90,89,91,90,83,83,85,86,87,85,85,87,86,85,84,86,0,0,0,0,0,0,0,0,90,90,90,0,0,0,90,22,13,42,42,0,1,12,9,0,0,0,0,0,0,0,0,0,0,0,0,0,0,0,0,Yes,0,0,0,0,0,0,0,2,3,3,3,3,32,16,0,0,3,0,39,0,No,,,,,,,,,,,,,50,48,38,19,0,26,31,16,5,15,5,18,0,90,90,No,Routine Medical Appointments,Shopping,Social Events,Yes,132,14,,20,,1,,2,,0,,0,,6,,0,,2,Not disclosed/Unknown,0,,6,7,4,4,7,9,7,1,1,0,0,0,0,0,0,0,,3,,0,,2,,0,,0,,1,0,,0,,0,,Yes,Yes,Yes,Yes,Yes,Yes,Yes,6800,11025,11240,12400,January,standard,3,1,6800,,,,,
Whitney Place at Westborough,5 Lyman Street,Westborough,1581,5088364364,hhough@salmonhealth.com,Executive Director,For-profit,No,3,2,14,46,1,Alzheimer's / Dementia,,,,No,,0,0,0,0,,0,0,0,0,,0,0,0,0,,0,0,0,0,,0,0,,0,0,0,0,,0,0,0,0,,0,0,0,0,,0,0,0,0,,0,0,0,0,,0,0,0,0,,0,0,0,0,0,0,0,0,0,0,1,0,0,1,0,0,3,8,0,0,1,0,0,0,0,14,0,0,0,0,0,0,0,0,0,1,3,0,6,18,0,5,12,0,0,0,0,45,59,58,60,60,58,54,53,56,55,59,60,59,57,56,58,57,56,52,55,54,53,57,58,55,0,0,0,0,0,0,55,0,4,59,59,0,0,0,59,3,40,13,12,0,0,46,46,0,0,0,14,0,0,0,0,1,1,0,0,0,0,0,0,No,,,,,,,,,,,,,11,44,0,0,0,0,1,2,No,,,,,,,,,,,,,54,53,43,18,0,41,3,3,5,8,24,16,0,59,59,No,Routine Medical Appointments,Shopping,Social Events,Yes,94,17,,14,,3,,1,,0,,1,,0,,0,,0,,0,,8,4,4,2,7,6,4,0,1,0,0,0,0,0,0,3,,4,,0,,1,,0,,0,,0,0,,0,,0,,Yes,Yes,Yes,Yes,No,No,Yes,3430,3259.13,10846,9850,August,One Bedroom,3,45,8360,April,One Bedroom,3,2,9850